Japanese Name,English Name,Id,Adjusted Id,Male Icon,Female Icon,Cast Icon,Normal Quality,High Quality,Normal Quality RP,High Quality RP,Linked Inner,HQ Linked Inner,Sounds,Cast Sounds,Material Anim,Material Anim Ex,Hand Textures,HQ Hand Textures
シャギーマッシュ,Shaggy Mushroom,100010,0,c9e9f1f3cd5be0b3ed302ad5cc388f4b,,,c829141cb3783a811b0859061ecb2f20,,,,,,,,,,,
￥アッシュの髪(α２)NPC用,,100019,0,,,,d24cb8920b42b168cfa1e3a689a6f937,,,,,,,,,,,
,,100020,0,815de9bd412345a598558cd5fed7f987,,,3974055e6131b7c03e3a600ca6bb1f86,,,,,,,,,,,
N-アルミュールヘアー,N-Armeure Hair,100030,0,b8b7bde5e5a09be4e2a666118f51cb25,,,57c5747de9f8010eccc554900d314834,,,,,,,,,,,
シェイブドヘッド,Shaved Head,100040,0,8a72658f048530c9ce25ddeb2e45ffb9,,,60f39a28b978112eecf45828f1272ed4,,,,,,,,,,,
プリムラロング,Primula Long,100050,0,2270ca2796d6bf441b770e9ee539ee17,,,fa36624f09c16b1488f5a500d8707fd7,,,,,,,,,,,
プリムラロング/B,Primula Long/B,100051,0,4abae38c37cf5c412bea19c9692cd804,,,07ef25c3c618bb9b785ab9cb76ff32ef,,,,,,,,,,,
メッシュヘアー,Mesh Hair,100070,0,726ad0fc5825832a302dfe1f20cb7a67,,,6a8235164efe10e1580c7954c981a487,,,,,,,,,,,
￥Newスウの髪NPC用,,100079,0,,,,32c7251fa06f8baecee40f00c5de633b,,,,,,,,,,,
マノニカヘアー,Manonica Hair,100080,0,be51313fba8e86ee96ff96f1cbfcfbb0,,,88e97fce50e18ea595f9380ab3d0634d,,,,,,,,,,,
￥[NPC]マノン髪,,100089,0,,,,66cf52000f896181a280515a1cf5bbc1,,,,,,,,,,,
ディアーレヘアー,Di Allez Hair,100090,0,e719ee11d0165091190bb9a60ae67271,,,0c7a9dd28e6615beba5560446be3f5b0,,,,,,,,,,,
グロッシーロング,Glossy & Long,100100,0,c070e1de20fbe8db1bb0943e758a7f62,,,a445a0d60ceca4a38b1c912624ff82ac,,,,,,,,,,,
￥ルピカの髪NPC用,,100109,0,,,,180588169a5764d062e6291dcf21c126,,,,,,,,,,,
オペラーテショート,Operatii Short,100110,0,9a8ee124c4596cf449159f0660a12e7f,,,34468e5f1fb0d76e22ed579f38571908,,,,,,,,,,,
オペラーテショート/B,Operatii Short/B,100111,0,68df00f007d8e9ecea0d370c1b7068af,,,daf63a318c2c04465bbbf96c86947321,,,,,,,,,,,
￥[NPC]ラン髪,,100119,0,,,,8e6ce8fc4c5000656742a4b797c63b25,,,,,,,,,,,
フォードリネージヘアー,Zenischief Hair,100120,0,dd3c02a403725ef932a98a47016f3236,,,f097d227b958cad1a140f5abca389a20,,,,,,,,,,,
￥[NPC]セントラルリーダー髪,,100129,0,,,,05a6b6d33774e1d5c8d8f3b6b041f838,,,,,,,,,,,
セイザンヘアー,Seizan Hair,100130,0,faff677b8b6272a3bb2b2824d5177b29,,,f03a696a915d922afc5d9b25380469d5,,,,,,,,,,,
ディアーレ・ヘッド/B,Di Allez Head/B,100140,0,49ca9e3ef4c665d3ad29f7c812931ecf,,,ab491a6e7b9ac01eabecba1d15fe1186,,,,,,,,,,,
アイノサクネヘアー,Ainblum Hair,100150,0,9c25153702a7a6bcdfe045d52d7967b9,,,b2847db3c01bb8ccc9ebb49cdc048da3,,,,,,,,,,,
￥アイナNPC　髪型,,100159,0,,,,31e1beedb405ebe0bf91438353301272,,,,,,,,,,,
N-ポニーテール,N-Ponytail,100160,0,0fba2e205049dec50c8ac126f72cc400,,,7a7760397f31635b896bfba148ba08a2,,,,,,,,,,,
N-カジュアルポニー,N-Casual Ponytail,100170,0,13e14bf72b88174031d3789473325a70,,,2acb1e05d24b6b5b1b92bd312c433f96,,,,,,,,,,,
N-ラフツインテール,N-Rough Pigtails,100180,0,e3687e66da9d9e3b0db88737638c8c89,,,8295d75dfd3e20bc19ee6fa61f50dce0,,,,,,,,,,,
イオニテルヘアー,Iotic Hair,100190,0,75fe928d9fd44bc199b65478d5392233,,,b82fa5e5612d3259270b0d64b35520bc,,,,,,,,,,,
N-ツインアップ,N-Double Updo,100200,0,835c2251f01825f76ecb1c78db765d13,,,149dcde10bdc889d868e01c02d5ff058,,,,,,,,,,,
N-ツインアップ/B,N-Double Updo/B,100201,0,41a1714c04d1cd223adefb40ce61d256,,,f5f343eefaefd8a965da5de5fa9419b4,,,,,,,,,,,
N-ミディアムエッジ,N-Medium Edgy,100210,0,be7a54e93b6ca1c37e6640c5ce2225f8,,,23c473bfbdb4016edb617190349af387,,,,,,,,,,,
N-ショートストレート,N-Short & Straight,100220,0,a864d054c851f7188d1c84f9e16d5080,,,0e8089b16df032495a1d8a20ba4ef07e,,,,,,,,,,,
ガローリアンヘアー,Garorian Hair,100230,0,07d5752f4adbfb2e4b052cd1e017b501,,,886446f0bfc1006679c5fab42ff94918,,,,,,,,,,,
￥ガロア①筋骨隆々NPC　ヘア,,100239,0,,,,ce8eeb099999362133d9ed25a82e05e5,,,,,,,,,,,
N-目隠しショートヘア,N-Side Fringe Short Hair,100240,0,745771d61f03cfa04765186f7af33895,,,e5897b4b72413ae1b3add2d9e2d23ff9,,,,,,,,,,,
N-カースドレイヤー,N-Cursed Layer,100250,0,83594f74ff8fe1a332b5d0b1b274752d,,,bde6a87370e7d4b56290eea6eee2ed78,,,,,,,,,,,
ハイネテラーミディアム,High Neteller Medium,100260,0,2d9c7f1d7f858c1925e944837398173d,,,3080a482a8cebd8a8c6c525366abebd2,,,,,,,,,,,
N-カースドフード,N-Cursed Hood,100270,0,4ede99c7c2c20511ac23aea19ad71fe8,,,cff249c613603854acf37fe2d8708d5a,,,,,,,,,,,
N-エターナルFレイヤー,N-Eternal Form Layered,100280,0,5d19edfd8d617b58ff82677ea84c1840,,,70260754ad68d2a0f6b42281cc16daaa,,,,,,,,,,,
マギスルヘアー,Magisul Hair,100290,0,5a43e0140b3a419f81fa390cfb7fcb97,,,549ea3dacb1f78ab7e45e380e38ff7c7,,,,,,,,,,,
デルフィーナヘアー,Delphina Hair,100300,0,562426f07f116dcdd405aeadb865f44b,,,1595b84b7deadb389eb382078321bbed,,,,,,,,,,,
ミーネスヘアー,Miness Hair,100310,0,ca2d3a9a13c3db101c739f9e7376dd46,,,ef69eb32883a7314578fab295f8ff00a,,,,,,,,,,,
N-アナザーストレートロング,N-Long & Straight Alt,100320,0,5eb62c7cc7066c8fab7000fe9563c62c,,,477adab640e9b94011f4a3a30e309680,,,,,,,,,,,
N-ポニーテール/B,N-Ponytail/B,100330,0,7c0ca91f60b2542a98c9db60b22f36e0,,,2673454213fd55e142e0bbb83202b55c,,,,,,,,,,,
スティルクヘアー,Stylk Hair,100340,0,1b5f47b54728539a4790106c0e5b37c1,,,1b08044562212de325d6a126613f04dc,,,,,,,,,,,
ヴァルキスヘアー,Valkyz Hair,100350,0,139ada56435bf7215a20bfc7f660a36e,,,83c92d545789e4d028bd72ee220c3dfd,,,,,,,,,,,
,,100359,0,,,,,,,,,,,,,,,
オペラーテカット,Operatii Cut,100360,0,07af383f286f955e18d1c76901e5deb6,,,ca7a3350e79633c2e3c9f8c18442d553,,,,,,,,,,,
ボーアヘアー,Boa Hair,100370,0,9a60ee2968ace9fad964b2924d613461,,,af81b720d61b6945c14217c9e6280066,,,,,,,,,,,
ナチュールカット,Natural Cut,100380,0,4c7f50bb5ea6e6a575343550dd6de441,,,9b69cdf961632b783b7ef85ae474c7df,,,,,,,,,,,
チェルカヘアー,Cerca Hair,100390,0,947d9b9aba27e3b4e32e2cd32bbc6cf6,,,41615ff7eafd724adb5f298f485a56b3,,,,,,,,,,,
レイフットヘアー,Rayfoot Hair,100400,0,bc56c593c9db5927521161b05bfdc620,,,8ad3f139cafedfe7980dd62ec8022f3d,,,,,,,,,,,
コルセロヘアー,Corsero Hair,100410,0,d552455365907ed50481677f02dd6987,,,ef21ff0b13c878bb3075474017791ed8,,,,,,,,,,,
クーヴェルマスク,Cober Mask,100430,0,62883abefbdd595a0d630d1cc8928758,,,1e5f25c18c91d35192ee6427b52455ce,,,,,,,,,,,
クーヴェルマスク/B,Cober Mask/B,100431,0,e1c24312433f844e0aa082f0f5f810df,,,25d040fa0d5ba449af3be7b6520577ae,,,,,,,,,,,
ウェットロング,Wet & Long,100450,0,2d150c68c8351e4f61386bc068af5eee,,,e060729af47e72ba730742466464f879,,,,,,,,,,,
ナチュールツイン,Natural Twin,100470,0,e413fe6f3c0ec0e27e51bd49b569d57e,,,046a60fc8ed0bee631b86aba85cb5a03,,,,,,,,,,,
ナチュールヘアー,Natural Hair,100471,0,c04ca26c68da7c04d2549cc5410509d0,,,262cc35ba1fc07372022be948dbae9f3,,,,,,,,,,,
ワイルドベリーショート,Wild & Very Short,100500,0,b630193e69107acdab2d8f6788c335e5,,,0e21c46e403fb7520cef700d4f336e50,,,,,,,,,,,
スクァーロヘアー,Squalo Hair,100530,0,8f6a2ce0b77e1021cfdc6e53effa1a96,,,f3c7c6edf083250d452bd885e9d202a1,,,,,,,,,,,
ダズールヘアー,Dazzle Hair,100570,0,649596f16345ca3596c1c068f5859952,,,04ca2d9036fbcbf8d49c45366fcd433f,,,,,,,,,,,
スティリアヘアー,Stylia Hair,100580,0,3c5c91b42cb43a0610ecbb038eaed926,,,f8a6596e642228c1ad18c8ed2d76b05f,,,,,,,,,,,
ラピートヘルム,Rapid Helm,100590,0,305ce55b92284495b614f159275a50d6,,,f94096285ad39860be49e9c0ed267803,,,,,,,,,,,
レアールヘアー,Lealu Hair,100600,0,cc29fc0a0e3ae9e155b36cdac5a27f62,,,5a5c54a1038ada32582b3ef37a11fb06,,,,,,,,,,,
ユエトヘアー,Yuet Hair,100610,0,9207462439baafe3b591c7dc248c4374,,,cf8f14db35bdaf0e030404a36da1d26d,,,,,,,,,,,
テンザンヘアー,Tenzan Hair,100620,0,7d272d902be9e8f612662bea6e51221b,,,e8a9c163dc0380c3416cc267df78c530,,,,,,,,,,,
ヴァポーレヘアー,Vaporeux Hair,100630,0,ddd0cfe1189afc782b6d9c6dfef09822,,,25083a91b0d440168a4fd9295c3d66ed,,,,,,,,,,,
ワキンヘアー,Goldfish Hair,100640,0,1c15623aa3a7444a9223e9dfae517031,,,72c8051c76ffe6479c0ac7d5e7ea2429,,,,,,,,,,,
ペザンテヘアー,Pesante Hair,100650,0,3e234b35bbfcb7d0f785e4122a22e38a,,,5ec77f5bdb2275308f4e0cc373a8a846,,,,,,,,,,,
レジェーラヘアー,Leggera Hair,100660,0,2a559a4e7e1af5295b7a85ebc3f82210,,,3b74fd22903bdee738c2f2891a6284d5,,,,,,,,,,,
チャタースヘアー,Chattas Hair,100670,0,9c298107d5b23ab24647178069351beb,,,28cad057c925373d56b2036f6faae302,,,,,,,,,,,
セレーラヘアー,Celerity Hair,100680,0,2c6e5cbf8dfd8b1534e71895e33e69a5,,,0df47be00957483ab4f082c9ef602153,,,,,,,,,,,
フウガヘアー,Regal Hair,100690,0,f5d7474753fe442cfc0eac1f3dffee28,,,8736f4e1e8e6fb2540a0b8a9a6c1ead2,,,,,,,,,,,
ドラッヘヘルム/B,Drachen Helm/B,100700,0,03c3c3d6e38e517e946fc5324859ca88,,,a1afd36a21cc194d8895ba2898ed3135,,,,,,,,,,,
ドラッヘヘルム,Drachen Helm,100701,0,2fe91b38c11bcccdce3445eb05b54c3f,,,4c12dc488a28820b2b2c05f09aafed4e,,,,,,,,,,,
ナディリスヘアー,Naderis Hair,100710,0,a1dcb317d52d71362cea4330b0804a9a,,,cd99fa9857bc668b235bed3150203ee5,,,,,,,,,,,
ナディリスヘアー/B,Naderis Hair/B,100711,0,08415ead30a179b6f11fee08fbe81469,,,503408de7c42f45e212492d82a6a3481,,,,,,,,,,,
ナディリスヘアーNPC,Naderis Hair NPC,100719,0,,,,5a9db30a81df2f540f82d7c57737b139,,,,,,,,,,,
ネヴァーンヘアー,Nemain Hair,100720,0,b65662ec7feef27877df8985133026bd,,,50c449bf0afb6311c8c5f3836d0b5dad,,,,,,,,,,,
シャノフヘアー,Schanorf Hair,100730,0,5ce2d197c5ad4049606e77f4d8251e5e,,,7868f12cd0615cd2e37eb9dca27138a5,,,,,,,,,,,
スヴェーラヘアー,Svela Hair,100740,0,c42d7ac2b1119c842990973c8ef3b339,,,992bc4e39d32a6a259e2f5238781294d,,,,,,,,,,,
マリーネアヘアー,Marina Hair,100750,0,ded0ead5daf548e344bfa226aab00d14,,,2310ef73654ef6c6db8063e00e243aec,,,,,,,,,,,
リスリットヘアー,Rizwit Hair,100760,0,a33a3f4ad671f9a4d11ab29a25aadeec,,,eed2fc41acc2815c307efac77cd11f2b,,,,,,,,,,,
リスリットヘアーNPC,Rizwit Hair NPC,100769,0,,,,2a4d7f4ab2d08f918906572877915ad1,,,,,,,,,,,
ムラーノヘアー,Muniro Hair,100770,0,346fef42214e4ed7e36afcb2170d0773,,,b348b0c1b9a6169d83e7c3170d6b5b45,,,,,,,,,,,
ムラーノヘアーNPC,Muniro Hair NPC,100779,0,,,,bf42dacaadee17f882233647ec9827c3,,,,,,,,,,,
コチョウヘアー,Pieridae Hair,100780,0,7d92396e8b5ea852fe3b85987a4a9e63,,,15d8548c67587662c3a845808aaecdba,,,,,,,,,,,
マジスティアヘアー,Magister Hair,100790,0,d593c2e9851e6e390576c190f9223b7e,,,87f424bb9e26642f9833ef2a6c5a1b48,,,,,,,,,,,
ラクソリオヘアー,Luxurios Hair,100800,0,d67c7c8c6037c3450aabc2326a98a0e0,,,d4b959c4016f114fb36994765cb1ed45,,,,,,,,,,,
アズミトヘアー,Azmito Hair,100810,0,198a967495a82d10700cf186709661c1,,,a6320f2d6d4d196a43c57d07e5a702a2,,,,,,,,,,,
アズミナヘアー,Azmina Hair,100820,0,0f3101852734d6ec834a9c9479fd730b,,,213d3d72bd4b7bd928f03de0f6a40af1,,,,,,,,,,,
ルージヘアー,Loose Hair,100830,0,a5b407a39f58d5d53d98fc4096924c3d,,,14c51c4714cb35dabab59656c9074980,,,,,,,,,,,
フィッテヘアー,Fytte Hair,100840,0,1e0d2d2702b5a578a828641af0a6a536,,,10d5437ae4fa599b386919d2ae963022,,,,,,,,,,,
ラパンナヘアー,Lapin Hair,100850,0,5b5abea477be8d66e9920b66bf4312f9,,,58a34469dd999cbb8fa93244c3e3d170,,,,,,,,,,,
デュランテヘアー,Duellante Hair,100860,0,daf4fc391f552cbd5e5abffb8c88da12,,,35d21c5152526a24002a436d7aefd75c,,,,,,,,,,,
メイヴィヘアー,Mingmei Hair,100870,0,fa0e64794297b62ef527121475d5322f,,,98eb5e8c301e8da5ea7880eecb42b0e3,,,,,,,,,,,
ラチカヘアー,Rochka Hair,100880,0,9e12bbc56e94c283471f20008bb95c43,,,c99bd0e410dfddec7ede3e7b50d27bf2,,,,,,,,,,,
ファシーノヘアー,Fascina Hair,100890,0,24a1cb97b38cabe27c05c36db9fe3791,,,9266306a1b22e69d4fd45b4d50829983,,,,,,,,,,,
サージンヘアー,Sandstorm Hair,100900,0,bdf1eeaca14bb938a537b428b061cfeb,,,95b389d49cec05af769209b6fdab52e3,,,,,,,,,,,
,,100910,0,,,,,,,,,,,,,,,
ディオーレロング,D'Or Long,100920,0,b0e591ee5da2bf02818d83b6f471f092,,,ddae41027e9fede1b4a50882b39cb533,,,,,,,,,,,
リテムウォルダマスク,Retem Wardat Mask,100930,0,2d2b4865535c3b0ba65adcfacefd970f,,,efa34429a7dbabd6b99564f4e2131d4a,,,,,,,,,,,
リテムヴァルキスマスク,Retem Valkys Mask,100940,0,afc3c4b10beda4ccb6e8ec260a52a442,,,9e5c0c13fec0ab1ed96b3c1b033c0316,,,,,,,,,,,
リテムレギュレヴマスク,Retem Reginleif Mask,100950,0,38850086ea11a6729a7210c768542c60,,,9d3f3c93768f976b62ae4f618796afea,,,,,,,,,,,
タウレーヘアー,Taure Hair,100960,0,584c01f234de64a520806471c88d8dc5,,,4258ffd660fbf756b1e014d94f46eef0,,,,,,,,,,,
マエストローナヘアー,Maestrona Hair,100970,0,ad2aa701452687869242e1f4ffcb76d3,,,44b29644c152a9fa150330c169920804,,,,,,,,,,,
フーシエヘアー,Hu-Xian Hair,100980,0,7dea3e83b9176cddd1bc86dc959e7d24,,,1e5af57b82357ac8f639155e1405b038,,,,,,,,,,,
ベリンダヘアー,Belinda Hair,100990,0,a84cd6999cd8ec7aab559fbf27594eec,,,feeaabecb679121487c573dc8241be2e,,,,,,,,,,,
オーレヘアー,Olé Hair,101000,0,a33935c3eee4bdfbfe09073fd453baa6,,,0080fab78406794ef1e71235d2e2b9f0,,,,,,,,,,,
マエストリッツォヘアー,Maestrizzo Hair,101010,0,63eac6c4fee6feaa8cccc325107b497c,,,e23ebf31750da65480f4a15027a5cd0f,,,,,,,,,,,
ラヴィーニヘアー,Laviini Hair,101020,0,2d9e9edfdb114f3e764d16f6d9256e13,,,84ffac688ba06936a14833c0e789908e,,,,,,,,,,,
フェセルンヘアー,Fesseln Hair,101030,0,f274feca160f87eab2429722b3de13c1,,,8ae57c418f37e1eb41174fac49c3c757,,,,,,,,,,,
サヴェールジヘアー,Savelge Hair,101040,0,3d8e57dcf22c36968f69770b5b968fef,,,c4f0b0eb45bbdef0cfc1f8a932288d25,,,,,,,,,,,
エトノースヘアー,Ethnos Hair,101050,0,91f1bd955851e4c17f8df663b0bcf8b0,,,19d009633bd917c58a698a0508188df8,,,,,,,,,,,
ゲツエイヘアー,Moonlight Hair,101060,0,c8ffc2a9b13a767387cf411d23ee019e,,,5c500c8714a8aff5346833ddbaf309f2,,,,,,,,,,,
ゲツエイヘアー/B,Moonlight Hair/B,101061,0,bb9689fa6127ef8a40aea16e006267a9,,,4b7f038dc68498c2ba98ef78385ca84b,,,,,,,,,,,
ラウドネヘアー,Loudne Hair,101070,0,ae22a145ccf4cf70dfc972fd088b0036,,,6fe4eeb997a4640de361a425ff439c3b,,,,,,,,,,,
アイノサクネヘアー/B,Ainblum Hair/B,101080,0,b817f5beb30ef5932d641339552e8c5f,,,1b4a230dcc57c5c41f0070e3464c3ca3,,,,,,,,,,,
アイノサクネヘアー/B NPC,Ainblum Hair/B NPC,101089,0,e8f5a32437f70c3a8e6c1cb77c10dad9,,,ec7575519b63dc4064d8a69002fc61cd,,,,,,,,,,,
にらちゃんヘアー,Nira-Chan Hair,101090,0,4ef260a6a329dcfa3bc6d5b6e5345a2b,,,f35e2b28447de6f829cd746e229b1c9c,,,,,,,,,,,
ティアモヘアー,TeAmo Hair,101100,0,9b0e3ba1eb0b73e55b25b668e1e50e79,,,44467c2dfe017618170dcb46167e4d1a,,,,,,,,,,,
ヴィオレンテヘアー,Violente Hair,101110,0,c9825a1fd226701b7605b99854e78f4f,,,65f4c6b05c990ec5a0d258f8ad1d7c45,,,,,,,,,,,
アールミューヘアー,Armure Hair,101120,0,23c40657836a3e72c125fdddf10c5ed7,,,b5f18801d83b0a6a21a947926a904b8b,,,,,,,,,,,
スイメイヘアー,Picturesque Hair,101130,0,2189870d34770a92dfb436369862be60,,,6855f535b718e19a54ca69dd9c18719f,,,,,,,,,,,
ヤーシャヘアー,Yaksha Hair,101140,0,e157632cba30b7c24975758603022e5e,,,35002ada2a69f154887564015c479c81,,,,,,,,,,,
タイヴェルヘアー,Taival Hair,101150,0,5f22359d2226c292d65c0943e2bfdfa5,,,0b52eb18fcf6fe9a54503448d10bc912,,,,,,,,,,,
,,101159,0,,,,ebb2bd00b309970699f3477d8dd1484f,,,,,,,,,,,
トゥーリアヘアー,Tuulian Hair,101160,0,3874f88c844ed2841eacfd90336667c6,,,1a91db84575bf649f168b08baf39c3b0,,,,,,,,,,,
,,101169,0,,,,ac455a640699e63ea3b6457e1f65b750,,,,,,,,,,,
イルムスヘアー,Ilman Hair,101170,0,48b697af2c8900fa612b2169c8ba8b68,,,4dea5a1b94af9f327b3c472a7db1af0e,,,,,,,,,,,
,,101179,0,,,,d4feeed6948946bc0db72a4c7a0a3ec5,,,,,,,,,,,
クッカルッカヘアー,Kukkalike Hair,101180,0,62410357687d214c003ed09ce9ddd7c7,,,77d873ba29c49f437dd30213a609a4a2,,,,,,,,,,,
,,101189,0,,,,b2a488b14142308bbdf8219257d594fa,,,,,,,,,,,
メリウォンヘアー,Merian Hair,101190,0,bcecb406606961e0529aa044f2384076,,,7883563cd700c91138bf91f7ea49559b,,,,,,,,,,,
,,101199,0,,,,369a3870953c2aabf3c2d390a86f8837,,,,,,,,,,,
ズワールヘアー,Zwaar Hair,101200,0,87c102283f6ae4b98cc232154f50a754,,,8b2bf492a2d41786f00c54e2fe7ae39a,,,,,,,,,,,
クロウリックヘアー,Krolik Hair,101210,0,98816a67e437bcb775bdd35bcc653366,,,1995e20500de5b01d8a6e20f933fb735,,,,,,,,,,,
クヴァリスウォルダヘアー,Kvaris Wardat Hair,101220,0,265d28ad4ccb1c294179b0442d6d7f01,,,18d7e3eeabbfcd39216e48af7cfbf2ee,,,,,,,,,,,
ヤガスリヘアー,Arrow Pattern Hair,101230,0,6e8bea79443bdacdea923494bd4f73b1,,,6c93e63cd4ebf1ad95adae9be5b787cb,,,,,,,,,,,
エルガンテツインテール,Elegante Pigtails,101240,0,359db20f430eb8d836e0da8ec95b10b1,,,2c09e76e0e11712b97f5da799aac9489,,,,,,,,,,,
ヴァルトヘアー,Voll Hair,101250,0,30aab393eaae61d2b981d9d9b554971d,,,3f77769dc01a91dbf8281770bda365f3,,,,,,,,,,,
キルティエヘアー,Quiltier Hair,101260,0,3782f0f6c23c9660f39b34340bc5d6c1,,,0bafab14134b725b55c888cd5e3a681e,,,,,,,,,,,
ティアレスヘアー,Tiaresse Hair,101270,0,301d4fc18804b6d8c153f22889f39c84,,,76df55ceaa7428ec08acffc308e61466,,,,,,,,,,,
モコラパヘアー,Fluffy Rabbit Hair,101280,0,5ab6669ad8b5d90cae42a4b6951cf99c,,,52a33422c6bb2147b489bbf510f47e91,,,,,,,,,,,
N-ソフィスヘアー,N-Sophis Hair,101290,0,d296c3951c59da1cc48273f9ebf8fa32,,,796307614f1a32821266c1ed74f0556e,,,,,,,,,,,
サーモアヘアー,Sahmoa Hair,101300,0,237438c5f198ab3ae8d5c822401612de,,,2e0fc0c0dcf5ed7cc03e1b011e71f184,,,,,,,,,,,
ロングウェーブヘアー,Long Wavy Hair,101310,0,11af947516d8a898d06c71ecc2336e68,,,a0dee8675dc84d513c3012c23fc4aa9e,,,,,,,,,,,
キョクヤニテルヘアー,Kyokuyatic Hair,101320,0,1aee74f3909a612799d4dfc9c6007e90,,,e6c431c0c74e3d0e7c8ae4f59fa9b139,,,,,,,,,,,
N-カレテラヘアー,N-Carretera Hair,101330,0,9e56ac840f826ff6ba5b00fbec6a9b2d,,,0ef6c51d090b0b0ba9ceeadf181bfb38,,,,,,,,,,,
N-ナイトメアヘアー,N-Nightmare Hair,101340,0,7cd5e72692fb9ad9c2182be6b043f620,,,9c5181a935543fe3bf025bad3a801756,,,,,,,,,,,
ヒツギニテルヘアー,Hitsugitic Hair,101350,0,ca4c0e5597da53a03ba3701a16bd5a36,,,92f771eb9353a85b0a936e088030aa35,,,,,,,,,,,
ブローデルヘアー,Brodeur Hair,101360,0,79a5591c6cd42536b195cecde64694ea,,,82ede57ce8d672ee0d59d0722f95a69a,,,,,,,,,,,
セパレッタヘアー,Duality Hair,101370,0,08bda48a2430ed30733539db9184205d,,,ac89c7902f27721ad0de12cbc69ac860,,,,,,,,,,,
エルガンテツインテール,Elegante Pigtails,101380,0,,,,,,,,,,,,,,,
ラセッツヘアー,Rasetsu Hair,101390,0,e40ad39936df0117a8deae13e1c07f8e,,,410619e2448fa13e626788ee539ee8bb,,,,,,,,,,,
トイフェランヘアー,Teuferan Hair,101400,0,1217fb70e3f09c37609020492eefc640,,,44b7959f82974b1a88df7108d1175a84,,,,,,,,,,,
サーリウヘアー,Sandquick Hair,101410,0,3d640a546a1ec9bd7fada958c822cfb2,,,8662ba0c6906bc22e7bd8f079c7ef5eb,,,,,,,,,,,
クレウスヘアー,Creusse Hair,101420,0,3ff42659b1495a8efce17098df5993d3,,,3e7a6a6aeb19dfdca8b12f1ee62554a0,,,,,,,,,,,
ウーシューヘアー,Wushu Hair,101430,0,dee5d9076601d9a6bb679293ad62428e,,,3afa118466eb2a7931a9c6b2888ae44e,,,,,,,,,,,
ルミーヘアー,Cutesy Hair,101440,0,2d4895e2ed0ce688989fafede4187654,,,845d6597c19fda68a928f1172167e10e,,,,,,,,,,,
Rマグヘルム,R Mag Helm,101450,0,35560e4e16768a2d7b00b3a4e0d445d6,,,7f6cb2aa0280d7abe580f8e6dea6874d,,,,,,,,,,,
ラピーヌヘアー,Lapine Hair,101460,0,630ac15c7921dfe39ac77dd5633d6c3d,,,e64b74f60fc55252db52ff776f8245e8,,,,,,,,,,,
ヤクシニヘアー,Yakshini Hair,101470,0,0eca96e6797c63a5a9e7bc8c8cff6675,,,9365c819e4060220bcac267fa68d8384,,,,,,,,,,,
スキッパーヘアー,Skipper Hair,101480,0,5effcd5a128b3caddfd380f97e023546,,,a62715af42f4c6fcc4e7055f80eb76bd,,,,,,,,,,,
フワーヌヘアー,Foine Hair,101490,0,7177617dd16a2491f9d5bfe62bac3b8b,,,722e31014ea00b28dffe81d9a33bda3f,,,,,,,,,,,
マジックホワイトヘアー,Magic White Hair,101500,0,e0459790b881a9ba7d354bc8a0e26ce4,,,1799698a8d71d0c810d63c97ebaef446,,,,,,,,,,,
メルビーヘアー,Melby Hair,101510,0,b7c7e2fe98c60c0c1970ef3789300a21,,,734f754dc4457af1f6a39200bea1741c,,,,,,,,,,,
クロッシュヘアー,Crochet Hair,101520,0,3591e05115eef3482eeb9847bfd293cd,,,ae41e9f90aee0c856e495f5a2f8b4a97,,,,,,,,,,,
カルンヘアー,Karn Hair,101530,0,9482f0c980ded11a2b1a59d041bb5383,,,87a2753aad5549f46a9c0a22f0c81794,,,,,,,,,,,
デヴァンダヘアー,Dichotomy Hair,101560,0,474263253b13ba602c780784849720fc,,,89c15e33af62ab8c6127a85abcb3d1f2,,,,,,,,,,,
ガルディエヘアー,Guardie Hair,101570,0,f81081e19f5359f4ed51bf8080c20793,,,16a9bd07fd955528cea3950838c7ad88,,,,,,,,,,,
ストラウダヘアー,Strauda Hair,101580,0,ef32b8efb3064d6ed890be4c0fc2756d,,,1ead61d0c9fcea08f59379577cb33636,,,,,,,,,,,
ポポロンヘアー,Popolon Hair,101590,0,1446ee1568f08b740277e562270cd609,,,ce2b71eef9d377efa52bbb09559bd5e5,,,,,,,,,,,
マイカヘアー,Petal Shower Hair,101600,0,0ebcbce1bac66bd2d2b2b958815a8480,,,fa421e95fb0459fed910aa4b16ebacd3,,,,,,,,,,,
ブロードゥリヘアー,Broderie Hair,101620,0,1d038cb5bf6462e2af5c54335268ee53,,,49b164c69d45ec238c8d94ea9539dec2,,,,,,,,,,,
サグラートヘアー,Sagrato Hair,101630,0,75eb8bd00a761ed3e1813622b7ae32ac,,,8b45dfb25e5192a896d7c49b98170a6c,,,,,,,,,,,
プリエーラヘアー,Priella Hair,101640,0,fee4ef3ea50fecab47224c8da0b014e2,,,de81a411aae8cfe3f95e6a05fb15ccb5,,,,,,,,,,,
ストライゼヘアー,Struise Hair,101650,0,37aa1cc9520f4f7ebeaff9c63c1658ec,,,e2b2b531cba67465099f1dc70fcaf772,,,,,,,,,,,
グレオーンヘアー,Gleon Hair,101660,0,0a4bf9f95a6bceb6e2e0b6152e30c023,,,fb6de75774a9e5be72831b332f2af53c,,,,,,,,,,,
グレオーンヘアー NPC,Gleon Hair NPC,101669,0,879262c76c1f9cfc1bf829deb4dbf6ef,,,a06292d8ee1150cd3a037a54388c9156,,,,,,,,,,,
イニヴィエーレヘアー,Inhiber Hair,101670,0,2eccd816e1913ea5f4ac2374fd915682,,,a63e00a423cbdfb057e08e5082aa7bf3,,,,,,,,,,,
リテムヴァルキスマスク/B,Retem Valkys Mask/B,101680,0,07f5f2d59b87bc2b2a7f9fb5646e5c59,,,d4caf8b32fa81affcf374a3b97d2ce50,,,,,,,,,,,
リテムレギュレヴマスク/B,Retem Reginleif Mask/B,101690,0,954a42ecd337bb6d74d88c9e91b04e55,,,27777abab7cf6a97b9a93138997a89b5,,,,,,,,,,,
リテムウォルダマスク/B,Retem Wardat Mask/B,101700,0,94f609fb1511a749ad0b6f82fb12af41,,,52429c81ec3ab506ec4a614f0ad290e1,,,,,,,,,,,
ゲツエイヘアー/C,Moonlight Hair/C,101710,0,cdec1076b1b7a87d3c3122d4ab7c2ddb,,,e2f2bcb8ee0eaced5f91e4b5d4c2ce2f,,,,,,,,,,,
ゲツエイヘアー/D,Moonlight Hair/D,101720,0,dea49c3573758612ba5d9d4c938920f1,,,8eb115a2ac05add7090bd646b6c38b8a,,,,,,,,,,,
グラッソヘアー,Glasso Hair,101730,0,a6239b4dfe117e7e7f500667525c3264,,,6e899ffe3e3a86589458491092fd4a79,,,,,,,,,,,
ペルソナニテルヘアー,Personatic Hair,101740,0,e4963a331e35adafa6f92b361d339916,,,b2449d595a227077c5d12258ffb7601a,,,,,,,,,,,
マトイニテルヘアー,Matoian Hair,101760,0,945e3a2888cf9399841b5f7d96828056,,,434b9b3b88060d00f8be1c3c7fcd6f7e,,,,,,,,,,,
マトイニテルヘアー/B,Matoian Hair/B,101761,0,9b626ec1ffbcb4b3383dd87e578b100c,,,559c0f3e70fc6faf9eb7725d7de808ec,,,,,,,,,,,
ライディーヘアー,Raiji Hair,101770,0,6ee981214d4abe7279e95d3b48a94f80,,,08e154b7ee163a0c7036a3cd2118f95d,,,,,,,,,,,
ライサントヘアー,Laisant Hair,101780,0,b4d1b1741db7c6ddea105bf4c9ee7762,,,55fe636e19ad9febae4999e1e1f44e2e,,,,,,,,,,,
ライサントヘアー NPC,Laisant Hair NPC,101789,0,03f34bf7a2822df66c1c04522b0a57ed,,,b3e78b909a31a1fbc6acb986d3694aa6,,,,,,,,,,,
リテムウォルダマスク/C,Retem Wardat Mask/C,101790,0,190fe227574bb9c7f0ed0e314f796fb6,,,42fc95b9da8847abd22cb02e44510245,,,,,,,,,,,
リテムヴァルキスマスク/C,Retem Valkys Mask/C,101800,0,8ac6473d6ced0315a9fdd1f8614ad2e7,,,9aa2d63f6db8e9d164d2e1666d4afb86,,,,,,,,,,,
リテムレギュレヴマスク/C,Retem Reginleif Mask/C,101810,0,f1f20197730cfd809982c89e8cd95958,,,6ac8c3c980732b1a3aa7049c69f07aa1,,,,,,,,,,,
N-ソルリスヘアー,N-Solis Hair,101820,0,bb0c4688ae9245808f603388326eb44e,,,1c3065f35e1898cddd861750f2a586e6,,,,,,,,,,,
スプルージアヘアー,Suppressia Hair,101830,0,af3e49e0f0f74836dd67cad7e2f73351,,,f68ada5af3dd8465e5c80c098f8aad5c,,,,,,,,,,,
ファルーテヘアー,Falte Hair,101840,0,fab245af5aed5fb0f3e02595511ebbed,,,f426f0665424599989031701118c3372,,,,,,,,,,,
N-ナイトメアヘアー/B,N-Nightmare Hair/B,101850,0,a9986f2c44a4c86d3c7eed57565b4379,,,8385f3fa4ad1ce49842d4d6aed3a1c58,,,,,,,,,,,
ノクトーリノヘアー,Noctorino Hair,101860,0,b651539751cc7f0b5114d7c54a679957,,,effd2eacabd8d618e777611a46d0392a,,,,,,,,,,,
ファミールヘアー,Famila Hair,101870,0,3159ef192580f4cab980bc77cd8152c9,,,9b17cf8001bb13e27b0b222aee9b72c4,,,,,,,,,,,
ファミーナヘアー,Famina Hair,101880,0,e7e6c4144ed59e2c3287f6de3b49a768,,,0b963de890313d9f17ef7fc79286ca87,,,,,,,,,,,
ヴィアージェヘアー,Vayarge Hair,101890,0,0d685c1e7f47ced8e51c150e087d3f6c,,,a0201f8ec1f9e686f0534ee2edb2dbc8,,,,,,,,,,,
エンレイヘアー,Brilliance Hair,101900,0,e5c54fbbc498886b1ba82b27b62fa1f6,,,5a4d8b435b0cb11174dfe927c4bbd167,,,,,,,,,,,
白上フブキヘアー,Shirakami Fubuki Hair,101910,0,3e3d17f94863fe61211f7c69a8be802d,,,ef3480f8039d7c1637ce0581bdf43946,,,,,,,,,,,
影山シエンヘアー,Kageyama Shien Hair,101920,0,293e748cc3d76ccac02c0293b695c674,,,557883fa4a205ae90085d53d45bacaf4,,,,,,,,,,,
一伊那尓栖ヘアー,Ninomae Ina'nis Hair,101930,0,7669ea400460f7850c33c9dd9a222241,,,c62ff5cd51628b7dfe21c662729c92c8,,,,,,,,,,,
シレーナヘアー,Sirena Hair,101960,0,f1b581f3733193d7a56430a26b11b88d,,,a6d1eab6c31616d7a102aae9211f7655,,,,,,,,,,,
ウカノヘアー,Mihata Hair,101970,0,691923dfb8a53f434f739cd27dcbaaa4,,,1392bd0de3400f1c4685a07f85fe2ca9,,,,,,,,,,,
ノロヴァーシヘアー,Norovashi Hair,101980,0,0a10e961300a1cfac0a201918ce52130,,,c7f4c88f7eab56a1f4d3aa9665dab58f,,,,,,,,,,,
ノロヴァーシヘアー NPC,Norovashi Hair NPC,101989,0,c95dbf16af7a43d3f9dfbf4f9207e712,,,806d4ebea5177bc8022d4c69a8f3a16c,,,,,,,,,,,
ノクトールナヘアー,Noctorina Hair,101990,0,d5c9871b5ea4cddb930f6bf89a1a274b,,,2c2dc7851872461571020dcd9ff15630,,,,,,,,,,,
エアリーツインテール,Airy Pigtails,102000,0,012cc6c49f84dea4aae7aeac71273be5,,,341901c4082e76851f7abfc04e30f1ef,,,,,,,,,,,
エアリーツインテール/B,Airy Pigtails/B,102001,0,f5bd2a26748186584580260f77958271,,,a9e5dd807fa27cf5bd5bcb60b27fc90e,,,,,,,,,,,
カールウェットロング,Curly Wet & Long,102010,0,df1d32dad46782d1909f790e590a81c2,,,59f86c67199267cb2ae3010923399ed4,,,,,,,,,,,
カールウェットロング/B,Curly Wet & Long/B,102011,0,f87eabd11b64d7c6135367cd16427dfe,,,fc48a099597be0ac2059e3b4d323c6f6,,,,,,,,,,,
アルクェイドヘアー,Arcueid Hair,102020,0,7a709839584d912fd596e203a1919dda,,,2fdc3cf37e049c870d3ba78cba3151fa,,,,,,,,,,,
シエルヘアー,Ciel Hair,102030,0,24f4cac28f451cca287a913f41b0ac58,,,7ab667133560828c9d058bc78cb6804a,,,,,,,,,,,
遠野秋葉ヘアー,Akiha Tohno Hair,102040,0,02aaa509414b57cd7dcf0e8c4725d888,,,b356e0ac00bc14a285b1efc8d2f50e7e,,,,,,,,,,,
遠野志貴ヘアー,Shiki Tohno Hair,102050,0,3b53847e36be9efd3f264277f7e92409,,,b108618f9feaccf0db2a1660e5803fe0,,,,,,,,,,,
アインズマスク,Ainz Mask,102070,0,8d4418f165f64dae2fe8900607851b3b,,,fdd8c8c613d3df2eed672cfdea671b73,,,,,,,,,,,
アルベドヘアー,Albedo Hair,102080,0,9d6a3959c40a8dfbf34a9bad4777477c,,,00ef5afb3febf071c03d059a83c925ba,,,,,,,,,,,
アルベドマスク,Albedo Mask,102090,0,c807021a6cbbf14d5f0a77ff3dd060f2,,,a394926ec5460093716c9743fc6f1f1a,,,,,,,,,,,
カヌルーイヘアー,Kanrui Hair,102110,0,326981812ac5f73b543fe0df89134959,,,94b2978bbb3010105dda335673c2ce2b,,,,,,,,,,,
カヌルーイヘアー NPC,Kanrui Hair NPC,102119,0,4b2e21a2ea9bd5cd77c1734f3f1df1b2,,,73c0f0072cb2f12f373bbda6551eaf5c,,,,,,,,,,,
イフェスティーヘアー,Investig Hair,102120,0,6a99935f420331ba7041eb633b4b631a,,,ecf1359545a26997134459aa1d2170f0,,,,,,,,,,,
ニューディーヘアー,Nudi Hair,102130,0,34d953373fb38de723836a9dfc052b8e,,,333dc90421747e5d173178d2b6cee9e3,,,,,,,,,,,
,,102140,0,,,,,,,,,,,,,,,
フロリアーネヘアー,Florial Hair,102150,0,4deb9c77dadef3b8f34f36ef979a017a,,,f0c0621971f81b45ce67e8a1fd6c58c1,,,,,,,,,,,
シャンミーヘアー,Jiangshi Hair,102160,0,df62cb7fd1859ca0a382388954ac54fd,,,37e1d67382fc452a07f0ea47c3f1b48a,,,,,,,,,,,
シュタッテヘアー,Stadte Hair,102170,0,7408dc8763933aa47f50625baef18ceb,,,c930168c23bca58ed46dad3c91b8385a,,,,,,,,,,,
N-トナカイヘッド,N-Reindeer Head,102180,0,952679231eee9347f477a18f8467781c,,,ecc32b05d9d43b956417ae448b95b847,,,,,,,,,,,
N-トナカイヘッド/B,N-Reindeer Head/B,102190,0,ffcb87a45c029637ce120bc5f02903de,,,8cce96048ba2b6418cc87d8ffc73751e,,,,,,,,,,,
ペルソナニテルヘアー/B,Personatic Hair/B,102200,0,7d56585933857cd175046181aba80085,,,62ec8c56824a91944eb3b345fdb479a1,,,,,,,,,,,
スノーティカヘアー,Snautica Hair,102220,0,e0162f6132cce3be0f1bbcbc027cd998,,,54b232db72a1d4b022fd98a97a576a84,,,,,,,,,,,
スティアウォルダマスク,Stia Wardat Mask,102230,0,d5e66fc4cf743088ff5844a4f8b502f0,,,b0a0e16fc8507463f41c058ba533e577,,,,,,,,,,,
ユルカールツインテール,Easy Curly Pigtails,102240,0,beecb9901bac7d01430b42e9bd1c3ab3,,,33a5093f15ddba9bc09e407a498d2123,,,,,,,,,,,
N-ダスクヘアー,N-Dusk Hair,102250,0,9af478b78a3a20ba3a364a37eb55aee2,,,5fd4389ffe40c65f44396207d959fc01,,,,,,,,,,,
アミコミリボンヘアー,Braided Ribbon Hair,102260,0,638950b13e7632b491517880c144a842,,,2107cb32ab196fd70b30646c3dc332e7,,,,,,,,,,,
スケラトリスヘアー,Skelitors Hair,102270,0,30ee4b8714a4224455770f6875d2422e,,,e05951936862f9739e51abe9765a9e9e,,,,,,,,,,,
マグリアヘアー,Maglia Hair,102280,0,4a93d34c9456461f03cfc43bf7be7d35,,,731113551128aeab531b28959b1331b0,,,,,,,,,,,
エイランヘアー,Kaliyuga Hair,102290,0,bf7104b9f223cd21e7ae944031dceb85,,,5905b5811ead89807087109b40640a63,,,,,,,,,,,
ゴーシャロングヘアー,Dream Long Hair,102300,0,37f6f6b62e27a309375e885d5e69177c,,,268d6913a76807f2e0853970bdb43158,,,,,,,,,,,
ファルフィールヘアー,Phar-Feel Hair,102310,0,e61ce0e5863a0e4fa990fec3eb2123a3,,,4c6f5a4aa6b72c5536fe9293cc730d06,,,,,,,,,,,
リサーゼーティヘアー NPC,Resurgis Hair NPC,102319,0,,,,b0833050eb04e08b15f5de66401278f7,,,,,,,,,,,
マノニカヘアー/B,Manonica Hair/B,102330,0,0f0919625a2bb87dd234f617b157b2c1,,,086182b1aac5d1c5b184a26ca0fc0220,,,,,,,,,,,
デルフィーナヘアー/B,Delphina Hair/B,102340,0,297dd57dfd374704bbaaca1b1d70b6e1,,,1c69ff78a987e004349fec43adb607e6,,,,,,,,,,,
エクラーナヘアー,Ekram Hair,102350,0,e7d7b417f1e233e1549b590545abf80a,,,b0f0a775f25ddc6f7431feebdcb6be51,,,,,,,,,,,
ササメテンカヘアー,Fine Snow Hair,102370,0,d1736fb5ed85f640940d632b04161891,,,06d414e4aea4ea00d18c0198777521c4,,,,,,,,,,,
アリスワンダラーヘアー,Wanderer Alice Hair,102380,0,c1d1f761c199b86d2ffafc044a66fe2d,,,c85033807ff1011a0b4046e60209da7c,,,,,,,,,,,
甲斐田晴ヘアー,Kaida Haru Hair,102390,0,1bbca37d3734c2de3b17b19a9a0c71ed,,,35f9898c999fa7fd2353c3a7fb6d1685,,,,,,,,,,,
闇ノシュウヘアー,Shu Yamino Hair,102400,0,82f81ea8a541fd4dcb8c1f2aac60c60b,,,58484bb75414f6869d5a8956cc9b6417,,,,,,,,,,,
星川サラヘアー,Hoshikawa Sara Hair,102410,0,84094f198acf7fc296ffb00c15f01aa9,,,c73d7382df22c03b218742f4fed52bcc,,,,,,,,,,,
葉加瀬冬雪ヘアー,Hakase Fuyuki Hair,102420,0,70321e108b699864f56af720ae681d84,,,17c2692c5b834224f0144cf8ebac79e8,,,,,,,,,,,
フィンブランヘアー,Fin Blanc Hair,102430,0,cba0db1209507df1a4d4eb60aca8c34c,,,5e5c1496eaa4b453c6868d6cf89d1a4b,,,,,,,,,,,
サイヴァトランツヘアー,Cyber Trance Hair,102440,0,f5a47a032eb59e9add21ba0e2f1e0db7,,,66bad0c7f13240822035366bd39651ce,,,,,,,,,,,
サイヴァトランツヘアー/B,Cyber Trance Hair/B,102441,0,d3b55436e94cbb7cfe84ca73efe329ff,,,73071b3cc9fc74278b33e0df7fcb5a59,,,,,,,,,,,
ヴァリアブルカールヘアー,Variable Curl Hair,102450,0,423ce618f6f79bb99221f8bf4c5acd69,,,243620594e1ee2d7fa22cc99fe5d4ebf,,,,,,,,,,,
ローノットロングポニー,Long Low-Knot Ponytail,102460,0,02d21bde71e05a232d70f65dd311b467,,,a25e632fe327ee44e325f5ea3aad6ad0,,,,,,,,,,,
メッシュロングテール,Long Mesh Pigtails,102470,0,bfb337e1f530f0368f4ba51bb0f98c96,,,9135c3992439de70ccc16ac34b491f13,,,,,,,,,,,
,,102480,0,,,,,,,,,,,,,,,
モビリティアヘアー,Mobilia Hair,102490,0,8c62e6c56fbfd7c51230fbbf27f75bc2,,,7930e40f6a958e448d85764b6d3cae87,,,,,,,,,,,
オイレ・アティーネヘアー,Oileu Athena Hair,102500,0,43ce6fe621fcf3bf32af780361f92ba0,,,13004860dae2e5552f1152d8212621e2,,,,,,,,,,,
ディアブロヘアー,Diablo Hair,102530,0,c58ec55d8a65e167f56e4588ea61c283,,,353aa34f6a5cc2eed33d92891621393a,,,,,,,,,,,
フォクシオンヘアー,Foxxion Hair,102540,0,2d092b486eaa92b872b0faba61a3a759,,,f958bd352a049a958c41d2a1e14126ae,,,,,,,,,,,
カグヤミコノヘアー,Shrine Maiden Hair,102550,0,82073f8b515f4ce0fd8e28e1b6153042,,,ca2f2d564eb38c97ac03c0746db9e36e,,,,,,,,,,,
カグヤミコノヘアー/B,Shrine Maiden Hair/B,102551,0,7f24f7993c5a919ad730e8dad6e71ab9,,,f6237f49a82292b8a4637e3056105c44,,,,,,,,,,,
サイヴァリエヘアー,Cyberknight Hair,102560,0,f51d43a17eea512dd54113d21e09c45b,,,982911399f3b458e8b17194d696f90c6,,,,,,,,,,,
フィアラルヘアー,Fearal Hair,102570,0,d617f25aa798a371ccaf94f90c9e53e0,,,a00971f6c14631d89aa91144e8a7bf29,,,,,,,,,,,
ストレマーレドッグヘアー,Stray Animal Dog Hair,102580,0,bab1852d6d6051888d58089926653cb8,,,efb56bd3c5c2b1647bf21ab5a474c2f0,,,,,,,,,,,
ストレマーレキャットヘアー,Stray Animal Cat Hair,102590,0,5f8b5181bf944e4481f203459b1d2eff,,,af3af655c2632a700e489c188f5d45ce,,,,,,,,,,,
,,102600,0,,,,,,,,,,,,,,,
ワイドミディアム,Wide Medium Hair,102610,0,38257f04e81a828add8bfac678e4d252,,,35350e6c8919d6ccd743d367410c7a8f,,,,,,,,,,,
ロングバングヘアー,Long Bangs,102620,0,77713b598e218ea301d1d46d8224c3d8,,,577955e0fbef604ce89dd6be5c44055a,,,,,,,,,,,
メカクレヘアー,Eye-Covering Hair,102630,0,983c5b055e74dc6330996defbf33ad7e,,,997d5886876806fbaf03f452144b2ba9,,,,,,,,,,,
ワイドカールロング,Wide Curls Long,102640,0,bff3b7cc27d70c4328e7d3bd356232c0,,,184030289a59d390e8a5dd92e1aa0a4e,,,,,,,,,,,
草薙素子ヘアー,Motoko Kusanagi Hair,102650,0,7a8a58dd3dc431d6477c4680b98c1766,,,59be4ec2054b69c6e2edbebc6462f468,,,,,,,,,,,
バトーヘアー,Batou Hair,102660,0,b6e113648ecffacc68e9c69a3fba3709,,,94a7253b741f8bdeb20403054de7a2d1,,,,,,,,,,,
ベルタスレイヘアー,Belta Slay Hair,102670,0,fe94f5f13321818ccae4a31530f153ef,,,2d7426e36b779b67f64e808b33832d97,,,,,,,,,,,
闇ノシュウヘアー/B,Shu Yamino Hair/B,102680,0,2da90632353e5547e06aea10c7a416e9,,,169d4763a33e3ce5181ee11ab74e8ab9,,,,,,,,,,,
ヒツギフウノヘアー,Hitsugi-like Hair,102690,0,6ddaa5fe79b5287c9b402ed69f4d0896,,,91ebcb46e139c769bb2612132aa22178,,,,,,,,,,,
ヒツギフウノヘアー/B,Hitsugi-like Hair/B,102691,0,3adccd7ada1f3894ee75d40a00fa071c,,,b36ecb9402f3e5beb53077030aff8f0d,,,,,,,,,,,
ヴォニチッテヘアー,Voynichte Hair,102700,0,6172d4ec2c593249f8bca621f120d5c6,,,688d1e72cf2dd39acf4d2591951c8abb,,,,,,,,,,,
ツァロスヘアー,Zahros Hair,102710,0,26a8d7e983d5eba591f9202ff98fc60d,,,5a402f2a409a826e75473acdaef88042,,,,,,,,,,,
ソニックヘッド,Sonic Head,102720,0,3b14a653b7ea0c24389460d0b8ddac20,,,d9fb115e7ed0e03e8917cd8e6417db7f,,,,,,,,,,,
スーパーソニックヘッド,Super Sonic Head,102730,0,4bdb85386351005bb021e823167a3d71,,,df6a72a9c6d2d52b29ff2d8e97e0145a,,,,,,,,,,,
ライカスポーティヘアー,Super Sporty Hair,102740,0,fad04cbf8a703bd7b461811a22aacdb6,,,761b4b8487880c440e231d2beda0d81e,,,,,,,,,,,
テアナーガヘアー,Theanaga Hair,102750,0,942d2ae25992bdb35a22757958a6d5f2,,,e6a4dd97340779d606edd97620919659,,,,,,,,,,,
ティーダウルラヘアー,Sola Beach Hair,102760,0,747690059d1a1b91a43fdb75249ded45,,,ab8fdd628575b76073e6ffb2991bf5b2,,,,,,,,,,,
ミーネスヘアー/B,Miness Hair/B,102770,0,62bc2e5e0d015173ba82578c8ea307c1,,,e13af37237548db09e26ec959ddc88ba,,,,,,,,,,,
プリムラロング/C,Primula Long/C,102780,0,a532b8137a74d4a0fdef11da503e6772,,,e6966c489218490a3c2449de5e15e4a0,,,,,,,,,,,
ユルカールポニー,Easy Curly Ponytail,102790,0,93d00289d321c75bf425da9a45e1d0ba,,,65c4cae8db1b546da25a3abfc7dff131,,,,,,,,,,,
ブレグダンザヘアー,Breakdancer Hair,102800,0,c644749866b86b7435a1c5caadb2bfa0,,,61d15980288f30ce92b51107d944ef82,,,,,,,,,,,
ピピストレッラヘアー,Pipistrella Hair,102810,0,631bf2cf9a9093631802b458eec1b340,,,807cfb095158fb73111adadce6ca2c70,,,,,,,,,,,
シルヴィーコニファーヘアー,Sylphy Conifer Hair,102820,0,ab3eb952e485c3704ab501be79f2b3ed,,,456037068f47865f0ad55a413ebfbd9e,,,,,,,,,,,
アイの髪型,Ai's Hairstyle,102830,0,cf31ad4d21b55027a2b1b51086e48526,,,637c9c48176e9f43682d28f41fdd1358,,,,,,,,,,,
アクアの髪型,Aqua's Hairstyle,102840,0,efacd2c910ae0f6cb09e2d87620a22f0,,,989a1b6593db7000a6f9133a58e6f95e,,,,,,,,,,,
ルビーの髪型,Ruby's Hairstyle,102850,0,45b51d0d4f3649804f8ab5b37cb26ee6,,,dfa1af87da680e649e3cb77c0eb1d2ee,,,,,,,,,,,
有馬かなの髪型,Kana Arima's Hairstyle,102860,0,b06fde1e3d49bf70da70b86d8de3daa1,,,409b9fe0ef6affba94d62cb79db0998a,,,,,,,,,,,
アテンテイタルヘアー,Attentater Hair,102870,0,f0a6c5703baa88cd7c518188111203d1,,,048d1898d9de951c2de6f7b74d761960,,,,,,,,,,,
御神苗優の髪型,Yu Ominae's Hair,102880,0,ba0eae14191043392a79372a1b303e22,,,e0a7ea845ee855ea24ffcca8e5a07247,,,,,,,,,,,
ジャンの髪型,Jean's Hair,102890,0,bfa4b198427083cac59c33f0eec4a148,,,e8b526379902e6bee727321b7170ac46,,,,,,,,,,,
アルヴィアンテヘアー,Arbeitner Hair,102900,0,9b805ba12b78bcb57bdb1672065dae1c,,,56809e6b317c620ed47d124cffde1031,,,,,,,,,,,
ライカンスローダヘアー,Lycanthro Hair,102910,0,804ba4d9e740f2861edb6cd8080e2cbb,,,bfbe274395a78519844b4f4db332ab6b,,,,,,,,,,,
ライカンスローダヘアー/C,Lycanthro Hair/C,102911,0,8608534e2925ef7c86ce2e1781eef341,,,d8aa7ed207440e0f74255de887ea974e,,,,,,,,,,,
ライカンスローダヘアー/B,Lycanthro Hair/B,102920,0,89bf79bec7bef835c2a2acb72d6cbefe,,,148073c5e9ffe977c8bfaa175093d74e,,,,,,,,,,,
ライカンスローダヘアー/D,Lycanthro Hair/D,102921,0,9fc0f64ebfd0b9d6d829dfa7b465689f,,,9ce30f2dd73eab5b7264835ffb7f1df7,,,,,,,,,,,
マリューノヘアー,Marino Hair,102940,0,485a151b767cd286f52bbb63c5e5c75a,,,86ba2eaf2999b0f565c21107bf87212e,,,,,,,,,,,
シャギーマッシュ/B,Shaggy Mushroom/B,102950,0,50fcfee2781ef69940be81416a2c7b11,,,48b10ad31563e1c2144b2dba4dfaac7e,,,,,,,,,,,
テンザンヘアー/B,Tenzan Hair/B,102960,0,11b2c5b45e4ae065e9df649f684e46cd,,,cda3f5f280bb4d1281f3c54a38b4304e,,,,,,,,,,,
チェルカヘアー/B,Cerca Hair/B,102970,0,35ac29804d0a54fff3ef2501ee3a66f5,,,92120667fff00805646a600f86ba6f29,,,,,,,,,,,
セパレッタヘアー/B,Duality Hair/B,102980,0,36f791f8e60d43f0106842d28e29ed41,,,77e70cd1e5bba7a8df2207ef16c5d3ca,,,,,,,,,,,
ワイルドウェーブツイン,Wildly Wavy Pigtails,102990,0,685d28e5e3295bc181488ad83d7b5c77,,,699736e84070564c55ab569d725753ed,,,,,,,,,,,
ニフテリーダスヘアー,Nychteridas Hair,103000,0,7703f6bff459e58572760650434300d7,,,91f84bb50c5c074de890843f927fad1d,,,,,,,,,,,
カラフルシャギーロング,Colorful Shaggy Long,103020,0,c40c9a4227ae65524c818bb069b0283d,,,f21f2762ccff717a524eb87d0169c888,,,,,,,,,,,
カラフルシャギーロング/B,Colorful Shaggy Long/B,103021,0,c7b807253534fe108939aee2036d85f0,,,821a1c788c7525d03f4c2d0f1477cd6a,,,,,,,,,,,
フレズヴェルク＝アーテルGヘアー,Hresvelgr=Ater G Hair,103030,0,ecfb5a131f6fce2d5955a46f3402ec72,,,739c047b1126bf71031635263bded796,,,,,,,,,,,
フレズヴェルク＝アーテルGヘアー/B,Hresvelgr=Ater G Hair/B,103031,0,f7c50235dc6fb65cdd13259911c25a0b,,,9ea534639c3d7714c6628cf882fff313,,,,,,,,,,,
フレズヴェルクG-BAVヘアー,Hresvelgr G-BAV Hair,103040,0,2d662fefff5d051a3a18c47aa15d6caa,,,eca14d0e9322fdf6084fa90f0bd79170,,,,,,,,,,,
ククールカウスヘアー,Kuetzalkaos Hair,103050,0,c9c79170c170a8d9b4e95f7ee896ba53,,,deab48b941fabb05433e659b32498dd8,,,,,,,,,,,
リョウランヘアー,Bountiful Yukata Hair,103060,0,3363d92ac65d081378b1df8f5b9def0f,,,4742adda9e1785f236eb3b5353922cce,,,,,,,,,,,
,,103070,0,,,,,,,,,,,,,,,
,,103079,0,,,,670dbb26f68338f9b29f3ddd12f1313c,,,,,,,,,,,
,,103080,0,,,,,,,,,,,,,,,
￥アイナ新衣装　NPC髪,manon新衣装NPC 髪,103089,0,,,,3713bee21a294dbabaa7d37c86ad7118,,,,,,,,,,,
おじさんの髪型,Uncle's Hair,103090,0,d440a9a1be44a7467d3580c617934a0f,,,b83f838806627174769af9c72c7f616c,,,,,,,,,,,
エルフの髪型,Elf's Hair,103100,0,53d2dcf81b6dec44487b70b65ce258fe,,,17470f8d48232c671294b403333607df,,,,,,,,,,,
メイベルの髪型,Mabel's Hair,103110,0,9cc96aacfdb89b292f1e4ffff6f98227,,,4a464d2f18a19d6b68eaa3f0e5749ad0,,,,,,,,,,,
アマノサキガケヘアー,Heavenly Charm Hair,103120,0,56c3b0d3455bbf65b2c1e1dfe6c5c21c,,,b11bc6725bcd2f1b4e4bec828063eb2a,,,,,,,,,,,
キュウシテンコヘアー,Maid Fox Hair,103130,0,89ab0ff0a0a8c32c93ceddca49676104,,,a3ddfcd86e04926dad4b4ac89aee60ac,,,,,,,,,,,
ハーフブレイズヘアー,Half-braids Hair,103180,0,f7be5ac3db699adb8da6970f848abae9,,,8e3505dfda24f411bb7a10f4807386fc,,,,,,,,,,,
フーシエヘアー/B,Hu-Xian Hair/B,103190,0,c176c6c963f7f447b36aa6c2ec6bc90c,,,cdf00f8b29718738876aef4f70cb3154,,,,,,,,,,,
N-カースドレイヤー/B,N-Cursed Layer/B,103210,0,a3920c28cb83190ad83e52337e66e259,,,2eb4f9c57f31566ceda4526f173938dc,,,,,,,,,,,
ラピーヌヘアー/B,Lapine Hair/B,103220,0,10f589eb33c2015ad736ecc238a1e40c,,,3c792b20fe95864fa218af0ff978a4cc,,,,,,,,,,,
エヴィーザラマンデヘアー,Evil Salamande Hair,103280,0,e1433a2199eb8e202344c072dcbabcbb,,,7e90961544d3a1098f58c1f7e31eec0e,,,,,,,,,,,
,,103290,0,,,,,,,,,,,,,,,
,,199900,0,,,,,,,,,,,,,,,
,,199901,0,,,,,,,,,,,,,,,
,,199902,0,,,,,,,,,,,,,,,
,,199903,0,,,,,,,,,,,,,,,
,,199904,0,,,,,,,,,,,,,,,
,,199905,0,,,,,,,,,,,,,,,
,,199906,0,,,,,,,,,,,,,,,
,,199907,0,,,,,,,,,,,,,,,
,,199908,0,,,,,,,,,,,,,,,
,,199909,0,,,,,,,,,,,,,,,
,,199910,0,,,,,,,,,,,,,,,
,,199990,0,,,,e1f17e56d83bb04af2d2baf6aaf02a1f,,,,,,,,,,,
,,199991,0,,,,,,,,,,,,,,,
,,199992,0,,,,,,,,,,,,,,,
,,199993,0,,,,,,,,,,,,,,,
,,199994,0,,,,,,,,,,,,,,,
,,199995,0,,,,16cc3361bf7b5763858f06c6259b63b5,,,,,,,,,,,
,,199999,0,,,,,,,,,,,,,,,
ディガーン・ヘッド,Di Gant Head,300010,0,,,,9ccf689c527597fe4c99cff4751d9356,2efe586035a01105aedfa7f59f2fd427,,,,,,,,,,
ディガーン・ヘッド/2,Di Gant Head/2,300011,0,,,,744b78fd9d27b5545b5ef755946da99c,8274385f0894ef559fae5e80dbb78796,,,,,,,,,,
ブルザイン・ヘッド,Dozy Head,300020,0,,,,43fa0c8cf734ece2de080ebd3fb01073,0df2c6f4693f632377f469406244380e,,,,,,,,,,
￥ブルザインヘッドNPC,,300029,0,,,,,,,,,,,,,,,
ザンナ・ヘッド,Zanna Head,300030,0,,,,5ad538a8e5573282e5f782b3eaab0380,9290861c44f5e89ec58389ae6d077ced,,,,,,,,,,
ザンナ・ヘッド/2,Zanna Head/2,300031,0,,,,1225bfbffdee92246311505e1b554896,713ff2c6aad919ab4746b82e5169eb24,,,,,,,,,,
デザンナ・ヘッド,Dezanna Head,300040,0,,,,8e3ce4d4d40c1370bdad01686b855db8,0bd8cc53d4b851d56bc909180a367b67,,,,,,,,,,
デザンナ・ヘッド/2,Dezanna Head/2,300041,0,,,,,,,,,,,,,,,
ギャレスト・ヘッド,Garrest Head,300050,0,,,,238493198e069e4745d9be0416d59869,89af3c68eb49a70e17ed6e9616f159b0,,,,,,,,,,
ギャレスト・ヘッド/2,Garrest Head/2,300051,0,,,,,,,,,,,,,,,
カタフラーク・ヘッド,Cataphract Head,300060,0,,,,e0eeb875fd0ce5b6ce1911e94ad293c3,ab110657b88ae68248c6cd55413eb89e,,,,,,,,,,
カタフラーク・ヘッド/2,Cataphract Head/2,300061,0,,,,,,,,,,,,,,,
ヴェテルノ・ヘッド,Veterno Head,300070,0,,,,95be5cfa2f29686e65aead39a3bae5c1,24c27dce0f336241e90b8ff9784e3a40,,,,,,,,,,
ヴェテルノ・ヘッド/2,Veterno Head/2,300071,0,,,,,,,,,,,,,,,
アクラオ・ヘッド,Demon King Head,300080,0,,,,5ab793806441e6a8ef6d583309606805,3aade421606d34a56cef594588796a28,,,,,,,,,,
アクラオ・ヘッド/2,Demon King Head/2,300081,0,,,,,,,,,,,,,,,
ディガーン・ヘッド/B,Di Gant Head/B,300090,0,,,,54cf31370fcaa4a66572467c43f42326,09147c611ee9fc698ae06c803ba29306,,,,,,,,,,
ディガーン・ヘッド/B2,Di Gant Head/B2,300091,0,,,,67a22675b5cca02dd5897141bebe03e6,9d98c5a899ece0c65d9e996eeb4fbcf2,,,,,,,,,,
テナクス・ヘッド,Tenax Head,300100,0,,,,8315675b46358f3782f3c154b5110f0f,0f46e53dd65532721255a3bc8007e374,,,,,,,,,,
￥チャッピー的戦闘兵器ＮＰＣジャリルヘッド　NPC用,,300109,0,,,,046e04b0dd69bc57a5b54b7936018008,922c4e1448790c365c84be5a26712717,,,,,,,,,,
ザンナ・ヘッド/B,Zanna Head/B,300120,0,,,,f6d035b1f682282cc4f3382cf4d17372,f5ae8dd3784b87af1ba48ca3896c7483,,,,,,,,,,
ザンナ・ヘッド/B2,Zanna Head/B2,300121,0,,,,a4e4517d93f495a3871cd6f2c9e21852,684e4cd67b09c75ddb41d29625e3eda8,,,,,,,,,,
ギャレスト・ヘッド/B,Garrest Head/B,300140,0,,,,741f8256a7b861d7a6ebf17c52406b39,786f2a94d3adb4aa7871de1cb6e93fb7,,,,,,,,,,
ギャレスト・ヘッド/B2,Garrest Head/B2,300141,0,,,,,,,,,,,,,,,
ヴェテルノ・ヘッド/B,Veterno Head/B,300150,0,,,,8d1cc59e2af0016e151efce8c45a276a,26cb03f1a4b853dd64a368652fdfa70d,,,,,,,,,,
ヴェテルノ・ヘッド/B2,Veterno Head/B2,300151,0,,,,,,,,,,,,,,,
カタフラーク・ヘッド/B,Cataphract Head/B,300160,0,,,,0fff746509f743e88d19e558a0c316cb,75c87e46f4c42e3030c89839a8ba370b,,,,,,,,,,
カタフラーク・ヘッド/B2,Cataphract Head/B2,300161,0,,,,,,,,,,,,,,,
アクラオ・ヘッド/B,Demon King Head/B,300170,0,,,,86540559bb2657cb0e4f923bfe859baf,ac9acf9a59cfe26b4f3edccbac7abe5b,,,,,,,,,,
アクラオ・ヘッド/B2,Demon King Head/B2,300171,0,,,,,,,,,,,,,,,
カタフラーク・ヘッドUC,Cataphract Head UC,300180,0,,,,c1adf1af259e7a3f13490e0423d03c4d,4e8fe60ef75b26d1e6fa0fadffc76606,,,,,,,,,,
ドゥーカー・ヘッド,Ruka Head,300190,0,,,,211dd6dfb10dbea74be824be0e95aec9,00b34f1e116c8012328e807c04b729aa,,,,,,,,,,
プロヴォス・ヘッド,Pro Vosse Head,300200,0,,,,c8819288600918239661f6c1113f7dc9,1cde42db4edadd4d6e3397594de161b5,,,,,,,,,,
￥チャッピー的戦闘兵器TV3（ＮＰＣモフセンver）NPC用　ヘッド,,300209,0,,,,8cf45cc9bd0a3ea3563e985ef58639f8,e12c0a7f70ef6aa96036c902c3ec5acd,,,,,,,,,,
￥チャッピー的戦闘兵器TV4（TV3の肩のポーチの柄を無くしたVer)　ヘッド,,300210,0,,,,,,,,,,,,,,,
トイフェント・ヘッド,Teufent Head,300220,0,,,,98653115fc4277cf1fbcdf91299d77eb,e4d732da1ad0e937cf04e9e10cf41e37,,,,,,,,,,
トイフェント・ヘッド/B,Teufent Head/B,300230,0,,,,75818d34a5bc7a178500d5e26d6f042d,72c6cae513161d87cdfb3727462b680e,,,,,,,,,,
ドゥーカー・ヘッド/B,Ruka Head/B,300240,0,,,,c79911f44ea357c9c4fb350b21e6673e,0c2ed9794e8a4e63d199370cc7f6c4b0,,,,,,,,,,
フーディー・ヘッド,Fuuji Head,300250,0,,,,bb4d27b0fa5ac137c33de668bbe2296b,a0f81cc259a70be50d5b2c97f9e712c2,,,,,,,,,,
N-ライナー・ヘッド,N-Liner Head,300260,0,,,,ba7070fe340ce303b6fa73c36d0512d0,6ce36734a47c60db4d99713a393180bf,,,,,,,,,,
N-クリミナル・ヘッド,N-Criminal Head,300270,0,,,,7a3416117ea43d111c4812a3462b2f8b,5814e741094f86d7b97c4cc4aa5bdfa7,,,,,,,,,,
N-シュバル・ヘッド,N-Cheval Head,300280,0,,,,2388a0aad5bb9b5dd675b74b96e59a5a,5f74a4ba6bfebbc8cc190e483a0a5216,,,,,,,,,,
N-エグザギア・ヘッド,N-Exagia Head,300290,0,,,,5b8ce57ba4edec94acdb041549a2eb8f,02955be2023b115d3354ecc2729a1160,,,,,,,,,,
N-ゴルンレオ・ヘッド,N-Howling Leo Head,300300,0,,,,35cc5f97200f3a0a64bf0781d82cac2c,7ab22335521ad11d388e8b7c1f60a348,,,,,,,,,,
ヴァンダーファルクス・ヘッド,Wanderfalke Head,300320,0,,,,d226ae61d471c3aca06fa0fc6f6e92a5,19615cd674d962e84dc341f4b119d786,,,,,,,,,,
エンヴォージャー・ヘッド,Enforge Head,300330,0,,,,aad7bb537a197d24fbd0d873ba6b4393,74d68e733c01363df8e4f801917df68a,,,,,,,,,,
インフェルド・ヘッド,Infilt Head,300360,0,,,,ea65fecc7b6b4189921c7886fdb2f509,ddc39097b25f90d3f368ab3554631a97,,,,,,,,,,
N-クリミナル・ヘッド/B,N-Criminal Head/B,300370,0,,,,0a854e2abb7d328ad41fc92cd46e5a34,b4fdcd233cd845c4d8a4d28f006f3071,,,,,,,,,,
N-シュバル・ヘッド/B,N-Cheval Head/B,300380,0,,,,d894bbdb586ce1d3ba39f8f3a283bda1,22a4322370491284d9f9bd85ad875589,,,,,,,,,,
N-シュバル・ヘッド/C,N-Cheval Head/C,300390,0,,,,57fcc0b3f992c847c84565aa09e454d5,12f4c0ecd8a8cdc1e3989d99b5d9612b,,,,,,,,,,
N-ライナー・ヘッド/B,N-Liner Head/B,300410,0,,,,7fe239fff77eedd060aa71fe00cec10a,b0b43593dc471c9e064211919db95d57,,,,,,,,,,
N-エグザギア・ヘッド/B,N-Exagia Head/B,300430,0,,,,02db68c0c8cc9769be2c87bce1b66426,2769453aa6001a138699960289d86a77,,,,,,,,,,
￥トイフェント・シリーズ　ＴＶ３(迷彩)　ヘッド,,300433,0,,,,,,,,,,,,,,,
インフェルド・ヘッド/B,Infilt Head/B,300440,0,,,,e7018b6bf85613d8e18a6d7f5820971e,15c8868317c24ee690c5a064b0ffadc0,,,,,,,,,,
N-ライナー・ヘッドAF,N-Liner Head AF,300480,0,,,,f10a704d41195e6d389a68b0f384a3b2,cebed0f2fdb02636921bd1e5714cc36b,,,,,,,,,,
アルガスレイ・ヘッド,Arga Slay Head,300490,0,,,,da8b07921039a0e447d5f0b83af3d466,1e30c74d827d6b8d08570ace0c59398e,,,,,,,,,,
ドゥーカー・ヘッドUC,Ruka Head UC,300500,0,,,,cfda2603c48fcbcba1f135847d8a3ab5,bf9fbdf4d1860aa4ae6671d379142b0c,,,,,,,,,,
テナクス・ヘッド/B,Tenax Head/B,300510,0,,,,01727adf8ee0d11554bf6308c89dd982,b5bb8852d7caee7c8a1b4def74a58672,,,,,,,,,,
シュディング・ヘッド,Shting Head,300520,0,,,,61cb23755a61bf6dbf88898ebfd123d7,0074839f2c26fd12fb846bd3733dc99c,,,,,,,,,,
アドミニアル・ヘッド,Adminial Head,300530,0,,,,823e2b06a5de854b5e530c75a2b711f6,acd55b844eff174642d3d86c63b801ab,,,,,,,,,,
アドミニアル・ヘッド NPC,General's Head NPC,300539,0,,,,3819c85b39eda7b83207a351ae35375f,2f542a9ddb0fe9c7b9a31596ea5a9ea3,,,,,,,,,,
テスカトーラス・ヘッド,Tezcatloras Head,300540,0,,,,2c495776d7ab174e3307ce4f1ed288a0,a0a726626e1439b197454fd6566a4c61,,,,,,,,,,
N-エグザギア・ヘッド/C,N-Exagia Head/C,300550,0,,,,77e7e87b5d7185b9ed39ae2169f7396f,4f3942b00d6c352401e985ba278d2c72,,,,,,,,,,
ヴォルガルド・ヘッド,Volgard Head,300560,0,,,,f366d2eac8ad3aa377285b6a928c6c52,0e6970139dca4ee507936831b322a32e,,,,,,,,,,
インフェルド・ヘッドAF/B,Infilt Head AF/B,300570,0,,,,013a013513a6fc739916b1bece5d8795,3fa81972891b8e5c7730327081c18c9b,,,,,,,,,,
ディガーン・ヘッドUC,Di Gant Head UC,300590,0,,,,3e56c853d2a6e959a0016663d86ec610,2ae5120f2ff6a224c4992e0b9a5eb3ac,,,,,,,,,,
ディガーン・ヘッドAF,Di Gant Head AF,300600,0,,,,666dab988571b768e6dedc3703310236,8a7615fb6ae959aba0a94936a40e0bca,,,,,,,,,,
N-エグザギア・ヘッド/D,N-Exagia Head/D,300610,0,,,,a48882bbb72408dae91eaacf51745178,68125faae0444d38848d20d62fca837f,,,,,,,,,,
ザンナ・ヘッドAF,Zanna Head AF,300620,0,,,,21b85ceb8b9d1435c86ce4d7d7a7370d,12097f3c8045fc153aba5012929e4dca,,,,,,,,,,
レイスターン・ヘッド,Raystern Head,300680,0,,,,85547017603caf7a7027ed63e3d435a6,d80ab83c0ee35f603f57262febe9404f,,,,,,,,,,
レイスターン・ヘッド/B,Raystern Head/B,300690,0,,,,8c8ac80ea76f2ba44db6f80141aae3fc,d3f6989f20c41118682ab6976934f6d9,,,,,,,,,,
ガルネージ・ヘッド,Galnage Head,300700,0,,,,7bd597312bb133f9e13bcd45ecdbbd8d,774d6b09248b7e9633f6f9e07c67c4ff,,,,,,,,,,
ガルネージ・ヘッド/B,Galnage Head/B,300710,0,,,,f89d2ec59feabec43139620de2673d4a,544675fc09678660ee5a7675f18a92ef,,,,,,,,,,
￥ライカンスローダ・シリーズ　ヘッド,,300720,0,,,,,,,,,,,,,,,
￥ライカンスローダ・シリーズ(汚れ無し版)　ヘッド,,300730,0,,,,,,,,,,,,,,,
アドミニアル・ヘッド/B,Adminial Head/B,300790,0,,,,e9336413be0e45bbdc4364a8afd495b8,7dedbf3927e93e09d3ef5d1f606c55db,,,,,,,,,,
アドミニアル・ヘッド/B NPC,General's Head/B NPC,300799,0,,,,5c4191a346561bfebedbe43aa264882b,50658810ae1155750084ea035afcec50,,,,,,,,,,
アクラオ・ヘッドUC,Demon King Head UC,300810,0,,,,841e993fa0d9be463876850bcc628c6a,d4ccb6daa20694ca8f1966a41c6ab84f,,,,,,,,,,
アクラオ・ヘッドMF,Demon King Head MF,300820,0,,,,36d1992fafde7d348ee3f9f791495539,bcfcb59b1fb2a639f7c57d00adc56a9b,,,,,,,,,,
ギャレスト・ヘッドUC,Garrest Head UC,300850,0,,,,917ed24de3c58bb46199577c6c6fac77,c473004232637d75041a75a68e225602,,,,,,,,,,
ギャレスト・ヘッドMF,Garrest Head MF,300860,0,,,,ce7430335b87de9310e585a1f7e60466,9801fec5e62a4f4bda9523eda0fa8637,,,,,,,,,,
フレズヴェルク＝アーテル・ヘッド,Hresvelgr=Ater Head,300890,0,,,,e1470a8dca3260f3b7002087b2c301f8,e83cde94abfd0c91b01ff1ebe394cdcb,,,,,,,,,,
フレズヴェルク＝アーテル・ヘッド/B,Hresvelgr=Ater Head/B,300910,0,,,,451d1a9343f78f47c1b7cecfe2cf5da7,e2abb53080dd4530e26a9bd6ac0161cf,,,,,,,,,,
ドゥーカー・ヘッドMF,Ruka Head MF,300920,0,,,,bf97776adc8e6fb284ab743ac896bd09,2428660168dc93551a1b058967bcf97e,,,,,,,,,,
トイフェント・ヘッドUC,Teufent Head UC,300940,0,,,,52f4049ea29a9d2ff5b3fd2a9e41d75e,df689301e5df996c6160f69d2952b720,,,,,,,,,,
