[Unnamed 100000],,100000,0bd5b01bbc2d17ac77c4eed77a3934f7,01a0c649807199839ea6215a110dabbf
,[HQ Ice],b974444259cc3bb97ed24fd91603422c
メイズクォーター[Se],Mates Quarter [Se],100010,57452faf3db8c574f20c2e4b0c81ef3e,bb819f320280d7e5024426f7bb8cf8fa
,[HQ Ice],f3d27bccac74079e2d1149b2e3d80a0e
,[Footstep sounds],e386d0c6cd94bc6f27cf3d218d801a56
￥[NPC]ＮＥＷアッシュ　ＴＶ１　Ｃ１[Se],,100019,97d760704110faca25daba5713b03016,fec6971af421b507dfd7d8f114b66228, (Not found)
,[HQ Ice],143884297380195042392d13478acf00
,[Footstep sounds],e386d0c6cd94bc6f27cf3d218d801a56
オペラーテユニヴス[Ba],Operatii Univus [Ba],100020,0514158cd1345a3405cde47c5818fd30,2c8fb1762220f1e96ed2498f02d38b12
,[HQ Ice],f335dfe984670ba03b386ec9559ed45a
,[Footstep sounds],e5daa54833296b752cf6de4554eeb8f1
オペラーテユニヴス/2[Ba],Operatii Univus/2 [Ba],100021,0514158cd1345a3405cde47c5818fd30,9e73c0e3519739a5146e50dca42345d9
,[HQ Ice],f335dfe984670ba03b386ec9559ed45a
￥[NPC]オペレータ男性服]　ＴＶ１　Ｃ１[Ba],,100029,dd602a2a994482f6c961aa2c20169536, (Not found),8deed1faaeeff8d2cd2164f8e87cf912, (Not found)
,[HQ Ice],b0509cb6d9dd1633e7ab48ae986cca4c, (Not found)
クラークユニヴス[Ba],Clark Univus [Ba],100030,777e00ef5c9e536855a5caa2b095d2e4,05f9e9b6ebad6b1a71960280d9d3264c
,[HQ Ice],60333ef7e34b9a5fcb6f6ba6711f9a07
,[Footstep sounds],e386d0c6cd94bc6f27cf3d218d801a56
クラークユニヴス/2[Ba],Clark Univus/2 [Ba],100031,777e00ef5c9e536855a5caa2b095d2e4,13be426710ebd00535465f8d98b8eaf3
,[HQ Ice],60333ef7e34b9a5fcb6f6ba6711f9a07
￥[NPC]セントラルショップ店員男性　ＴＶ１　Ｃ１[Ba],,100039,f285ef3ae05904ea07f774fa35d6bcdc, (Not found),38030e8edf0927a524a4d6a9810add16, (Not found)
,[HQ Ice],edcd3028b323384a01442afcf3adea0f, (Not found)
[Unnamed 100040],,100040,335d576c632b994ba24849fc116a21ec,67e9a0ae07f1d2027e71838ab4fa8390, (Not found)
,[HQ Ice],264cf0f9e0ac3686d62e28e8847e9a61
[Unnamed 100049],,100049,4a8f790feb96c7cb79a67476bba9e4f2,a5e9bd1c00516b2de2c47d5179ed9ab1, (Not found)
,[HQ Ice],b9ba3520f83390d8ab89cca057fe1af0
,[Footstep sounds],c1211982ac1b547053ed1012be982e84
N-シークイェーガー[Se],N-Sieg Jaeger [Se],100060,bc4c2ec0bc9b2d4899b40c6207bfa5f3,4d49c30a255b95295f3b5f01f440573d
,[HQ Ice],bd8c1784ca52c0fe14a1e3120333c3c7
,[Footstep sounds],e5daa54833296b752cf6de4554eeb8f1
N-シークイェーガー/2[Se],N-Sieg Jaeger/2 [Se],100061,bc4c2ec0bc9b2d4899b40c6207bfa5f3,418659a70629a01e8548a516590f40b4
,[HQ Ice],bd8c1784ca52c0fe14a1e3120333c3c7
N-カースドコート[Se],N-Cursed Coat [Se],100070,e5ec5f52603bdbef208ec16d04427041,a0e544a7336fc0faadf7b96cb08d18e0
,[HQ Ice],2ca94901082cb8c9497f564372f63574
,[Footstep sounds],c1211982ac1b547053ed1012be982e84
N-カースドコート/2[Se],N-Cursed Coat/2 [Se],100071,e5ec5f52603bdbef208ec16d04427041,7b12a09b37d657e592f007ab3d301881
,[HQ Ice],2ca94901082cb8c9497f564372f63574
N-ディレクトスラックス[Ba],N-Director Slacks [Ba],100080,38f3cddef2f8bcbc31f597df67d616d4,17ede8afa21f581b790f797d00eb0e74
,[HQ Ice],efb23d2cb64a462498c405cf7f6912b1
,[Footstep sounds],c1211982ac1b547053ed1012be982e84
N-ディレクトスラックス/2[Ba],N-Director Slacks/2 [Ba],100081,38f3cddef2f8bcbc31f597df67d616d4,3deaf0a152d9e1bfa58ee93ddca9a77f
,[HQ Ice],efb23d2cb64a462498c405cf7f6912b1
N-ディレクトスラックス/3[Ba],N-Director Slacks/3 [Ba],100082,38f3cddef2f8bcbc31f597df67d616d4,478ac15674ea2d878f4776b0794e9712
,[HQ Ice],efb23d2cb64a462498c405cf7f6912b1
N-ディレクトスラックス/4[Ba],N-Director Slacks/4 [Ba],100083,38f3cddef2f8bcbc31f597df67d616d4,dabd0bb4eabdbbd089c1f310122130e7
,[HQ Ice],efb23d2cb64a462498c405cf7f6912b1
N-ドラグナーコート[Se],N-Dragnar Coat [Se],100090,d92274fb8452f8869ebe15d3b46c71ea,866d3e02456102842e7d99fa866aba91
,[HQ Ice],79b7626e74c27a33ddab293d276b4e2c
,[Footstep sounds],8f1c93b4f9c6073b354484ec1faf3493
N-ドラグナーコート/2[Se],N-Dragnar Coat/2 [Se],100091,d92274fb8452f8869ebe15d3b46c71ea,277372075978068460c2454eb1f3725f
,[HQ Ice],79b7626e74c27a33ddab293d276b4e2c
N-ウルティオン[Se],N-Ultion [Se],100100,df21db11d992b1459e8f3d0b1d4c4951,7a93efd513432af367c798884ce34741
,[HQ Ice],830864054b8184144d39b06795e71aa5
,[Footstep sounds],c1211982ac1b547053ed1012be982e84
N-ウルティオン/2[Se],N-Ultion/2 [Se],100101,df21db11d992b1459e8f3d0b1d4c4951,edd4b9cdd7e5fc6b893212ab2c9cde06
,[HQ Ice],830864054b8184144d39b06795e71aa5
N-ウルティオン/3[Se],N-Ultion/3 [Se],100102,df21db11d992b1459e8f3d0b1d4c4951,27eac77817d47f2afe1a6209c58ede46
,[HQ Ice],830864054b8184144d39b06795e71aa5
N-ウルティオン/4[Se],N-Ultion/4 [Se],100103,df21db11d992b1459e8f3d0b1d4c4951,57253dd96b76cb72351bd4cd6c458430
,[HQ Ice],830864054b8184144d39b06795e71aa5
センティルトコート[Se],Sentilt Coat [Se],100110,5fd88ff44de147f1e7d113dc1a0fdd15,ccc5ff218a851af26625c695436c44a2
,[HQ Ice],66fcdbf30c950896d0bc62ffb3ad7247
,[Footstep sounds],d708e64c4f43dfe42191e00534b77c19
エアリオウォルダ[Ba],Aelio Wardat [Ba],100120,45bca291f21fa79ac0f076cca7eb7013,6c3b1408dbcb2f820d7d974f07bcdb75
,[HQ Ice],b4f662632d370e402906b46fef2d8992
,[Footstep sounds],42283c57187e58faa0911e911a7968d3
エアリオウォルダ/2[Ba],Aelio Wardat/2 [Ba],100121,45bca291f21fa79ac0f076cca7eb7013,7974da86baeed3a999582aa8b124e4ca
,[HQ Ice],b4f662632d370e402906b46fef2d8992
ヴァンフォルテス[Ba],Vent Fortes [Ba],100130,4a6d7209cec59c9f98792a9accb19ca4,b96e7321610b6e017d4d3ae0bcbf9af9
,[Alt Model],e77955d7cbfd06b1e0ad408a209d9489
,[HQ Ice],a9b3cd0dcfdf57e9cc1038113b3ba0e2
,[HQ Alt Model],59fb01c314d6025c222ade20321c16cd
,[Footstep sounds],8fcef01c40dcac33362e489813e558e6
ヴァンフォルテス/2[Ba],Vent Fortes/2 [Ba],100131,4a6d7209cec59c9f98792a9accb19ca4,f344f0041b38d1541128ac79ec39da32
,[Alt Model],e77955d7cbfd06b1e0ad408a209d9489
,[HQ Ice],a9b3cd0dcfdf57e9cc1038113b3ba0e2
,[HQ Alt Model],59fb01c314d6025c222ade20321c16cd
クーヴェルウィーズ[Se],Cober Vis [Se],100140,20c21e8c61a2be1fe26b7b9277f49616,4dec23284b81673c66f77300529dc7e0
,[HQ Ice],bb414529ee4cc20dbd647bf9b7220306
,[Footstep sounds],e386d0c6cd94bc6f27cf3d218d801a56
クーヴェルウィーズ/2[Se],Cober Vis/2 [Se],100141,20c21e8c61a2be1fe26b7b9277f49616,8d021bba87e8de707f88d245fc9ac1c0
,[HQ Ice],bb414529ee4cc20dbd647bf9b7220306
ルロウセイザン[Se],Nomad Seizan [Se],100150,f40988f6a24dbab2a485e76ca039e327,291f7efbb56356fd694b2267c1b9e4e4
,[HQ Ice],cb0f8b6745fe7ef31f9c632a99376687
,[Footstep sounds],e386d0c6cd94bc6f27cf3d218d801a56
ルロウセイザン/2[Se],Nomad Seizan/2 [Se],100151,f40988f6a24dbab2a485e76ca039e327,db312a2a16e96ddd92e5e49208bc5529
,[HQ Ice],cb0f8b6745fe7ef31f9c632a99376687
ルロウセイザン/3[Se],Nomad Seizan/3 [Se],100152,f40988f6a24dbab2a485e76ca039e327,e175bd7f7c7653769b325507a968099d
,[HQ Ice],cb0f8b6745fe7ef31f9c632a99376687
ルロウセイザン/4[Se],Nomad Seizan/4 [Se],100153,f40988f6a24dbab2a485e76ca039e327,d91566268da679c57d137e6fef783949
,[HQ Ice],cb0f8b6745fe7ef31f9c632a99376687
ヘインスティルク[Se],Darc Stylk [Se],100160,10689cb8e0d3273f968b31028184e6e8,770e6b9473d8d4cbdceaa5e1da49c1ed
,[HQ Ice],e78700eecb2a40ef5d94531111dd5c17
,[Footstep sounds],c1211982ac1b547053ed1012be982e84
ヘインスティルク/2[Se],Darc Stylk/2 [Se],100161,10689cb8e0d3273f968b31028184e6e8,af5b92814076c6d84c5ddb462dbfe2c3
,[HQ Ice],e78700eecb2a40ef5d94531111dd5c17
ヘインスティルク/3[Se],Darc Stylk/3 [Se],100162,10689cb8e0d3273f968b31028184e6e8,bbace1d7228ca61820827790af72d95e
,[HQ Ice],e78700eecb2a40ef5d94531111dd5c17
ヘインスティルク/4[Se],Darc Stylk/4 [Se],100163,10689cb8e0d3273f968b31028184e6e8,da71e77128d5bdea1491e7d61987d99e
,[HQ Ice],e78700eecb2a40ef5d94531111dd5c17
クヴァリスウォルダ[Ba],Kvaris Wardat [Ba],100170,8928ddc18819a4b67cc2144d9b33fcfa,a8bc2a2cb9ff9aa0def3d4a42cab1dd5
,[HQ Ice],39529087249f142236127d1affb81809
,[Footstep sounds],8f1c93b4f9c6073b354484ec1faf3493
N-クローズクォーター[Ba],N-Close Quarters [Ba],100180,f591f9c97247e94d5516ee0078f2c01f,a995ecf56d356c7c9513ac431237f1df
,[HQ Ice],f5a855e6c836e2ea84466320ab3db413
,[Footstep sounds],e386d0c6cd94bc6f27cf3d218d801a56
N-クローズクォーター/2[Ba],N-Close Quarters/2 [Ba],100181,f591f9c97247e94d5516ee0078f2c01f,45112c709a95bed79c3feb52364b9fb5
,[HQ Ice],f5a855e6c836e2ea84466320ab3db413
N-クローズクォーター/3[Ba],N-Close Quarters/3 [Ba],100182,f591f9c97247e94d5516ee0078f2c01f,1c30244754cb1d87ca8116863dcf5a30
,[HQ Ice],f5a855e6c836e2ea84466320ab3db413
N-クローズクォーター/4[Ba],N-Close Quarters/4 [Ba],100183,f591f9c97247e94d5516ee0078f2c01f,c3ea62ecd50f9c4f11f9459fba38790f
,[HQ Ice],f5a855e6c836e2ea84466320ab3db413
N-カナギセイカイ[Se],N-Divine Priest [Se],100190,83ec39dc13554299bc36df6094436cca,ce3f0fc0fa74a81660c91727817a00b5
,[HQ Ice],67464c9125a208195f3e228593910626
,[Footstep sounds],751cfcc0ddf70b87d9d4b6705793d0bf
N-カナギセイカイ/2[Se],N-Divine Priest/2 [Se],100191,83ec39dc13554299bc36df6094436cca,174f346065c8fca7a05c20b096aebbfd
,[HQ Ice],67464c9125a208195f3e228593910626
N-カナギセイカイ/3[Se],N-Divine Priest/3 [Se],100192,83ec39dc13554299bc36df6094436cca,ac97b155c03f63aaafc62e69060bd20b
,[HQ Ice],67464c9125a208195f3e228593910626
N-カナギセイカイ/4[Se],N-Divine Priest/4 [Se],100193,83ec39dc13554299bc36df6094436cca,177ffc7bc1495b5b6ad5a1435785bf93
,[HQ Ice],67464c9125a208195f3e228593910626
バウナスボーア[Se],Bounca Boa [Se],100250,b46a3417de36069a79ffd6709dfc5f9e,2a08e34dfcc29919595c1944a13fd13d
,[HQ Ice],87be17caf202a4049d8e30016e894465
,[Footstep sounds],8fcef01c40dcac33362e489813e558e6
バウナスボーア/2[Se],Bounca Boa/2 [Se],100251,b46a3417de36069a79ffd6709dfc5f9e,de796e2aaa7e4f0aeaa24b87b1b82ed4
,[HQ Ice],87be17caf202a4049d8e30016e894465
アルテヴァトラーヌ[Ba],Arte Vutlerne [Ba],100260,d326e1ae436666c02f73df176a12835d,9de723068c1edf4094fc0ea5bdb1659d
,[HQ Ice],8efa6b78d390c8b8996aa84bf0623518
,[Footstep sounds],c1211982ac1b547053ed1012be982e84
アルテヴァトラーヌ/2[Ba],Arte Vutlerne/2 [Ba],100261,d326e1ae436666c02f73df176a12835d,e5b7968ef978d8cbade9e962d06630a5
,[HQ Ice],8efa6b78d390c8b8996aa84bf0623518
アルテヴァトラーヌ/3[Ba],Arte Vutlerne/3 [Ba],100262,d326e1ae436666c02f73df176a12835d,c5d495f9c4bae9c4bfa1862c9075e2b9
,[HQ Ice],8efa6b78d390c8b8996aa84bf0623518
アルテヴァトラーヌ/4[Ba],Arte Vutlerne/4 [Ba],100263,d326e1ae436666c02f73df176a12835d,fb5bae7c68b1fab55e6b81cc855a96a3
,[HQ Ice],8efa6b78d390c8b8996aa84bf0623518
ヴァンアルティメラ[Se],Vent Ultimela[Se],100280,40e628d694562422399dd1bf4da4834e,25a96c13cf83ccdd0b7425a5e22cd326
,[HQ Ice],456db955fc80146e31387a3d087e4678
,[Footstep sounds],8fcef01c40dcac33362e489813e558e6
ヴァンアルティメラ/2[Se],Vent Ultimela/2[Se],100281,40e628d694562422399dd1bf4da4834e,bbfa862430e621bc3b67d71508bd9b3a
,[HQ Ice],456db955fc80146e31387a3d087e4678
￥ガロア①筋骨隆々NPC[Se],,100289,d16de6496dc9369df231ad2207adde1e,97d1ce148d6e03c8aa9d13cffe179198, (Not found)
,[HQ Ice],f66785f0ac9716afc4432cf1be07c3c4
プリテールディーノ[Se],Pritail Deeno [Se],100300,ed309d1da9c050efdf9ab4d70c8b0c21,bd649f72b4ed9c1cce9ab042bd37e4c4
,[HQ Ice],62ca7af125f7c89f7bccd16fe1dfb242
,[Footstep sounds],c1211982ac1b547053ed1012be982e84
プリテールディーノ/2[Se],Pritail Deeno/2 [Se],100301,ed309d1da9c050efdf9ab4d70c8b0c21,9e4326447d67d59dbc0245c26b71ea16
,[HQ Ice],62ca7af125f7c89f7bccd16fe1dfb242
プリテールディーノ/3[Se],Pritail Deeno/3 [Se],100302,ed309d1da9c050efdf9ab4d70c8b0c21,331d88c68989f24b2173a4321813de01
,[HQ Ice],62ca7af125f7c89f7bccd16fe1dfb242
プリテールディーノ/4[Se],Pritail Deeno/4 [Se],100303,ed309d1da9c050efdf9ab4d70c8b0c21,fee033647499d1ae534a3e09cd37781e
,[HQ Ice],62ca7af125f7c89f7bccd16fe1dfb242
マールナフィーロ[Ba],Maal Nefaro [Ba],100310,d6378e3a31b3e33d2ba6f5e65451f1a8,850e8c4f85a1792c771d72a052076416
,[HQ Ice],b1b7c8eb799bbf56321b0f41db544e93
,[Footstep sounds],c1211982ac1b547053ed1012be982e84
マールナフィーロ/2[Ba],Maal Nefaro/2 [Ba],100311,d6378e3a31b3e33d2ba6f5e65451f1a8,29f5002cd067ce49d891222dba7ad178
,[HQ Ice],b1b7c8eb799bbf56321b0f41db544e93
￥[NPC]セントラル普段着男[Ba],,100319,fe92b555063b4d22db132320c07a9fcb, (Not found),4aae845d756b7cdd508bfad249503dff, (Not found)
,[HQ Ice],1342d4ac164a71db69f8a3c9fa8e2822, (Not found)
マリューンタウハー[Ba],Marine Taucher [Ba],100320,3a716bbce28c0301fb8bf0e1fccf3c8a,f39ad08c4ae226a92036598cc4a9d939
,[HQ Ice],97b9de59f0a7c09c370b19ed76086167
,[Footstep sounds],751cfcc0ddf70b87d9d4b6705793d0bf
マリューンタウハー/2[Ba],Marine Taucher/2 [Ba],100321,3a716bbce28c0301fb8bf0e1fccf3c8a,b639b8cea5ea0c609ff075f064ec8008
,[HQ Ice],97b9de59f0a7c09c370b19ed76086167
マリューンタウハー/3[Ba],Marine Taucher/3 [Ba],100322,3a716bbce28c0301fb8bf0e1fccf3c8a,b24fa3ae56911fd0722d9477cea7eff4
,[HQ Ice],97b9de59f0a7c09c370b19ed76086167
マリューンタウハー/4[Ba],Marine Taucher/4 [Ba],100323,3a716bbce28c0301fb8bf0e1fccf3c8a,714877ff4b70c7590bf2b6d02b822961
,[HQ Ice],97b9de59f0a7c09c370b19ed76086167
サンティスマリーニオ[Se],Santisse Marino [Se],100330,1ac5d31805730154eb9de663f7d4e78a,4e322ffa4813b33d0640fd721a6e14ee
,[HQ Ice],f84acd9e67c313baeb7543241b2f9a97
,[Footstep sounds],c1211982ac1b547053ed1012be982e84
サンティスマリーニオ/2[Se],Santisse Marino/2 [Se],100331,1ac5d31805730154eb9de663f7d4e78a,a43e74becc634e666b87217cab96f474
,[HQ Ice],f84acd9e67c313baeb7543241b2f9a97
サンティスマリーニオ/3[Se],Santisse Marino/3 [Se],100332,1ac5d31805730154eb9de663f7d4e78a,651809755e970b577b9ab080e40c202d
,[HQ Ice],f84acd9e67c313baeb7543241b2f9a97
サンティスマリーニオ/4[Se],Santisse Marino/4 [Se],100333,1ac5d31805730154eb9de663f7d4e78a,27e4f33215719faa37daea217453a7ae
,[HQ Ice],f84acd9e67c313baeb7543241b2f9a97
マーレスゼファー[Ba],Merres Sefrau [Ba],100340,f2ddc1ea0875761e33416ff476a7e2a8,bda327124ec2f25703616b3258a7bf39
,[HQ Ice],c04f08a978eec3907fb987c32351d1b0
,[Footstep sounds],e5daa54833296b752cf6de4554eeb8f1
マーレスゼファー/2[Ba],Merres Sefrau/2 [Ba],100341,f2ddc1ea0875761e33416ff476a7e2a8,dd96ccc44df40eb31da997bac2161ca4
,[HQ Ice],c04f08a978eec3907fb987c32351d1b0
マーレスゼファー/3[Ba],Merres Sefrau/3 [Ba],100342,f2ddc1ea0875761e33416ff476a7e2a8,310c40f7127378ef60e2ca6324404324
,[HQ Ice],c04f08a978eec3907fb987c32351d1b0
マーレスゼファー/4[Ba],Merres Sefrau/4 [Ba],100343,f2ddc1ea0875761e33416ff476a7e2a8,7b2d39da0f893f9575586770cdf0e343
,[HQ Ice],c04f08a978eec3907fb987c32351d1b0
ヴァルトメンハイト[Ba],Vollkommenheit [Ba],100350,88c5f324743136b3134939d7201a99b9,aaeffebadd8b7d284649e0903f4c8294
,[HQ Ice],63b20e12d1c641d551949884f0b08948
,[Footstep sounds],42283c57187e58faa0911e911a7968d3
ヴァルトメンハイト/2[Ba],Vollkommenheit/2 [Ba],100351,88c5f324743136b3134939d7201a99b9,2499e4fed242c50074da4180cf98f2cc
,[HQ Ice],63b20e12d1c641d551949884f0b08948
ヴァルトメンハイト/3[Ba],Vollkommenheit/3 [Ba],100352,88c5f324743136b3134939d7201a99b9,a6cbc326a436da32636341da533291de
,[HQ Ice],63b20e12d1c641d551949884f0b08948
ヴァルトメンハイト/4[Ba],Vollkommenheit/4 [Ba],100353,88c5f324743136b3134939d7201a99b9,f55fc3f5e12f8ce7496db64f1ae52d16
,[HQ Ice],63b20e12d1c641d551949884f0b08948
アリーアラピート[Se],Aria Rapid [Se],100380,dc46e807bba4f3ed26ff6282ecb1776c,26bf6257ca5875bdfeb90b385ae5793c
,[HQ Ice],038e8f43bf7eff4f6013bb2b0e73fdc9
,[Footstep sounds],64b28414fa1a655b067d6fa5b05777f5
アリーアラピート/2[Se],Aria Rapid/2 [Se],100381,dc46e807bba4f3ed26ff6282ecb1776c,6c27113867345d8b07aa755fd2b1cbd9
,[HQ Ice],038e8f43bf7eff4f6013bb2b0e73fdc9
アリーアラピート/3[Se],Aria Rapid/3 [Se],100382,dc46e807bba4f3ed26ff6282ecb1776c,6cb0d5fb8147b0308835ca9e51f281b4
,[HQ Ice],038e8f43bf7eff4f6013bb2b0e73fdc9
アリーアラピート/4[Se],Aria Rapid/4 [Se],100383,dc46e807bba4f3ed26ff6282ecb1776c,9ed8fa1f63b2f3465a1d36fab28ea3ce
,[HQ Ice],038e8f43bf7eff4f6013bb2b0e73fdc9
モウショウハドウ[Ba],Guerrier Militant [Ba],100390,904442eae05d757970b15b18961eb29d,25c66e3c7ff1438bb38066dc642f87e2
,[HQ Ice],4dcd5b410a67383ed664b9105bf0936d
,[Footstep sounds],d727b4c40bdaa8902814c7f2d2c2c089
モウショウハドウ/2[Ba],Guerrier Militant/2 [Ba],100391,904442eae05d757970b15b18961eb29d,7c09a98a4ec7f33dfd8fb00033683675
,[HQ Ice],4dcd5b410a67383ed664b9105bf0936d
モウショウハドウ/3[Ba],Guerrier Militant/3 [Ba],100392,904442eae05d757970b15b18961eb29d,d82431498d332965b1714e88d7d9d3e2
,[HQ Ice],4dcd5b410a67383ed664b9105bf0936d
モウショウハドウ/4[Ba],Guerrier Militant/4 [Ba],100393,904442eae05d757970b15b18961eb29d,ccd5d44b04cf53dcf919b427aa7c890c
,[HQ Ice],4dcd5b410a67383ed664b9105bf0936d
フォーメルクライド[Se],Formal Clyde [Se],100400,06291e5a3f68259ec72354dcad1123d1,7fa5dcd512fc470b480aeffff65661ff
,[HQ Ice],ce1abcda5f8deccd172f584c55de9570
,[Footstep sounds],c1211982ac1b547053ed1012be982e84
フォーメルクライド/2[Se],Formal Clyde/2 [Se],100401,06291e5a3f68259ec72354dcad1123d1,02247e14042b0b62752d43438c3e12ee
,[HQ Ice],ce1abcda5f8deccd172f584c55de9570
フォーメルクライド/3[Se],Formal Clyde/3 [Se],100402,06291e5a3f68259ec72354dcad1123d1,180f6e66dd7bff368fd1bba3f20ebea2
,[HQ Ice],ce1abcda5f8deccd172f584c55de9570
フォーメルクライド/4[Se],Formal Clyde/4 [Se],100403,06291e5a3f68259ec72354dcad1123d1,5b1cfde1d038f32e08ac2c8938c9c0b6
,[HQ Ice],ce1abcda5f8deccd172f584c55de9570
ルーデスヴェール[Ba],Loosse Veil [Ba],100410,37d3ba3ccb4ffc2d4ad92f6368d9d981,a2211f997982659d866b52255645c188
,[HQ Ice],37237a2a09201b850095c9b305fc6b14
,[Linked Inners (SQ, HQ)],6448ada6d4c32a36b232881edfc8d1bf,f6d1008924bd350ce667694b4289826a
,[Footstep sounds],8fcef01c40dcac33362e489813e558e6
ルーデスヴェール/2[Ba],Loosse Veil/2 [Ba],100411,37d3ba3ccb4ffc2d4ad92f6368d9d981,dd069cb96534bc8be74fec5380f13c43
,[HQ Ice],37237a2a09201b850095c9b305fc6b14
フウガレッカ[Se],Regal Phoenix [Se],100420,ee1da808d0afff5434a92903f44d71e4,7ee5fc0dfb2ae6ad78b4febfd08df553
,[HQ Ice],b66251dd025848637dae8eead2cb9663
,[Footstep sounds],406f6ae547b88ef4eb810c62243fc16e
フウガレッカ/2[Se],Regal Phoenix/2 [Se],100421,ee1da808d0afff5434a92903f44d71e4,1cc6618b3c28ee82347090b60d7f8d8f
,[HQ Ice],b66251dd025848637dae8eead2cb9663
シュテールクリーゲル[Ba],Starr Krieger [Ba],100430,c32257ccea3ba0f800a76aaf997b6bc3,e7e2c3a5e51e1eae06ffb818e5345f6a
,[HQ Ice],93b24f4da4f43b749c97e60eec86297c
,[Linked Inners (SQ, HQ)],a81c2c55471e33b41f5a4209df856380,3b359114e31892e6892f7c587fe042fa
,[Footstep sounds],0215a6dea63ec81b66a5034cd0f071ee
シュテールクリーゲル/2[Ba],Starr Krieger/2 [Ba],100431,c32257ccea3ba0f800a76aaf997b6bc3,d1fd63ad68b042c83b0ea136dea2a06f
,[HQ Ice],93b24f4da4f43b749c97e60eec86297c
マールサージン[Ba],Maal Sandstorm [Ba],100460,4b1312b679745c6c7cacd3055abb6af3,34a0eaa1cc116a08d2596081e933e0dc
,[HQ Ice],072ebca1a110dde40b831901e3043a49
,[Footstep sounds],cd11cf77827b7d82ce724b933479b11d
マールサージン/2[Ba],Maal Sandstorm/2 [Ba],100461,4b1312b679745c6c7cacd3055abb6af3,9d535f3a7b79f818cbd607fd8f4f93d5
,[HQ Ice],072ebca1a110dde40b831901e3043a49
マールサーリウ[Ba],Maal Sandquick [Ba],100470,052f7648571ef83d94168b48609bef33,5fc285504976e4eb60d1fa547d5203d4
,[HQ Ice],67a8d128cc32a179700976f90890cc03
,[Linked Inners (SQ, HQ)],6b1aee531ec30c1d85b6f14222603bb1,ee17117298790a39e788d2ef9c84931f
,[Footstep sounds],751cfcc0ddf70b87d9d4b6705793d0bf
リテムウォルダ[Ba],Retem Wardat [Ba],100480,80bfb19629e445f1fb2bd04e12ea01a5,2fdbc70a507544c81e150caa220b5239
,[HQ Ice],e929b370a947524c03dfe632570794d7
,[Footstep sounds],e386d0c6cd94bc6f27cf3d218d801a56
リテムウォルダ/2[Ba],Retem Wardat/2 [Ba],100481,80bfb19629e445f1fb2bd04e12ea01a5,c382e94e036cfaf99eb9c1cacc54edfc
,[HQ Ice],e929b370a947524c03dfe632570794d7
カリギナフーシエ[Se],Karigina Hu-Xian [Se],100500,1420ed1659eca5ae0d021cdb8c707135,04b9c9c55dee4dcd27af362807aeff3d
,[HQ Ice],4912752fa5ff7372e911eb1f6cdbed61
,[Linked Inners (SQ, HQ)],5fe8fccc5aded7d3944d80a8921f8c8c,0ee81bdae8a1128bb4f778d956d1fd58
,[Footstep sounds],751cfcc0ddf70b87d9d4b6705793d0bf
カリギナフーシエ/2[Se],Karigina Hu-Xian/2 [Se],100501,1420ed1659eca5ae0d021cdb8c707135,50dc982f3bf8761d7bd4122fb5978307
,[HQ Ice],4912752fa5ff7372e911eb1f6cdbed61
カリギナフーシエ/3[Se],Karigina Hu-Xian/3 [Se],100502,1420ed1659eca5ae0d021cdb8c707135,092630f6312dd86d2256d873944b616e
,[HQ Ice],4912752fa5ff7372e911eb1f6cdbed61
カリギナフーシエ/4[Se],Karigina Hu-Xian/4 [Se],100503,1420ed1659eca5ae0d021cdb8c707135,0d9ed665cdce799472d9ceb85107b83e
,[HQ Ice],4912752fa5ff7372e911eb1f6cdbed61
ディシプルフォーマ[Se],Discipli Forma [Se],100510,76182c178d74c5368cceedfc783a8b4b,7b0dbbbaaaa2affb6995db168587483c
,[HQ Ice],04f1355cc03418f6dbbe879e628c6e13
,[Footstep sounds],c1211982ac1b547053ed1012be982e84
ディシプルフォーマ/2[Se],Discipli Forma/2 [Se],100511,76182c178d74c5368cceedfc783a8b4b,04b9211fd0875e2388e5526082020d0e
,[HQ Ice],04f1355cc03418f6dbbe879e628c6e13
ローグズワール[Se],Rogue Zwaar [Se],100520,ffb50cd7b0b87bbe2646895fe6a5ce57,74c0bbfc57be9f511c37a28859f5eea5
,[HQ Ice],a5be8c850c453dcbe672fca35ebd6c69
,[Linked Inners (SQ, HQ)],84e34b0ded2f7601a21bf4f89d5b4c7e,262afa7f2c5e4a68cc8ecc2decdaab2e
,[Footstep sounds],02702314f3a0ef0861eb6188cfe23e9e
ローグズワール/2[Se],Rogue Zwaar/2 [Se],100521,ffb50cd7b0b87bbe2646895fe6a5ce57,513bc5e1917ad9d7699d495c9cb4daf0
,[HQ Ice],a5be8c850c453dcbe672fca35ebd6c69
ローグズワール/3[Se],Rogue Zwaar/3 [Se],100522,ffb50cd7b0b87bbe2646895fe6a5ce57,b4a1c982b2449538dfacdf8c0bc5315e
,[HQ Ice],a5be8c850c453dcbe672fca35ebd6c69
ローグズワール/4[Se],Rogue Zwaar/4 [Se],100523,ffb50cd7b0b87bbe2646895fe6a5ce57,a3512125b19ffd91adde71b029709802
,[HQ Ice],a5be8c850c453dcbe672fca35ebd6c69
アールミューコート[Se],Armure Coat [Se],100530,4e9731144e016a85d56e73bf34c2292d,47d1901d78de4aed8e3508b3f14e0bb3
,[HQ Ice],7bb35fd73177a1a165871943285fc92d
,[Footstep sounds],c1211982ac1b547053ed1012be982e84
アールミューコート/2[Se],Armure Coat/2 [Se],100531,4e9731144e016a85d56e73bf34c2292d,d4068cf2543794eec889c5499a146944
,[HQ Ice],7bb35fd73177a1a165871943285fc92d
アールミューコート/3[Se],Armure Coat/3 [Se],100532,4e9731144e016a85d56e73bf34c2292d,1f399ae41bdb366eaed7bd86ad2b5734
,[HQ Ice],7bb35fd73177a1a165871943285fc92d
アールミューコート/4[Se],Armure Coat/4 [Se],100533,4e9731144e016a85d56e73bf34c2292d,b9a14c43e44e74954b99be792d5085b2
,[HQ Ice],7bb35fd73177a1a165871943285fc92d
ドラッヘムルシェラゴ[Ba],Drachen Murcielago [Ba],100540,079367d99774766889773b48e9eed74d,43a7025d87b0362d320bcffe90627a84
,[HQ Ice],67e3f0ee86a0f150bb5a469bbd78710c
,[Footstep sounds],bb249483bbd959598602194c819c0077
ドラッヘムルシェラゴ/2[Ba],Drachen Murcielago/2 [Ba],100541,079367d99774766889773b48e9eed74d,f12cc2b20db684c90f3304ddb9513166
,[HQ Ice],67e3f0ee86a0f150bb5a469bbd78710c
ドラッヘムルシェラゴ/3[Ba],Drachen Murcielago/3 [Ba],100542,079367d99774766889773b48e9eed74d,3920eb7104c46a202d3fd37853a1ef86
,[HQ Ice],67e3f0ee86a0f150bb5a469bbd78710c
ドラッヘムルシェラゴ/4[Ba],Drachen Murcielago/4 [Ba],100543,079367d99774766889773b48e9eed74d,945a9e3dabd9fdd82b093eaa3860573c
,[HQ Ice],67e3f0ee86a0f150bb5a469bbd78710c
ラプソディーラウドネ[Ba],Rhapsody Loudne [Ba],100560,a83460e79cba7b5a1e54180ba707fa81,194667e2ffaf4e924a5b800fcfa3852a
,[HQ Ice],55207f01c9aaa67d891b44fd40b644c3
,[Footstep sounds],42283c57187e58faa0911e911a7968d3
ラプソディーラウドネ/2[Ba],Rhapsody Loudne/2 [Ba],100561,a83460e79cba7b5a1e54180ba707fa81,5e4391e2579a75ab2eb0547ab93ca581
,[HQ Ice],55207f01c9aaa67d891b44fd40b644c3
ラプソディーラウドネ/3[Ba],Rhapsody Loudne/3 [Ba],100562,a83460e79cba7b5a1e54180ba707fa81,1ce70704ea412b9ebb0640a6377418bb
,[HQ Ice],55207f01c9aaa67d891b44fd40b644c3
ラプソディーラウドネ/4[Ba],Rhapsody Loudne/4 [Ba],100563,a83460e79cba7b5a1e54180ba707fa81,607b36aecb4af6307831b0a8b931cbef
,[HQ Ice],55207f01c9aaa67d891b44fd40b644c3
メイヴィユーシア/B[Ba],Mingmei Youxia/B [Ba],100570,ef447cb35c1518233c38f2499b31c8dc,3c0d0bfd4c36351029e85bae3d7eee19
,[HQ Ice],9bc12d06a7179d92d45216b85562f92a
,[Linked Inners (SQ, HQ)],effbd503d1e12a3d01b2a6fbbaf19a32,cbd1bc2ba5c76294a431523a998948f5
,[Footstep sounds],751cfcc0ddf70b87d9d4b6705793d0bf
メイヴィユーシア/B2[Ba],Mingmei Youxia/B2 [Ba],100571,ef447cb35c1518233c38f2499b31c8dc,8fcc35bfef45b9679340eb0a660551e8
,[HQ Ice],9bc12d06a7179d92d45216b85562f92a
フォルティーマエストリッツォ[Ba],Forte Maestrizzo [Ba],100580,f9fec82b1c20409443b50bb44c7cead6,d0556e2835bcc2db6ca605420d272cfa
,[HQ Ice],0018859fb4281ca4ab9f9a1659b40688
,[Footstep sounds],5fb06cfccfdd5f8c5b61e1ff1529d9a6
フォルティーマエストリッツォ/2[Ba],Forte Maestrizzo/2 [Ba],100581,f9fec82b1c20409443b50bb44c7cead6,8e3dacd1d47231ea0f83718d689b6bfe
,[HQ Ice],0018859fb4281ca4ab9f9a1659b40688
ナタリエマロース[Se],Natalis Moroz [Se],100590,afd67369e55f91e88680897017e54954,fb204dd462a1da7971273e1841e82b26
,[HQ Ice],4f93cdaa8dd2af53bfb101e7d58ae910
,[Footstep sounds],5fb06cfccfdd5f8c5b61e1ff1529d9a6
ナタリエマロース/2[Se],Natalis Moroz/2 [Se],100591,afd67369e55f91e88680897017e54954,ba113c7e5f3d25ba78230a9fefb9490b
,[HQ Ice],4f93cdaa8dd2af53bfb101e7d58ae910
メイヴィユーシア[Ba],Mingmei Youxia [Ba],100610,8588302a5544ea1ac57c654c4130c4c1,34b6d5e0339d0f6f05b87d2392bf0f23
,[HQ Ice],1be85d0fecb25110c8d9dae9c342dea7
,[Linked Inners (SQ, HQ)],d933049ccaef9df5a024211bf8641862,a581b13dd6389ccb219a5de57280f5c1
,[Footstep sounds],751cfcc0ddf70b87d9d4b6705793d0bf
メイヴィユーシア/2[Ba],Mingmei Youxia/2 [Ba],100611,8588302a5544ea1ac57c654c4130c4c1,9a435d2d9c75b0f6750804976dd743f9
,[HQ Ice],1be85d0fecb25110c8d9dae9c342dea7
アスクレオメディシス[Se],Aescula Medicis [Se],100620,8ebb84116cca26523ea2e5cb70683d72,868ddcbfe6acd9c1128c18008cbf6572
,[HQ Ice],6e45456a008eb585a6053e24c26debc7
,[Footstep sounds],c1211982ac1b547053ed1012be982e84
アスクレオメディシス/2[Se],Aescula Medicis/2 [Se],100621,8ebb84116cca26523ea2e5cb70683d72,d3ee1d7a780fbae48fd023c269708014
,[HQ Ice],6e45456a008eb585a6053e24c26debc7
アスクレオメディシス/3[Se],Aescula Medicis/3 [Se],100622,8ebb84116cca26523ea2e5cb70683d72,1082e9087932bba698401ad3083c6594
,[HQ Ice],6e45456a008eb585a6053e24c26debc7
アスクレオメディシス/4[Se],Aescula Medicis/4 [Se],100623,8ebb84116cca26523ea2e5cb70683d72,041bc6db34fee62e14cbc9145b5d76b8
,[HQ Ice],6e45456a008eb585a6053e24c26debc7
ブレヴィールージ[Ba],Bravy Loose [Ba],100630,00c252930fc185215e2bd4d70745acb3,4958a7b8c564f42c2b9bc6478bc8d4a0
,[HQ Ice],9cd0457a66a20f13df434a0c97185f32
,[Footstep sounds],e5daa54833296b752cf6de4554eeb8f1
ブレヴィールージ/2[Ba],Bravy Loose/2 [Ba],100631,00c252930fc185215e2bd4d70745acb3,36011fb5cefa5676157f6826be948fe7
,[HQ Ice],9cd0457a66a20f13df434a0c97185f32
エアリオナダール[Ba],Aelio Nadar [Ba],100640,d28767d07b585e57e219a79e7470c412,7728a0b33dce798d24d9f198f02c20c4
,[Alt Model],bd7e4bbf71262b5f1b1c001cba9086ed
,[HQ Ice],21ae289bc5acc381cccbf67865abad99
,[HQ Alt Model],b1ffb5584405eaa41d3683417511f602
,[Footstep sounds],27f725d4aac6a6fdc58bb8efb8a8ba16
N-シークイェーガー/B[Se],N-Sieg Jaeger/B [Se],100650,01891f7506b5b1fe7ebf58eaf62981f9,4c227f9192db9477efd627db800a206f
,[HQ Ice],e840b60717bf4505d28543884b28ea75
,[Footstep sounds],e5daa54833296b752cf6de4554eeb8f1
N-シークイェーガー/B2[Se],N-Sieg Jaeger/B2 [Se],100651,01891f7506b5b1fe7ebf58eaf62981f9,ec74a616f6b9ca0423d012f7fe1081cb
,[HQ Ice],e840b60717bf4505d28543884b28ea75
N-カースドコート/B[Se],N-Cursed Coat/B [Se],100660,1ddac393f280ab275f02b6011ee345f9,99164f5f861fb044be7f94e6c245dba9
,[HQ Ice],419ce859115182ba2447bd8ea58ae35c
,[Footstep sounds],c1211982ac1b547053ed1012be982e84
N-カースドコート/B2[Se],N-Cursed Coat/B2 [Se],100661,1ddac393f280ab275f02b6011ee345f9,c80a26bdbabe55dbb2e6d320196cca6b
,[HQ Ice],419ce859115182ba2447bd8ea58ae35c
N-ドラグナーコート/B[Se],N-Dragnar Coat/B [Se],100670,b62e0a0935ceef2da02f8ba73a985cfa,39adeceb22d495a6c251b7c6d0c83347
,[HQ Ice],c86cf395fef11646768ba9a2e3af36f7
,[Footstep sounds],8f1c93b4f9c6073b354484ec1faf3493
N-ドラグナーコート/B2[Se],N-Dragnar Coat/B2 [Se],100671,b62e0a0935ceef2da02f8ba73a985cfa,9cbcabdce9a63f42070c6f8bba3ed43b
,[HQ Ice],c86cf395fef11646768ba9a2e3af36f7
メイズクォーター/B[Se],Mates Quarter/B [Se],100680,162bda9654c339609ee347b23069199b,51d93464d72620500c01c6d682c9dc8e
,[HQ Ice],ddb05b6f1d989f8a3923bd25fec96269
,[Footstep sounds],e386d0c6cd94bc6f27cf3d218d801a56
メイズクォーター/C[Se],Mates Quarter/C [Se],100690,bb452aec9eec2afbe3e93a2d624f2721,b0daa6a808692485ade55d266012fad1
,[HQ Ice],396bba80c46163e9759a5fabca6107bf
,[Footstep sounds],e386d0c6cd94bc6f27cf3d218d801a56
[Unnamed 100700],,100700,3a7d4ffafcf2dc4e0a28cefc6ad673f4, (Not found),122a6a9eea60389c85019e832f475cad, (Not found)
,[HQ Ice],c7042e0391a090e475ba64e8b8f37c29, (Not found)
[Unnamed 100710],,100710,d97dec7598d356c6c878de51ae61d1a9, (Not found),6f72d764abcc984b43cb9e1fc6252a87, (Not found)
,[HQ Ice],1babdafbb98f54b3ca18bbc3f73dbc9d, (Not found)
センティルトコート/B[Se],Sentilt Coat/B [Se],100720,a47c816558b2d447d2f1d5e4d5239b35,d6eea14449b0b3e5818cb7aedf7a2902
,[HQ Ice],4c2ae31f62e10c02ecce1dd26cc5d838
,[Footstep sounds],d708e64c4f43dfe42191e00534b77c19
センティルトコート/C[Se],Sentilt Coat/C [Se],100730,3927ba73e335627966ab00464089fc91,58d05b55999e99213c845914ae6fd847
,[HQ Ice],8d5685c3e63d15d601fa3839059b0f4c
,[Footstep sounds],d708e64c4f43dfe42191e00534b77c19
ヴァンアルティメラ/B[Se],Vent Ultimela/B [Se],100740,ab5b516c2294f86b2a291b494a8cd2a9,80be2cf0934dcf600b0e316506eb78e0
,[HQ Ice],f08b1f461aba6c7978fa6d58afe49b4e
,[Footstep sounds],8fcef01c40dcac33362e489813e558e6
ヴァンフォルテス/B[Ba],Vent Fortes/B [Ba],100750,385a320876b8dc786a8a6d000c4c879c,cf2594fbad2abc9a8385e6bb29a0d48e
,[Alt Model],48dff280f2e3d042de6f424768229a1b
,[HQ Ice],9738868c54e79372b0ecf311d44cba62
,[HQ Alt Model],546f5500fc8e2b282c3af9bc5e8bdc04
,[Footstep sounds],8fcef01c40dcac33362e489813e558e6
クーヴェルウィーズ/B[Se],Cober Vis/B [Se],100760,3746db33e6626fe13d7a56aeab5b6b45,b5bc63c450f8845b07dcf74e3418f331
,[HQ Ice],7e35613f0fee35f662cfb546cffefe85
,[Footstep sounds],e386d0c6cd94bc6f27cf3d218d801a56
クーヴェルウィーズ/C[Se],Cober Vis/C [Se],100770,c09eb1451fe55754a3d31eb555ce3ad2,7989d1a18b2a663da028baa6623b4a14
,[HQ Ice],d3b3de33abb3911a8b8b86cb0ffc6cdf
,[Footstep sounds],e386d0c6cd94bc6f27cf3d218d801a56
バウナスボーア/B[Se],Bounca Boa/B [Se],100780,84a93bdf70214fe9ea680a7464384f20,1fd15580ba881e6afe84fefb0f2aacd0
,[HQ Ice],9b714ff95a9b1bb739ba431e9f0e9c58
,[Footstep sounds],8fcef01c40dcac33362e489813e558e6
￥バウナスボーア/B2[Se],Bounca Boa/B2 [Se],100781,84a93bdf70214fe9ea680a7464384f20,bdf19e54ea1e6d9d7ef02e52843252da, (Not found)
,[HQ Ice],9b714ff95a9b1bb739ba431e9f0e9c58
エアリオウォルダ/B[Ba],Aelio Wardat/B [Ba],100790,195cc80b3ae165536524df88ccb0ea51,1e97478d304b03f0f0bc6499e3752a31
,[HQ Ice],ab9220c442dbf818231354a52f8eeeeb
,[Footstep sounds],42283c57187e58faa0911e911a7968d3
エアリオウォルダ/B2[Ba],Aelio Wardat/B2 [Ba],100791,195cc80b3ae165536524df88ccb0ea51,5577dc5a52cb7604c4b7be8f0349faaa
,[HQ Ice],ab9220c442dbf818231354a52f8eeeeb
ラセッツヒート[Ba],Rasetsu Heat [Ba],100800,d39d336c77540c13de26bc6b8448cbb8,76ad7f58dc3eff83628aaacffd5b24cd
,[HQ Ice],7d20c9baa2078cabf9b1d036ad1cb4f4
,[Linked Inners (SQ, HQ)],298b61ca9f6d1aaf285ae62978a0f2e7,155f29dd1f31b280f3f8375855171299
,[Footstep sounds],8f1c93b4f9c6073b354484ec1faf3493
アリストブローデル[Se],Aristo Brodeur [Se],100810,e423a01a160439fc892d0a2a7c49cbc4,7c8c096f69cb1197d2e938c067fcbdae
,[HQ Ice],d1fa0066573cce48a8801849cb93b10b
,[Footstep sounds],e386d0c6cd94bc6f27cf3d218d801a56
アリストブローデル/2[Se],Aristo Brodeur/2 [Se],100811,e423a01a160439fc892d0a2a7c49cbc4,e8f431bd2a463b6b74f3f1565fa3078e
,[HQ Ice],d1fa0066573cce48a8801849cb93b10b
ブランシュクレウス[Se],Blanche Creusse [Se],100820,52eb67e0c44d056c18fa30eb7c25b0fa,cea583f459ce8503326d5a3693424aa1
,[HQ Ice],606dd4b46808b9a03766d01cef90d51d
,[Footstep sounds],8f1c93b4f9c6073b354484ec1faf3493
ブランシュクレウス/2[Se],Blanche Creusse/2 [Se],100821,52eb67e0c44d056c18fa30eb7c25b0fa,1ab0dd919f0d60ab79ae41ffd4997a34
,[HQ Ice],606dd4b46808b9a03766d01cef90d51d
アディットデルガート[Se],Adatto Delgado [Se],100830,640dfd33f6b5d3da8eb9d29e83116ab1,e49e61aa1831ee04a27ae4e23f35a7e6
,[HQ Ice],7f8893956964dd0706bd87ad7a282f44
,[Footstep sounds],c1211982ac1b547053ed1012be982e84
アディットデルガート/2[Se],Adatto Delgado/2 [Se],100831,640dfd33f6b5d3da8eb9d29e83116ab1,0e15b565df13a9231c32f0485b242e38
,[HQ Ice],7f8893956964dd0706bd87ad7a282f44
インヤンデヴァンダ[Ba],Yin Yang Dichotomy [Ba],100840,a9abd6852d50534ccbc3d930584044a9,1523a21427dff11f59042727027164db
,[HQ Ice],12a1ebd6b2c6eaba212357043cadbb13
,[Footstep sounds],d708e64c4f43dfe42191e00534b77c19
インヤンデヴァンダ/2[Ba],Yin Yang Dichotomy/2 [Ba],100841,a9abd6852d50534ccbc3d930584044a9,168de8f0eb0e749cb91102230aa441ea
,[HQ Ice],12a1ebd6b2c6eaba212357043cadbb13
リテムウォルダ/B[Ba],Retem Wardat/B [Ba],100850,10553a82a7bff4b9b907d68f42ea58d3,495f165eaaa5407385dfdac85c53dfc3
,[HQ Ice],94d840bf7b9a4bc48d8062143a9de124
,[Footstep sounds],e386d0c6cd94bc6f27cf3d218d801a56
ブレヴィージャッハ[Ba],Bravy Jacket [Ba],100860,c043f11d9e6f2b51b0a4b1d669550e37,6dd2e9d74d828390bf14611892bbc890
,[HQ Ice],d1825f2c5ea987047fb404a0dadc6cc1
,[Footstep sounds],e5daa54833296b752cf6de4554eeb8f1
ブレヴィージャッハ/2[Ba],Bravy Jacket/2 [Ba],100861,c043f11d9e6f2b51b0a4b1d669550e37,9b6b82737b0c65e5032313f19bcd9266
,[HQ Ice],d1825f2c5ea987047fb404a0dadc6cc1
ブレヴィールージ/B[Ba],Bravy Loose/B [Ba],100870,0cf8226c0547f50b4dd0abc87a8bae87,0c1a3e3c8efeb854e401b4f00deac653
,[HQ Ice],83004cd879a60f5b9a8ac3b854fced17
,[Footstep sounds],e5daa54833296b752cf6de4554eeb8f1
ブレヴィージャッハ/B[Ba],Bravy Jacket/B [Ba],100880,4216f08095250857a99a014d1dd53bdf,6fb75bff7dc10ee49331572c7ae85f12
,[HQ Ice],5ea8d80425ee52db3801d91dd169418c
,[Footstep sounds],e5daa54833296b752cf6de4554eeb8f1
マールサーリウ/B[Ba],Maal Sandquick/B [Ba],100890,4baa8cf7a4b2a9fe31164a9844f6dade,e43ca14956eb666f219e0e186a5db66b
,[HQ Ice],0aee3e4007da5a1470186ef4db1520e4
,[Linked Inners (SQ, HQ)],d5c1ee5592da7fa543444302de02332e,eb45df88421dc6b9e01bea8c5b953ede
,[Footstep sounds],751cfcc0ddf70b87d9d4b6705793d0bf
グラッソヴィージス[Ba],Glasso Viisis [Ba],100900,a7566f3e17912194eb7629e2018f261b,4b7294876c1259f523c44d60f9e9c87b
,[HQ Ice],c8eac19ac2729867a32d96cfd5aeba78
,[Footstep sounds],8f1c93b4f9c6073b354484ec1faf3493
グラッソヴィージス/2[Ba],Glasso Viisis/2 [Ba],100901,a7566f3e17912194eb7629e2018f261b,3729fdae803f98415bff4b40fe1c201f
,[HQ Ice],c8eac19ac2729867a32d96cfd5aeba78
[Unnamed 100909],,100909,c5bfd4dabec58f58d4fb161fe74e1483,a097f4fbf25faf2041463dd096d71d48, (Not found)
,[HQ Ice],4e40ccef5f89a3d17ffb23fe5b9b7b42
フウガレッカ/B[Se],Regal Phoenix/B [Se],100910,dc7b502d6fc912a80a61ee0a3840f965,203c03b2a9b17839910636c430d97975
,[HQ Ice],538fbe39ee9facc72666788bc6c18833
,[Footstep sounds],406f6ae547b88ef4eb810c62243fc16e
フウガレッカ/B2[Se],Regal Phoenix/B2 [Se],100911,dc7b502d6fc912a80a61ee0a3840f965,da45bf15a93be05960541f461390ced9
,[HQ Ice],538fbe39ee9facc72666788bc6c18833
リテムウォルダ/C[Ba],Retem Wardat/C [Ba],100920,3e4eb03e1b1b99e6e1976bdb76432cbe,5dc2e5f0818f88aa8385bfeb4e85047e
,[HQ Ice],ae60f30b0984a4d33e223c9efa2dd5fa
,[Footstep sounds],e386d0c6cd94bc6f27cf3d218d801a56
ナタリエクラース[Se],Natalis Klauz [Se],100940,8922a5e4768c5c98d4da96847eabbaf7,6859f74225296b4572cc253187042fa8
,[HQ Ice],235a1883ddbf4f0758852145e555713f
,[Footstep sounds],5fb06cfccfdd5f8c5b61e1ff1529d9a6
ナタリエクラース/2[Se],Natalis Klauz/2 [Se],100941,8922a5e4768c5c98d4da96847eabbaf7,a60d66588b6badd581f362e67ba6e5a1
,[HQ Ice],235a1883ddbf4f0758852145e555713f
プレディアプレアー[Se],Predia Preghiera [Se],100950,c8614f977f9f265fdf6c379320128222,505e6501bcb6d06348d3f77da2a9991f
,[HQ Ice],d5daabf09fb5316f800edf0a233b26b6
,[Footstep sounds],e386d0c6cd94bc6f27cf3d218d801a56
プレディアプレアー/2[Se],Predia Preghiera/2 [Se],100951,c8614f977f9f265fdf6c379320128222,28c9e3ee8006f0cd289e0765a6641dce
,[HQ Ice],d5daabf09fb5316f800edf0a233b26b6
オリエストライゼ[Se],Orien Struise [Se],100960,62aa0ceb0e95c019481cb2957c47919c,623332a72d9db0af091b639b241577b5
,[HQ Ice],e447966f467cc815b24febfea0d35944
,[Footstep sounds],8fcef01c40dcac33362e489813e558e6
オリエストライゼ/2[Se],Orien Struise/2 [Se],100961,62aa0ceb0e95c019481cb2957c47919c,ff8461b839fb06c5e054c9a324e15222
,[HQ Ice],e447966f467cc815b24febfea0d35944
ヴォアルジュマリノーソ[Ba],Voyarge Marinoso [Ba],100980,ba31224f23815d0acb6a68bf22a445eb,857765135397b9a1c208b2d39c130d8f
,[HQ Ice],d07904b1f6b011e9e1d3670b4780193a
,[Linked Inners (SQ, HQ)],5455e37639184dff615877d9f8d3bc6d,efad303e1e26cde8e376726a399d5abc
,[Footstep sounds],e386d0c6cd94bc6f27cf3d218d801a56
ヴォアルジュマリノーソ/2[Ba],Voyarge Marinoso/2 [Ba],100981,ba31224f23815d0acb6a68bf22a445eb,fddf366548325cc81d5d11f19785213f
,[HQ Ice],d07904b1f6b011e9e1d3670b4780193a
トレイモンドコラーリオ[Ba],Tramondo Coralio [Ba],100990,75df7b36f2eb133ee50ca6fdd38dbbb7,e353f5e517c60e3d2bbd80883479373b
,[HQ Ice],02ccef07f66950001952fc67e2640640
,[Linked Inners (SQ, HQ)],eeb02b2d7f713d3b038ee4a51f570a61,15e1efdeb43f9eb908644d4c9fe54be3
,[Footstep sounds],751cfcc0ddf70b87d9d4b6705793d0bf
[Unnamed 101000],,101000,a50910ea4d17fa971b064318517fcb50, (Not found),acabbd656312695dc45382b1bfe5d3ba, (Not found)
,[HQ Ice],e6eb5f99aca0913d760a876476f1a923, (Not found)
,[Footstep sounds],42b100238b4c2e2503e050120ae8c0ef
[Unnamed 101010],,101010,ef7e166882986ad933e86e95f09a56fd, (Not found),94b6a5922f6d5d60eea6eecbdbc3980a, (Not found)
,[HQ Ice],5e583343a330759576405e5ba3848c3f, (Not found)
,[Footstep sounds],8fcef01c40dcac33362e489813e558e6
マールサージェス[Ba],Maal Storm [Ba],101020,5b814be79570eeb51ffca266588e8fd2,a39d5745e076369b433f83e49283f21f
,[HQ Ice],f85ec188d7fb2b18344d51d11aeafcaa
,[Footstep sounds],cd11cf77827b7d82ce724b933479b11d
マールサージェス/2[Ba],Maal Storm/2 [Ba],101021,5b814be79570eeb51ffca266588e8fd2,3c7479b48bcf842781529712d9fb5eb3
,[HQ Ice],f85ec188d7fb2b18344d51d11aeafcaa
ネイジュヴィージス[Ba],Neige Viisis [Ba],101030,14ddf3fda7ea54a53e3c19fd4ae6ef6d,199b74aa264fdedb73755414d05c647d
,[HQ Ice],875328b32509804fba2b23c646e85b8e
,[Footstep sounds],8f1c93b4f9c6073b354484ec1faf3493
N-上なしラフジーンズ[Ba],N-Premium Jeans [Ba],101040,566ea58be0ab09d69ec7205a65cbf6ae,3c590fdfc583a70495803d2942759fa7
,[HQ Ice],415ac4109405e72b4b894e531c851d02
,[Footstep sounds],8fcef01c40dcac33362e489813e558e6
N-上なしラフジーンズ/2[Ba],N-Premium Jeans/2 [Ba],101041,566ea58be0ab09d69ec7205a65cbf6ae,d852d417421565e3f73a91bb9220d9ed
,[HQ Ice],415ac4109405e72b4b894e531c851d02
N-ノーブルロングコート[Se],N-Noble Long Coat [Se],101050,1b857e55f232ba829551322dd0cfb733,2a069871bc84500128a4a0435a79f3ab
,[HQ Ice],57c70826d90a57df569b6be25b7278e7
,[Footstep sounds],c1211982ac1b547053ed1012be982e84
N-ノーブルロングコート/2[Se],N-Noble Long Coat/2 [Se],101051,1b857e55f232ba829551322dd0cfb733,aed92bd29ec6a9f9b0c37e6b5bfa4abd
,[HQ Ice],57c70826d90a57df569b6be25b7278e7
ウェイクスファミール[Ba],Wakes Famila [Ba],101060,a85c23fbc2509fc5dad0e4a7c1c3b9b8,b8f3a2a34d4770cc18e9f9cb7fdb32d8
,[HQ Ice],9c890fe503b47d50f45b205f4b1cb360
,[Linked Inners (SQ, HQ)],45d86065b49b27aa1d106d82aca26116,446a23641557afbebdb33afcfadcce22
,[Footstep sounds],42283c57187e58faa0911e911a7968d3
ウェイクスファミール/2[Ba],Wakes Famila/2 [Ba],101061,a85c23fbc2509fc5dad0e4a7c1c3b9b8,dbcd5f09ca576c13b3b7e45bb6ea8b15
,[HQ Ice],9c890fe503b47d50f45b205f4b1cb360
N-シャルフヴィント[Ba],N-Scharf Vinto [Ba],101070,18afb9247a67df01f13a9eb72e8f5e61,1236af05965f08ac8a6db22949608c14
,[HQ Ice],f217d496f9a5e318bab7dc38663ead4b
,[Footstep sounds],8fcef01c40dcac33362e489813e558e6
N-シャルフヴィント/2[Ba],N-Scharf Vinto/2 [Ba],101071,18afb9247a67df01f13a9eb72e8f5e61,931df171db06b0c285c345ce4a2c5ff4
,[HQ Ice],f217d496f9a5e318bab7dc38663ead4b
N-フロワガロウズ[Ba],N-Froid Gallows [Ba],101080,b6c1602038222949c3a82bb14fd34999,aac78b7ebdf51ab01d7109cb25eb0253
,[HQ Ice],4c8bfcff5bc095ecc4cb76fd9203dad3
,[Footstep sounds],c1211982ac1b547053ed1012be982e84
N-フロワガロウズ/2[Ba],N-Froid Gallows/2 [Ba],101081,b6c1602038222949c3a82bb14fd34999,6caade55754a5d58c83421a28b964066
,[HQ Ice],4c8bfcff5bc095ecc4cb76fd9203dad3
N-ストライプパンツ[Ba],N-Striped Pants [Ba],101090,bb32c3f32269f1f19ee92354c01f505a,c06e773969255275e1713fe4f4fdf22f
,[HQ Ice],d61e4b035cc563cd52eee67ffbe06bda
,[Footstep sounds],c1211982ac1b547053ed1012be982e84
N-ストライプパンツ/2[Ba],N-Striped Pants/2 [Ba],101091,bb32c3f32269f1f19ee92354c01f505a,6d9b35891f8cb88c17dcf92caed2493b
,[HQ Ice],d61e4b035cc563cd52eee67ffbe06bda
N-リデルミナドル[Se],N-Ridel Minadol [Se],101120,ba49f7873b248d73b555be7b03403c5b,fbac27a1446affab209ebe2292e527ec
,[HQ Ice],760d1399e7a6d62908396fc500c5c3f7
,[Footstep sounds],c1211982ac1b547053ed1012be982e84
N-リデルミナドル/2[Se],N-Ridel Minadol/2 [Se],101121,ba49f7873b248d73b555be7b03403c5b,648ce93d240b13755bd6f271e52a44bc
,[HQ Ice],760d1399e7a6d62908396fc500c5c3f7
[Unnamed 101130],,101130,cefa9e57a37d3dc2bb4ff9a17fb030ed, (Not found),0ecb1925f001cc0bca9d93231f0e74da, (Not found)
,[HQ Ice],5b7b14bd04ab71f4166f8541d998bca7, (Not found)
ラセッツズィール[Ba],Rasetsu Zeal [Ba],101140,921982d7e3b56c25e3caf9b324314387,1219abff05fd074269ec43830c99de5b
,[HQ Ice],35c424031c17662635528c028765272f
,[Footstep sounds],8f1c93b4f9c6073b354484ec1faf3493
N-上なしラフジーンズV2[Ba],N-Premium Jeans V2 [Ba],101150,5e0b04a4b4acd1de140a00868a3a48b9,6fb70779ab59f4df31aadba5fd08da76
,[HQ Ice],49a6943bddf8f8935e0190704746fddd
,[Footstep sounds],87b29cd24f100b736e17bd875a9e560a
N-上なしラフジーンズV2/2[Ba],N-Premium Jeans V2/2 [Ba],101151,5e0b04a4b4acd1de140a00868a3a48b9,5ef8f41cee8fa5f5a09512d188df4855
,[HQ Ice],49a6943bddf8f8935e0190704746fddd
アディットデルガート/B[Se],Adatto Delgado/B [Se],101160,eb3e854f9db44816d0e85d806c8ae87d,36740e338bfc34b6c0e727811b62c3e5
,[HQ Ice],d8c7ffafd53a4aaf5a8c52c4816824c2
,[Footstep sounds],c1211982ac1b547053ed1012be982e84
アディットデルガート/B2[Se],Adatto Delgado/B2 [Se],101161,eb3e854f9db44816d0e85d806c8ae87d,2b9bbea1c06277c0aac2a8f2477d8dcf
,[HQ Ice],d8c7ffafd53a4aaf5a8c52c4816824c2
ラセッツヒート/B[Ba],Rasetsu Heat/B [Ba],101170,a50e49ba8e60d8d80599dadc103f21e9,4e835f2a59154a9117f70c8a78c1fbb0
,[HQ Ice],5cf77a27bca89270703ae9de54217249
,[Linked Inners (SQ, HQ)],e5aece29cbed89a8f66d46fffad01a8d,449c9d7c5ee58bc208b92fa00fc8e761
,[Footstep sounds],8f1c93b4f9c6073b354484ec1faf3493
ラセッツズィール/B[Ba],Rasetsu Zeal/B [Ba],101180,08cb79556b8ffbb1dd18afce0f5dd21f,640e8f3b41a92f7f951c4ba721cf60b6
,[HQ Ice],4d5aaa4b2811fcc662ffbb9774f03e9d
,[Footstep sounds],8f1c93b4f9c6073b354484ec1faf3493
[Unnamed 101190],,101190,0fa206ef7f21bccc239edd5972327361, (Not found),c7ab707f7c6d2e50641808c3bc918bdf, (Not found)
,[HQ Ice],1f99c8e8765957f57491f6dc6f18d95c, (Not found)
,[Footstep sounds],8fcef01c40dcac33362e489813e558e6
N-【仮面】戦闘衣[Se],N-[Persona] Attire [Se],101200,b5e70473e1eebdaad4d1657d56645483,08e31241fe02300b0ee655ea942c2507
,[HQ Ice],2d4b584c93ece7e0293dbd9d1abb28af
,[Footstep sounds],ad4f8dbedb5073b1e5898c2f7a3bc634
N-【仮面】戦闘衣V2[Se],N-[Persona] Attire V2 [Se],101210,6b6b40fdc6043adc1fd704b8fce86245,44a3b25953c134003ed5a374aed6bea3
,[HQ Ice],2a909119598ac4facc70263aaeea64b6
,[Footstep sounds],ad4f8dbedb5073b1e5898c2f7a3bc634
N-チェックシャツ[Ba],N-Plaid Shirt [Ba],101220,2ea401d4d7d0bb7e02655b50973726f1,c20ccfa214b6f18702f6ccb9e19db3bd
,[HQ Ice],e6184ab64db079a9bdc7c321c3f14cc1
,[Footstep sounds],c1211982ac1b547053ed1012be982e84
N-カーゴパンツ[Ba],N-Cargo Pants [Ba],101230,4ac5165a1b5cab7d91de99befeaf00fd,43a41fd72648478c9e7bdcca814e9c2e
,[HQ Ice],181041057514020f58395de227cb6a35
,[Footstep sounds],c1211982ac1b547053ed1012be982e84
N-カーゴパンツ/2[Ba],N-Cargo Pants/2 [Ba],101231,4ac5165a1b5cab7d91de99befeaf00fd,b8af300734b57e7de06c9f8b92faf7a7
,[HQ Ice],181041057514020f58395de227cb6a35
N-ユカタグリシスT1[Se],N-Dragon Yukata T1 [Se],101250,a1ecc667367ccc0b3a4b2ce498493fbb,eaaf5758fde90ca8e635170d250cc1d6
,[HQ Ice],dd4de9549bce195fd1d2c3da77b5230c
,[Footstep sounds],46b1c6ddd8b73f4a7165a6689b8774ee
N-ユカタグリシスT1/2[Se],N-Dragon Yukata T1/2 [Se],101251,a1ecc667367ccc0b3a4b2ce498493fbb,084265fc7f07556865b34bcdc8035102
,[HQ Ice],dd4de9549bce195fd1d2c3da77b5230c
[Unnamed 101270],,101270,0fc3506928381158b706dc8a064e19c1, (Not found),9135432c3e02fcbb30ce61e104c34d72, (Not found)
,[HQ Ice],1b02bc671055e4894fbafbbc8f075ea2, (Not found)
[Unnamed 101280],,101280,08a788d421241fef3a75fcae8a44868b, (Not found),44186430d32df9fda8c5b4d0353b0846, (Not found)
,[HQ Ice],f47b6d91744000be8a8324d68890a701, (Not found)
,[Footstep sounds],c1211982ac1b547053ed1012be982e84
ブランシュクレウス/B[Se],Blanche Creusse/B [Se],101290,45a53a18fcc3df8caeb55a1f9e9d78bf,ee5313cdcfabac924c6bc61d407aa4a2
,[HQ Ice],568feb558a7f3c80d6d451b1a4c3be46
,[Footstep sounds],8f1c93b4f9c6073b354484ec1faf3493
ブランシュクレウス/B2[Se],Blanche Creusse/B2 [Se],101291,45a53a18fcc3df8caeb55a1f9e9d78bf,a44c7fb5521cf3e832a007bde13139a6
,[HQ Ice],568feb558a7f3c80d6d451b1a4c3be46
バウナスボーア/C[Se],Bounca Boa/C [Se],101300,469ed6b4e89494df94fac1e85d6cfca8,d139b007d2205304e23226b9f5c1192f
,[HQ Ice],7f0a426221c933a75f2a0a3585af1e10
,[Footstep sounds],8fcef01c40dcac33362e489813e558e6
アリストブローデル/B[Se],Aristo Brodeur/B [Se],101310,658f06a76033bcf3e8204f8b973bdd30,72a9fd25d5cae3624cb6604e6bb071e3
,[HQ Ice],b5de1b4cab2f951dee6cef92d5f1ac46
,[Footstep sounds],e386d0c6cd94bc6f27cf3d218d801a56
アリストブローデル/B2[Se],Aristo Brodeur/B2 [Se],101311,658f06a76033bcf3e8204f8b973bdd30,e0179976381474c0a741750af5c8ed04
,[HQ Ice],b5de1b4cab2f951dee6cef92d5f1ac46
[Unnamed 101320],,101320,e6dce9a4a6d56132eace221ae6acae8b, (Not found),6c44cb7a5d04133c281337220627131a, (Not found)
,[HQ Ice],4ebc80b94430d92da6a1504524f8cffb, (Not found)
,[Footstep sounds],c1211982ac1b547053ed1012be982e84
ルロウセイロウ[Se],Nomad Seiro [Se],101340,58fda67a35b37bee9b71e1f4b36e8673,c585e34e45e667304888ed327212c2bd
,[HQ Ice],27b0f21b87b896d11907896f78bea26e
,[Footstep sounds],e386d0c6cd94bc6f27cf3d218d801a56
ルーデスヴェール/B[Ba],Loosse Veil/B [Ba],101350,f33f73e8a9d3253b9cff65a221466a24,41c477a0655aa71ed7470b33829cb72a
,[HQ Ice],2167a2a1d519a1a5559a63f00d184dc4
,[Linked Inners (SQ, HQ)],8402d1d0544481686cff61698d9b7a88,aa99869272cf187d440c7b28edefa088
,[Footstep sounds],8fcef01c40dcac33362e489813e558e6
ルーデスヴェール/B2[Ba],Loosse Veil/B2 [Ba],101351,f33f73e8a9d3253b9cff65a221466a24,bf26ac5e178ddaa10e3d124d32f3ebd6
,[HQ Ice],2167a2a1d519a1a5559a63f00d184dc4
ニーグルムグラディオ[Se],Nocte Gladio [Se],101360,57c5b4cb19377285fbb10593e9d64db9,2345ab915dc64f438607c4eec5a8f3aa
,[HQ Ice],27eb9782bc0782ac974b200d8e47a190
,[Footstep sounds],42283c57187e58faa0911e911a7968d3
ニーグルムグラディオ/2[Se],Nocte Gladio/2 [Se],101361,57c5b4cb19377285fbb10593e9d64db9,682ee564520ad47e59ab52c42500f6f4
,[HQ Ice],27eb9782bc0782ac974b200d8e47a190
バーゲスト[Se],Barghest [Se],101370,d209e33f91f447da1cc975e450f01575,1b53e4f2d6fdaece634c0592aa7cfa3a
,[HQ Ice],83a2f6106c072761c96c8ac8da34f4c8
,[Footstep sounds],c1211982ac1b547053ed1012be982e84
バーゲスト/2[Se],Barghest/2 [Se],101371,d209e33f91f447da1cc975e450f01575,d6bff05214e2dbddf0ed17e283d2d64b
,[HQ Ice],83a2f6106c072761c96c8ac8da34f4c8
レイヴァスファクトラ[Se],Labors Factora [Se],101380,b38cd09c28c04d066136f0fb51a2bb94,01f877e7c0a4493bf950baed8174e45e
,[HQ Ice],2a9bad26348013ca1a2d79411a9d1756
,[Footstep sounds],8fcef01c40dcac33362e489813e558e6
レイヴァスファクトラ/2[Se],Labors Factora/2 [Se],101381,b38cd09c28c04d066136f0fb51a2bb94,15ab17c09e6d381e48c87a1b14686052
,[HQ Ice],2a9bad26348013ca1a2d79411a9d1756
アヤシノカラスマ[Ba],Ominous Crow [Ba],101390,92d567b85c30adef0e9d3bd5b45bc128,5907ac211a3ff693a859c67366bf7af0
,[HQ Ice],b15db4aabcd0d36c20000b7b1405aa89
,[Footstep sounds],fd93a88051c89670664b2381fcba5bc0
アヤシノカラスマ/2[Ba],Ominous Crow/2 [Ba],101391,92d567b85c30adef0e9d3bd5b45bc128,9bee0803c002390290df1be080e859f9
,[HQ Ice],b15db4aabcd0d36c20000b7b1405aa89
リューンノクトーリノ[Se],Lune Noctorino [Se],101400,5bfbfe622db7f2d86ad9bb68b62d00a0,d22d15a99f028830cafd18fd59dde510
,[HQ Ice],c7f49fd4957e2c101b1b431837542504
,[Footstep sounds],e5daa54833296b752cf6de4554eeb8f1
リューンノクトーリノ/2[Se],Lune Noctorino/2 [Se],101401,5bfbfe622db7f2d86ad9bb68b62d00a0,e5816b4c8d403d959d396dd0a90157f3
,[HQ Ice],c7f49fd4957e2c101b1b431837542504
アルミラントアンシェット[Se],Almirant Anciet [Se],101420,a9363396051a38736acbcacf2de1f2e0,61f0192ad421db7ae0848b6c6bd3c42f
,[HQ Ice],1c212e63fe988c0807d14667bccbd3dc
,[Footstep sounds],8fcef01c40dcac33362e489813e558e6
アルミラントアンシェット/2[Se],Almirant Anciet/2 [Se],101421,a9363396051a38736acbcacf2de1f2e0,980f9a066740609c723f0eef323da268
,[HQ Ice],1c212e63fe988c0807d14667bccbd3dc
ウカノミハタT1[Se],Uka no Mihata T1 [Se],101440,1b081861d3cc97a0aa53336a65075373,80a6300f7c567325be541e9ef957930f
,[HQ Ice],160669074308707ef4d200c2a2c18d89
,[Footstep sounds],46b1c6ddd8b73f4a7165a6689b8774ee
ウカノミハタT1/2[Se],Uka no Mihata T1/2 [Se],101441,1b081861d3cc97a0aa53336a65075373,7e7b1b97e8e17a41f806b19c32bc58b9
,[HQ Ice],160669074308707ef4d200c2a2c18d89
シュタッテリベラッテT1[Ba],Stadte Liberati T1 [Ba],101450,fdcbd2c271ec2121bed6e480de61e922,e586da67940af48aa601bc7e7b287688
,[HQ Ice],eb37d5581c965b322513fafd925e9424
,[Footstep sounds],42283c57187e58faa0911e911a7968d3
シュタッテリベラッテT1/2[Ba],Stadte Liberati T1/2 [Ba],101451,fdcbd2c271ec2121bed6e480de61e922,9534cde9aa549e943a0aad69dc014bf2
,[HQ Ice],eb37d5581c965b322513fafd925e9424
￥ヒハヤノヒヌガ[Ba],Hihaya no Hinuga [Ba],101460,884a79ae438167146784f616e8189755,a6cf6134393ec5aaa53daa3f07f1e8c2
,[HQ Ice],b781d859fd59284baa1777d5004d08b9
,[Footstep sounds],e386d0c6cd94bc6f27cf3d218d801a56
￥グレンＴＶ１　Ｃ２[Ba],,101461,8e4906f60cbc3c17c9496aa4f21a9b94, (Not found),116fe524b80d40c5a012c096f2ca0aab, (Not found)
,[HQ Ice],36be847aab70d626e0b0598559dca4a1, (Not found)
ヒハヤノヒヌガ NPC[Ba],Hihaya no Hinuga NPC [Ba],101469,01392c448b2bb08268ca8321710521e2,0f71024c9cd8cc89bf8a8d756bb73ba9
,[HQ Ice],a8474cf652f57a9dcbb5b430a8ad2800
,[Footstep sounds],e386d0c6cd94bc6f27cf3d218d801a56
スティアウォルダ[Ba],Stia Wardat [Ba],101470,df97e784d02599c01fa4942f9ea96620,d47c2db179bfd112788dd7fe399a46e0
,[HQ Ice],f4059abfe0ff1cb75b239c0b1fa19777
,[Footstep sounds],d708e64c4f43dfe42191e00534b77c19
スケルステス[Se],Skelstelth [Se],101480,b5056b48d0b90f376f67a194fdf82490,f3bf8b84b80e7438dbdd87a36f1c3396
,[HQ Ice],e71a971b235b62a9411fac55770ab630
,[Footstep sounds],406f6ae547b88ef4eb810c62243fc16e
スケルステス/2[Se],Skelstelth/2 [Se],101481,b5056b48d0b90f376f67a194fdf82490,5f3f11421ebd3d5f157167cb7501ba92
,[HQ Ice],e71a971b235b62a9411fac55770ab630
エイセンハカマ[Se],Shadowy Hakama [Se],101490,de15845ce83eb55c5f6f5e603ca57546,e393033c6b77e61184c30bae668f0727
,[HQ Ice],6aa88042f708dc803717446f9d9e63d0
,[Footstep sounds],e5daa54833296b752cf6de4554eeb8f1
エイセンハカマ/2[Se],Shadowy Hakama/2 [Se],101491,de15845ce83eb55c5f6f5e603ca57546,9276168e3fd3223802c3f478e72bdc88
,[HQ Ice],6aa88042f708dc803717446f9d9e63d0
[Unnamed 101510],,101510,7e491549e97e72867c75829a25917eb9, (Not found),07f9d6f0a09844d697ad0ccf266a72c0, (Not found)
,[HQ Ice],aadf53dd39271a2444175ad337c8139b, (Not found)
ディシプルフォーマ/B[Se],Discipli Forma/B [Se],101520,4a0a2ce35b4900146ca892f5fe43abdf,110948fe962d1b3bae615f9bf8c09c9a
,[HQ Ice],74739db0d9582792f5c8971c42e92a25
,[Footstep sounds],c1211982ac1b547053ed1012be982e84
ディシプルフォーマ/B2[Se],Discipli Forma/B2 [Se],101521,4a0a2ce35b4900146ca892f5fe43abdf,e679781311403f3c01fe20d9cce71074
,[HQ Ice],74739db0d9582792f5c8971c42e92a25
インヤンデヴァンダ/B[Ba],Yin Yang Dichotomy/B [Ba],101530,08825bf574bb3628258993828734fa3b,c1afbd6a8b3125ddaee3a3526bd80c38
,[HQ Ice],c7e612edcea9c05af4f3357a11d5de1f
,[Footstep sounds],d708e64c4f43dfe42191e00534b77c19
インヤンデヴァンダ/B2[Ba],Yin Yang Dichotomy/B2 [Ba],101531,08825bf574bb3628258993828734fa3b,0a0eb9017f47dad94ccda1cf3863378e
,[HQ Ice],c7e612edcea9c05af4f3357a11d5de1f
マールサーリウ/C[Ba],Maal Sandquick/C [Ba],101560,50d674cfb7b5f6af438c70e7745fdc60,6dd1effe424c547c9a2be9cdf8b0e8c0
,[HQ Ice],7eeac74336c658fcda9a92188b128f23
,[Linked Inners (SQ, HQ)],096f2bbd4e4c07f60dae62ba250c4ce5,9f9dff87aafb3793f17b35ecc6eaaeab
,[Footstep sounds],751cfcc0ddf70b87d9d4b6705793d0bf
マールサージン/B[Ba],Maal Sandstorm/B [Ba],101570,c751a03a49b95741002cfa8644df5f96,ad9b2b8c6b7924832050d931eef41be9
,[HQ Ice],e4f174e935e0f6847a9a89c0582c8f80
,[Footstep sounds],cd11cf77827b7d82ce724b933479b11d
マールサージェス/B[Ba],Maal Storm/B [Ba],101580,ba10f6f0c33a400e0b4c15c2f8cc934b,70ed1aabd35d47776ea5e821dcbaa193
,[HQ Ice],1c2ddadeff8cce779b987c1fab2fa3dc
,[Footstep sounds],cd11cf77827b7d82ce724b933479b11d
オペラーテユニヴス/B[Ba],Operatii Univus/B [Ba],101590,bfcd5b8fc24e29cf4a6aa7bb2d49dbd8,4948abb52dab5be954279ea56f8714e5
,[HQ Ice],0644b1510dc0b4b1885599f5d7207b06
,[Footstep sounds],e5daa54833296b752cf6de4554eeb8f1
オペラーテユニヴス/C[Ba],Operatii Univus/C [Ba],101600,242ca24cc9da7bbf22490b46ae278c78,e0e484c2a68b06d24905475b2e7837e0
,[HQ Ice],8a8fba20db1030abac84e617daaac5e8
,[Footstep sounds],e5daa54833296b752cf6de4554eeb8f1
クラークユニヴス/B[Ba],Clark Univus/B [Ba],101610,3864de9e0e0fb650a17c4b305ee7a3ad,f5fd6761eb40bb2d2c0bbaa3da9d1439
,[HQ Ice],28a29b11541e2a970f53e74adf8ad131
,[Footstep sounds],e386d0c6cd94bc6f27cf3d218d801a56
クラークユニヴス/C[Ba],Clark Univus/C [Ba],101620,ec3c58c24043ea1498ef090f53b4d8cd,1e94fd781529af0faefdc707dcc6b2e5
,[HQ Ice],d2fe743a59d3e952d1e73807a0660ea8
,[Footstep sounds],e386d0c6cd94bc6f27cf3d218d801a56
ヴォアルジュマリノーソ/B[Ba],Voyarge Marinoso/B [Ba],101630,2ddcb8ebfb54b3fa1fb18211ff578f98,7d501fca58c42d1ff3bad5d8c70b712a
,[HQ Ice],6c93ee803d7758e0483ed8e4b6b53ff4
,[Linked Inners (SQ, HQ)],9a111b6b49fd15fa98f04aa394c9fd5a,d0a7bfb5133041b8a15de9dcb5a7aace
,[Footstep sounds],e386d0c6cd94bc6f27cf3d218d801a56
ヴォアルジュマリノーソ/B2[Ba],Voyarge Marinoso/B2 [Ba],101631,2ddcb8ebfb54b3fa1fb18211ff578f98,9f96b9bdbefb4cff43119d0e3a1a2445
,[HQ Ice],6c93ee803d7758e0483ed8e4b6b53ff4
[Unnamed 101640],,101640,78b4d0f3122ede56c0591d00c5393d01, (Not found),07240f3ae59bd0d35ea49546427b932a, (Not found)
,[HQ Ice],edb5b4a94ca9c40ee761b33b0455f230, (Not found)
,[Footstep sounds],8fcef01c40dcac33362e489813e558e6
[Unnamed 101650],,101650,e88666f5fa974eecf044111c53411924, (Not found),bf957b7e23e6926997ffcfd1229805d2, (Not found)
,[HQ Ice],bb9042141a6fb0c123a96a45065c96e0, (Not found)
,[Footstep sounds],87b29cd24f100b736e17bd875a9e560a
オリエストライゼ/B[Se],Orien Struise/B [Se],101690,6fa63a576426823b1efb7b03db126d81,ee4cd8de1d878dfceaf5d6b88e6faf77
,[HQ Ice],6b45c1ea471dbe09a9ad651ce003a299
,[Footstep sounds],8fcef01c40dcac33362e489813e558e6
オリエストライゼ/B2[Se],Orien Struise/B2 [Se],101691,6fa63a576426823b1efb7b03db126d81,f9a56970f515dac05e061e592a2ba1d5
,[HQ Ice],6b45c1ea471dbe09a9ad651ce003a299
N-【仮面】戦闘衣/B[Se],N-[Persona] Attire/B [Se],101700,45bad3c992ec51ed9b8006bd8efd80ac,f94f59b14e2559a49dec51a469cdc0a4
,[HQ Ice],e2ffcabd98c94483065925021f7a3d31
,[Footstep sounds],ad4f8dbedb5073b1e5898c2f7a3bc634
N-【仮面】戦闘衣V2/B[Se],N-[Persona] Attire V2/B [Se],101710,05fc66e1a778522f4ee6bc9e036550fc,944bf5ddfcfc5e724d5e98ce9c8baae7
,[HQ Ice],5372265b22b2966e18afecec500d552e
,[Footstep sounds],ad4f8dbedb5073b1e5898c2f7a3bc634
レイヴァスファクトラ/B[Se],Labors Factora/B [Se],101720,ddb02de9bb6ce774489a8c46657dcb2a,b4e0d79dc94760e44c08c408d0adfd4b
,[HQ Ice],d7b5b4ca92af94e683ed18429f4b8a5a
,[Footstep sounds],8fcef01c40dcac33362e489813e558e6
レイヴァスファクトラ/B2[Se],Labors Factora/B2 [Se],101721,ddb02de9bb6ce774489a8c46657dcb2a,324f9129a28019c3feecf2af17c22ea0
,[HQ Ice],d7b5b4ca92af94e683ed18429f4b8a5a
シュテールクリーゲル/B[Ba],Starr Krieger/B [Ba],101730,27c3b2d2fbfea1889513af96e83c59d7,ae8c95934ed3da9ce03b764694db75cc
,[HQ Ice],9fdbc82ad9ef042982f48b218d5103fc
,[Linked Inners (SQ, HQ)],8b206f138086ad6589488db83c08d78a,b62a95ad1e263ca3be25b4be53b19801
シュテールクリーゲル/B2[Ba],Starr Krieger/B2 [Ba],101731,27c3b2d2fbfea1889513af96e83c59d7,22d32f23694b76631cd6df73d6c391fc
,[HQ Ice],9fdbc82ad9ef042982f48b218d5103fc
フォルティーマエストリッツォ/B[Ba],Forte Maestrizzo/B [Ba],101740,96d3a3d461a0673c40cc174e33a3eaf3,7deb58c4ab9c3007575538b69cabb062
,[HQ Ice],421e112bc34f4cb5ffd41e813a2919c3
,[Footstep sounds],5fb06cfccfdd5f8c5b61e1ff1529d9a6
フォルティーマエストリッツォ/B2[Ba],Forte Maestrizzo/B2 [Ba],101741,96d3a3d461a0673c40cc174e33a3eaf3,59d222cd0f0db12f447804d4a33f006a
,[HQ Ice],421e112bc34f4cb5ffd41e813a2919c3
カランエイランT1[Ba],Chaosblossom Kaliyuga T1 [Ba],101760,a394ee64577bf2c3459b9a990c866af8,2ff62bf28b9b1e061c72b90bcbeedda4
,[HQ Ice],ed1849b254777fc677b11af96ae86739
,[Footstep sounds],c1211982ac1b547053ed1012be982e84
カランエイランT1/2[Ba],Chaosblossom Kaliyuga T1/2 [Ba],101761,a394ee64577bf2c3459b9a990c866af8,16a28d6ceb2a0f77c2a28b0e6541b4a6
,[HQ Ice],ed1849b254777fc677b11af96ae86739
プレディアプレアー/B[Se],Predia Preghiera/B [Se],101790,f4906bbc03c942eee53a15475472b7b8,fded74ecf715eabd30790cab95f409cc
,[HQ Ice],efe2721dcd8e22af5208bb9728f11d32
,[Footstep sounds],e386d0c6cd94bc6f27cf3d218d801a56
プレディアプレアー/B2[Se],Predia Preghiera/B2 [Se],101791,f4906bbc03c942eee53a15475472b7b8,045cb1c24d53bb4a8329e99571fee0f0
,[HQ Ice],efe2721dcd8e22af5208bb9728f11d32
クラークユニヴス/D[Ba],Clark Univus/D [Ba],101800,e498b6c6f065e4b38ecbb551f429d4e1,443bd06d8161d386fd1c4aa88e32366b
,[HQ Ice],fd76f5d35cf96fa3d3d6bde5e961e81b
,[Footstep sounds],e386d0c6cd94bc6f27cf3d218d801a56
N-コンバットジャケットT1[Ba],N-Combat Jacket T1 [Ba],101810,f67b9f1fee1eaddd60b0f0403f840c41,089d2355c042a74d933633973b684ec6
,[HQ Ice],4e6c0a694d583dafe01f1d1a29fb3002
,[Linked Inners (SQ, HQ)],8d9c83536a0addc939ab95e8a6123946,7cc42098381f0ecc008727c29133eb4a
,[Footstep sounds],0215a6dea63ec81b66a5034cd0f071ee
N-コンバットジャケットT1/2[Ba],N-Combat Jacket T1/2 [Ba],101811,f67b9f1fee1eaddd60b0f0403f840c41,e0d4937d0159284d015748197806aec2
,[HQ Ice],4e6c0a694d583dafe01f1d1a29fb3002
リューンノクトーリノ/B[Se],Lune Noctorino/B [Se],101820,f5ca724adcba2cd4ce7bb6d4e0eaa86a,d28a0ad915c948bef4ab3628939f44d5
,[HQ Ice],aa8b3423adaac8b5ddf62fc08a2f7be4
,[Footstep sounds],e5daa54833296b752cf6de4554eeb8f1
リューンノクトーリノ/B2[Se],Lune Noctorino/B2 [Se],101821,f5ca724adcba2cd4ce7bb6d4e0eaa86a,51cff11a388ac80594d523ebc44750f5
,[HQ Ice],aa8b3423adaac8b5ddf62fc08a2f7be4
トレイモンドスピアージョ[Ba],Tramondo Spiaggio [Ba],101840,9a5004eefb26ce4aceee9546410ae759,15299fdec0e68a2ce6bd000926e29e95
,[HQ Ice],ee7e1902e9f7c561a27fe988345546ed
,[Footstep sounds],751cfcc0ddf70b87d9d4b6705793d0bf
エアリオナダール/B[Ba],Aelio Nadar/B [Ba],101870,15334f71c464fa0ab3e1ff452287bc23,8a06403a9552c677cd578176cc7b4fc7
,[Alt Model],dea430d0d5043d8ad51fcece8d9c422b
,[HQ Ice],e73dd07028153be19e48cede3d39b474
,[HQ Alt Model],9ab1f927412299b26f6d5c3bd6786e62
,[Footstep sounds],27f725d4aac6a6fdc58bb8efb8a8ba16
エアリオナダール/C[Ba],Aelio Nadar/C [Ba],101880,05ab8a9f0d9707304868c4fa4bc8b588,d78a2355d6dadc4643d30ad842fb1889
,[Alt Model],b22874719d4b362cfb3f7c3086389272
,[HQ Ice],6fa08a9d67f294670db390b6d9ac8cd4
,[HQ Alt Model],05ca4f786babc2e9228d4fc4cf66fd2f
,[Footstep sounds],27f725d4aac6a6fdc58bb8efb8a8ba16
バーゲスト/B[Se],Barghest/B [Se],101910,883fcf5a7219f0a5e40865853530d62c,ce54802c48b3317413849aeb736bfca3
,[HQ Ice],6055e1d2d22b332abe3036b5992dc893
,[Footstep sounds],c1211982ac1b547053ed1012be982e84
バーゲスト/B2[Se],Barghest/B2 [Se],101911,883fcf5a7219f0a5e40865853530d62c,d198e3038eff78d82b1cdacc0549d30b
,[HQ Ice],6055e1d2d22b332abe3036b5992dc893
ニーグルムグラディオ/B[Se],Nocte Gladio/B [Se],101920,88de29361403330432a4cd4ca995e7cf,20f7d8558415b3088baaa31a37eae755
,[HQ Ice],47cc2e33f2e25236d7a26a037870c263
,[Footstep sounds],42283c57187e58faa0911e911a7968d3
ニーグルムグラディオ/B2[Se],Nocte Gladio/B2 [Se],101921,88de29361403330432a4cd4ca995e7cf,14e7a8856e87322a185c9b50c81cf68d
,[HQ Ice],47cc2e33f2e25236d7a26a037870c263
[Unnamed 101940],,101940,efa29efe851afdceb6963ed54a5dcde4, (Not found),6cd7f39c32b1878a7b42538bf7a39ad3, (Not found)
,[HQ Ice],1c6a65d539714f9ab79a5d5f1ed6221d, (Not found)
,[Footstep sounds],e386d0c6cd94bc6f27cf3d218d801a56
[Unnamed 101950],,101950,81984ec0dc8e0e9c6eed0b2b93b5eaed, (Not found),8acee0f147d9669fccbc14000ad474eb, (Not found)
,[HQ Ice],ae997dd934e1f2882029fe306e09e437, (Not found)
,[Footstep sounds],87b29cd24f100b736e17bd875a9e560a
[Unnamed 101960],,101960,93954895a2909d387b27218bd774681a, (Not found),c287940e2edfa8e9ec1a1e9748edaa32, (Not found)
,[HQ Ice],38666e827ac8ea78857312610ab023b1, (Not found)
,[Footstep sounds],87b29cd24f100b736e17bd875a9e560a
アヤシノカラスマ/B[Ba],Ominous Crow/B [Ba],101970,6b37059e795819054ed38f3580fbaac5,b97c7b955e797efe9fd29463e9854bcf
,[HQ Ice],f2210e8a90b0bf1fd20b5a22b2bfe3a4
,[Footstep sounds],fd93a88051c89670664b2381fcba5bc0
アヤシノカラスマ/B2[Ba],Ominous Crow/B2 [Ba],101971,6b37059e795819054ed38f3580fbaac5,a7d33c705ab6280e0004d0a57a5ca19d
,[HQ Ice],f2210e8a90b0bf1fd20b5a22b2bfe3a4
[Unnamed 101980],,101980,25210370bb72665b3c5fde56addc4d82, (Not found),f8458b4b0783e0e00b86d71771e639ea, (Not found)
,[HQ Ice],84fd1a5f4ba5c35608bf4b899c070c54, (Not found)
,[Linked Inners (SQ, HQ)],c73f66a8d898b94e171e9c488ebc196b,74b800e41c4030d3708d8bf2a4336ad7
,[Footstep sounds],42283c57187e58faa0911e911a7968d3
ブレヴィールージ/C[Ba],Bravy Loose/C [Ba],101990,0ce4a7a099e24c9abbef3ce82a3ddfed,dc7229b1c10785f069c3fa487b89efa2
,[HQ Ice],b0224205d4586b534436104b9edb038e
,[Footstep sounds],e5daa54833296b752cf6de4554eeb8f1
ブレヴィージャッハ/C[Ba],Bravy Jacket/C [Ba],102000,e834cfa817320b775c1dda2aa30243b0,b1b0b541482fd12bd33669c28252f901
,[HQ Ice],3cfad5428fe6f5793c0c6f00df91f045
,[Footstep sounds],e5daa54833296b752cf6de4554eeb8f1
バウナスボーア/D[Se],Bounca Boa/D [Se],102010,f0a727904e9aa5e83a01a02297344e9d,d9083969d86a6a33e8d3c16476e8ae9c
,[HQ Ice],3505fb84e9abd87df827a5383be38540
,[Footstep sounds],8fcef01c40dcac33362e489813e558e6
影山シエン・レプカ[Se],Kageyama Shien Replica [Se],102020,dbb1c4420771d172f20b32f2fb1f64b0,b7950a0c96ed8b3d04bc8fb8743acd5e
,[HQ Ice],c4bcc1cc362d94b6143917b599d4bfd1
,[Footstep sounds],e386d0c6cd94bc6f27cf3d218d801a56
影山シエン・レプカ/2[Se],Kageyama Shien Replica/2 [Se],102021,dbb1c4420771d172f20b32f2fb1f64b0,f90f0313c18e79b9d8cb416d56165c74
,[HQ Ice],c4bcc1cc362d94b6143917b599d4bfd1
遠野志貴の制服[Se],Shiki Tohno Uniform [Se],102030,de8064447ea7fdbaaa79a468c4908d22,3649e3831bde2ee61ab13172336623e9
,[HQ Ice],2b8e45053db23cfb67bd6d9bac9543f0
,[Footstep sounds],c1211982ac1b547053ed1012be982e84
遠野志貴の制服/2[Se],Shiki Tohno Uniform/2 [Se],102031,de8064447ea7fdbaaa79a468c4908d22,fdb5961c62f25b98b424e1bd238f78bf
,[HQ Ice],2b8e45053db23cfb67bd6d9bac9543f0
トレイモンドコラーリオ/B[Ba],Tramondo Coralio/B [Ba],102040,51c4039589aa0a78ad3e96fc594b765b,7b79b10af601e49c548ad7e766975400
,[HQ Ice],1decfeadb219a5c67a533b3ab3bf53d2
,[Linked Inners (SQ, HQ)],567eef7ad370bde4fe24053e01779527,86e57b72c568291f5a3cd0d2f6374268
,[Footstep sounds],751cfcc0ddf70b87d9d4b6705793d0bf
トレイモンドスピアージョ/B[Ba],Tramondo Spiaggio/B [Ba],102050,dc22f5f4509d2f04e5d6bc18f6c94815,c1a4761a58c16b4d6569f2409d59a9ef
,[HQ Ice],b7b619691f01a38adbd81c031bd70eb6
,[Footstep sounds],751cfcc0ddf70b87d9d4b6705793d0bf
[Unnamed 102060],,102060,077a3c910084dfd5caa085cf0319819e, (Not found),2ae2e164753dbe89b90f6dd89c4bdcd3, (Not found)
,[HQ Ice],64e4e259eceff43396c14a9e50b22427, (Not found)
,[Footstep sounds],c1211982ac1b547053ed1012be982e84
N-チェックシャツ/B[Ba],N-Plaid Shirt/B [Ba],102070,9a2f42a32c95730600a936d778966acd,192a6cad8f072633375d8a30f5724fb8
,[HQ Ice],52919cdc229edb2f1c43b67b6d83cf13
,[Footstep sounds],c1211982ac1b547053ed1012be982e84
[Unnamed 102080],,102080,e53f3f8ddbb0a228905a2f79d936f338, (Not found),c4bd1ad3645a7f0243ec1ec847c2d465, (Not found)
,[HQ Ice],1c483ae745afadcfa61d47d723e74e1b, (Not found)
,[Footstep sounds],c1211982ac1b547053ed1012be982e84
[Unnamed 102090],,102090,b521a58c7ac8dfe7ceaac47c486d51b2, (Not found),fd4f588df96c62b90fed66801a4d4a52, (Not found)
,[HQ Ice],64bb2541ac06c97134fc9d2ae06d61e5, (Not found)
,[Footstep sounds],8f1c93b4f9c6073b354484ec1faf3493
ヴァンアルティメラ/C[Se],Vent Ultimela/C [Se],102100,32eceeb839ae6f423fb7c89090a886de,40ac6f9e2e5b3c1443d3c917ec0866ec
,[HQ Ice],ff73f1002c7042ae9ef04f3952ccf839
,[Footstep sounds],8fcef01c40dcac33362e489813e558e6
ヴァンフォルテス/C[Ba],Vent Fortes/C [Ba],102110,c4da945a7589f0db7adcbb644b280880,fe97ab629ab2bb21ca6e597f48ff4576
,[Alt Model],79b182a20a2d7c5d80a60c1d07f8633d
,[HQ Ice],6e96cb63dca1c54b5430a758c4f29b06
,[HQ Alt Model],47a1301af7779512aab53fd6bb893e14
,[Footstep sounds],8fcef01c40dcac33362e489813e558e6
マールサージン/C[Ba],Maal Sandstorm/C [Ba],102120,fda761aff98a415738b7ea25cda2052b,523ce695810d9d14ac28fa631b1c760e
,[HQ Ice],fc43bafdc2d22043bfb6cf174a2f2558
,[Footstep sounds],cd11cf77827b7d82ce724b933479b11d
マールサージェス/C[Ba],Maal Storm/C [Ba],102130,8f55b9d4d7e64e6e6711e426580eafea,6bf7a7084a6c714fd4cf71ae7b421000
,[HQ Ice],b412448065983a10b3926fdfcf6ae878
,[Footstep sounds],cd11cf77827b7d82ce724b933479b11d
[Unnamed 102140],,102140,0243dc4f82b80b74dab2f2e58049162b, (Not found),d18bafeffbef3bafda41374cd9d67e35, (Not found)
,[HQ Ice],57784456f9d57bf59f6dc88aca6ffedb, (Not found)
,[Footstep sounds],c1211982ac1b547053ed1012be982e84
ザンダクラフス[Ba],Zanda Klaus [Ba],102160,c133ea26f4e46fc5ba9c61a5aba02c77,1467db75a0ff59eb2814e6acd9184476
,[HQ Ice],4f6415a322e93b3ca5f9c2b5a1983ac6
,[Linked Inners (SQ, HQ)],7fe122ea72fc7442d12c3812d400be74,4e441cb199b26402d4bd1117a47ecd4b
,[Footstep sounds],8f1c93b4f9c6073b354484ec1faf3493
ザンダクラフス/2[Ba],Zanda Klaus/2 [Ba],102161,c133ea26f4e46fc5ba9c61a5aba02c77,31a04ddd1a343bfcf62a2cdc078432e8
,[HQ Ice],4f6415a322e93b3ca5f9c2b5a1983ac6
ザンダグローグ[Se],Zanda Stronk [Se],102170,7b0d32d7ec2ed0554bcc6a2f94ec6faf,a0d47103b0a946b2eee01c0283256a54
,[HQ Ice],1ebc13276cef56e8d6445bdfb9c52c47
,[Linked Inners (SQ, HQ)],7fe122ea72fc7442d12c3812d400be74,4e441cb199b26402d4bd1117a47ecd4b
,[Footstep sounds],8f1c93b4f9c6073b354484ec1faf3493
ザンダグローグ/2[Se],Zanda Stronk/2 [Se],102171,7b0d32d7ec2ed0554bcc6a2f94ec6faf,997ea9a23b19b0bdbd9925e7511caae0
,[HQ Ice],1ebc13276cef56e8d6445bdfb9c52c47
ウカノミハタT1/B[Se],Uka no Mihata T1/B [Se],102190,f30d77c6650ac67b4e80b73709fb991e,c529dd22d279a0ae4ff4b895c6dcff84
,[HQ Ice],94d3c84b5b25fe73ba525213c5bf1cfc
,[Footstep sounds],46b1c6ddd8b73f4a7165a6689b8774ee
ウカノミハタT1/B2[Se],Uka no Mihata T1/B2 [Se],102191,f30d77c6650ac67b4e80b73709fb991e,6f6e268b5e63e6eb7f9b1fdf38c438bb
,[HQ Ice],94d3c84b5b25fe73ba525213c5bf1cfc
アルミラントアンシェット/B[Se],Almirant Anciet/B [Se],102200,e9f4dee3c36be82a62a501fb3deb96a5,81bc9439166b972bc61170f7185d9ed6
,[HQ Ice],bd3e1c378b20ed8604c64345a4a7e177
,[Footstep sounds],8fcef01c40dcac33362e489813e558e6
アルミラントアンシェット/B2[Se],Almirant Anciet/B2 [Se],102201,e9f4dee3c36be82a62a501fb3deb96a5,4a4d49dd99cf5fce6293af5e84bf62b6
,[HQ Ice],bd3e1c378b20ed8604c64345a4a7e177
[Unnamed 102210],,102210,176379b04d0ebe6b38bc8f5218ce9f9c, (Not found),da6c9d1979d08b1e284f9e2df3888ff4, (Not found)
,[HQ Ice],0101dc2eabd42a920cceee96f9755b19, (Not found)
,[Footstep sounds],c1211982ac1b547053ed1012be982e84
￥モモンの鎧　ＴＶ１　Ｃ１[Fu],,102220,50cbd69d5717dfe986585a1bd358c15b, (Not found),f0da945eae56ade1dc737d864173ae63, (Not found)
,[HQ Ice],6f2befac83602a7350d15651fc757dcc, (Not found)
[Unnamed 102250],,102250,7fa173e230df1cfa124bbca78785daa4, (Not found),b0c6383212d645af89e9793d339f9c0d, (Not found)
,[HQ Ice],494acdf3613b73f8406491851bba6f5a, (Not found)
,[Footstep sounds],87b29cd24f100b736e17bd875a9e560a
[Unnamed 102280],,102280,c57c37dbf9428b0fd61fa4cf7d862238, (Not found),59165eb0cb6c051e80bf1203f4ee7939, (Not found)
,[HQ Ice],c48c3ce9647e0308364f45fb4252e301, (Not found)
[Unnamed 102290],,102290,136ad51ab320444b025586f1d7d2d2f8, (Not found),cb768880263f3650c357c992b71f4aa6, (Not found)
,[HQ Ice],9a1f5099df0acc6779947313c05291c3, (Not found)
,[Footstep sounds],42b100238b4c2e2503e050120ae8c0ef
[Unnamed 102300],,102300,50c2b4491a1c3f1d21aa31be59d3664e, (Not found),ff4313c46bc08819f48ade4ef2859d2a, (Not found)
,[HQ Ice],719168128b7435aa33e0535650267387, (Not found)
,[Footstep sounds],46b1c6ddd8b73f4a7165a6689b8774ee
￥ベースウェア汎用Ｔシャツ男[Ba],,102310,58412e592ecf0c6abacb1b4dc54bdc55, (Not found),35bf8e049dd78d9df9f5de69219ca6dc, (Not found)
,[HQ Ice],c3d48c01b326eda2bc3e10b3c9c4c81b, (Not found)
,[Footstep sounds],e5daa54833296b752cf6de4554eeb8f1
オペラーテユニヴス/D[Ba],Operatii Univus/D [Ba],102430,d8dfdea5acd95bea6e07080e0bba998e,e25cacbb146a97e8ebf107906fb26a9b
,[HQ Ice],f849ea2a1de485c3df5a8d17528e65a7
,[Footstep sounds],e5daa54833296b752cf6de4554eeb8f1
オペラーテユニヴスAF[Ba],Operatii Univus AF [Ba],102440,4540f12d143d30c6a19a19eb929c6990,bcf16bb4adf9b6d4bee3cc2e62c4b350
,[HQ Ice],84944bff650f4e4c0e9d12abe2ed6e7a
,[Footstep sounds],e5daa54833296b752cf6de4554eeb8f1
メイズクォーター/D[Se],Mates Quarter/D [Se],102450,af7cfc52ae7c2c019ca450da1522d2cb,97385d0ca83bc683f32250aafac0fb7e
,[HQ Ice],b649276c0ccf8053b6cd2577d4e0f9fd
,[Footstep sounds],e386d0c6cd94bc6f27cf3d218d801a56
メイズクォーターAF[Se],Mates Quarter AF [Se],102460,e969e5d52722ef6dad82d3aaebdfca13,dfdd3afc7480e999cde02f0716788b8d
,[HQ Ice],f85b7c66722a0c014e501b92a8233edf
,[Footstep sounds],e386d0c6cd94bc6f27cf3d218d801a56
センティルトコート/D[Se],Sentilt Coat/D [Se],102470,cae3a7872e0162798dda2dc19c0ed444,c6022b223001d972c4109e97d1cc9fe7
,[HQ Ice],45ec6945ea00d3bfae3adbb42c1254af
,[Footstep sounds],d708e64c4f43dfe42191e00534b77c19
センティルトコートAF[Se],Sentilt Coat AF [Se],102480,a3869f72afe1dfaecc2305f815d95bd2,55bf9b83677f0f3526a80ef5b5ef4180
,[HQ Ice],f7dfceba673719a2add2d8f6fa4bd8f7
,[Footstep sounds],d708e64c4f43dfe42191e00534b77c19
ザンダクラフス/B[Ba],Zanda Klaus/B [Ba],102490,04e6efcf31e8edcc949e624c0ec7404c,54a8ca3d1553ae168f65d02f8cf4d898
,[HQ Ice],a9321e9fb7e3e11fb5298147b92498f7
,[Linked Inners (SQ, HQ)],548f9040ca281e477b8a73b6e5147e26,51883c060f885b80ecef6175edca4e86
,[Footstep sounds],8f1c93b4f9c6073b354484ec1faf3493
ザンダクラフス/B2[Ba],Zanda Klaus/B2 [Ba],102491,04e6efcf31e8edcc949e624c0ec7404c,518c76ec1c0b632c1c5f1f812f32c863
,[HQ Ice],a9321e9fb7e3e11fb5298147b92498f7
影山シエン・レプカ/B[Se],Kageyama Shien Replica/B [Se],102500,68bdcfeb01f7427bb4a81a8d544b5fed,fe4942b2244cef8632c2eca46b66a365
,[HQ Ice],7c22228a1b30ab7a7db438e8a9138b43
,[Footstep sounds],e386d0c6cd94bc6f27cf3d218d801a56
影山シエン・レプカ/B2[Se],Kageyama Shien Replica/B2 [Se],102501,68bdcfeb01f7427bb4a81a8d544b5fed,c9b78419d36e6234818800c24a61e405
,[HQ Ice],7c22228a1b30ab7a7db438e8a9138b43
シュタッテリベラッテT1/B[Ba],Stadte Liberati T1/B [Ba],102510,bd6d038a9296bd1aee5b485484998908,fb17c4b8c5547123e6bdc4eb578b4423
,[HQ Ice],9745aec16414ddf872d4f26f26fdfa6d
,[Footstep sounds],42283c57187e58faa0911e911a7968d3
シュタッテリベラッテT1/B2[Ba],Stadte Liberati T1/B2 [Ba],102511,bd6d038a9296bd1aee5b485484998908,93ba1c1908d293a99762385cb2ec6b82
,[HQ Ice],9745aec16414ddf872d4f26f26fdfa6d
[Unnamed 102520],,102520,71ae462dbeb4a3a97aa0f303263f9754, (Not found),bdcd12b07e6d16101a37a3f7d6b12e06, (Not found)
,[HQ Ice],d7900a72e3c16d0200ae77d44e712670, (Not found)
[Unnamed 102530],,102530,67d0131570d6101999375c65d21362ad, (Not found),f21114c4c9ec43421fe9dbe2b8b8ca73, (Not found)
,[HQ Ice],1e104c96a4d3e1764917be62c0c37762, (Not found)
￥モモンの鎧　ＴＶ２　Ｃ１[Fu],,102540,24a13fa031bfe7556283eacf48b760ab, (Not found),1af3f551f390b2005544bbfd71dc03bc, (Not found)
,[HQ Ice],2ee2260120adc469416c61663b368c7f, (Not found)
遠野志貴の制服/B[Se],Shiki Tohno Uniform/B [Se],102550,5cf56864e50f5934cc91501e3f615ce5,783a98c84580450c641509685e27b605
,[HQ Ice],1de256cd138aa403364009608731c0f7
,[Footstep sounds],c1211982ac1b547053ed1012be982e84
遠野志貴の制服/B2[Se],Shiki Tohno Uniform/B2 [Se],102551,5cf56864e50f5934cc91501e3f615ce5,6ea91abd032b908009f52db7f39edfc8
,[HQ Ice],1de256cd138aa403364009608731c0f7
[Unnamed 102560],,102560,a42326e2e693269505dfec7805ff122e, (Not found),8d402c3c5af0f2bd5f9755c76ff8eee3, (Not found)
,[HQ Ice],169300a8fd43e7b33ac1d7cdecc59574, (Not found)
[Unnamed 102570],,102570,29b244835beb3067eceb90ef0d8fddf7, (Not found),a1eec538993f614abf1ecbb51aae557e, (Not found)
,[HQ Ice],5f9f62eda7f99b326cd4087885e5cb03, (Not found)
[Unnamed 102580],,102580,09c80b8a189cef25f1bb1b2109c2cfa3, (Not found),6b4b7199feb9a030e43a05c8152f3d61, (Not found)
,[HQ Ice],179b515488a5ac773aa30d872e613f66, (Not found)
[Unnamed 102590],,102590,5122b7741620d5cfd7e421b53e2e5df8, (Not found),0c31c728551c68e7af543248b7b3b04e, (Not found)
,[HQ Ice],9e692a7c3c20b4e0ec0ffae50d58ca67, (Not found)
,[Footstep sounds],c1211982ac1b547053ed1012be982e84
[Unnamed 102600],,102600,9807eaf95ef3421291d4d23098d42c6d, (Not found),504c608bd7c194d8a2fc229c6cc957cc, (Not found)
,[HQ Ice],e1651cd48caaada542408b012ebc508c, (Not found)
,[Footstep sounds],42b100238b4c2e2503e050120ae8c0ef
リテムウォルダAF[Ba],Retem Wardat AF [Ba],102610,bf5a264318509c16f21c967c8ded9f69,8561f5ab86081e0ddc6eb5332b12386d
,[HQ Ice],fdc654e33988c6358e485df27d93cb50
,[Footstep sounds],e386d0c6cd94bc6f27cf3d218d801a56
リテムウォルダAF/B[Ba],Retem Wardat AF/B [Ba],102620,80c00c45bc5700168eda7c8b5d51cd0e,05e8e78086ecb0659ab6e539f79294a3
,[HQ Ice],601965d5667053868202af9a6696dc7e
,[Footstep sounds],e386d0c6cd94bc6f27cf3d218d801a56
クラークユニヴス/E[Ba],Clark Univus/E [Ba],102630,bc08ee724cfd2a1c7005d73d178e2a58,8b8c3cfddb938f4a0bab10ebe7e035cd
,[HQ Ice],90f47aa28d403f74a8accfbe7965664f
,[Footstep sounds],e386d0c6cd94bc6f27cf3d218d801a56
ブレヴィールージ/D[Ba],Bravy Loose/D [Ba],102640,9f57ba93fae0e1f9874227a5885d6e4c,16f5786395650ea56fce9c288432a5eb
,[HQ Ice],a4969eab056fe19da50832028c937afe
,[Footstep sounds],e5daa54833296b752cf6de4554eeb8f1
ブレヴィージャッハ/D[Ba],Bravy Jacket/D [Ba],102650,3de6c179c354e1137667c24a0fdf2887,16ca2b2be2f1217cf7ea43de5bdbad53
,[HQ Ice],187cba87eaf0367dd5726990e7ccdadb
,[Footstep sounds],e5daa54833296b752cf6de4554eeb8f1
[Unnamed 102670],,102670,8d01024a7957a772f7852e4bbcd61870, (Not found),c82b3f639c65182e4a2d4a880be58e8c, (Not found)
,[HQ Ice],21b73e622e0d8db43e6f3254800e9572, (Not found)
,[Linked Inners (SQ, HQ)],d3c84b5e4de6d3c136fa485a630ca8c6,3c159219f6c1338300f78ab23c0fe562
スケルステス/B[Se],Skelstelth/B [Se],102690,c74da11e8053f8a714dc672eab70c581,99a601c3a4e76e96c8160d3828704445
,[HQ Ice],6415c989987bf0e597505727ef405388
,[Footstep sounds],406f6ae547b88ef4eb810c62243fc16e
スケルステス/B2[Se],Skelstelth/B2 [Se],102691,c74da11e8053f8a714dc672eab70c581,8186591a22b9afa8b9299fa06785bcdc
,[HQ Ice],6415c989987bf0e597505727ef405388
エイセンハカマ/B[Se],Shadowy Hakama/B [Se],102710,57aee70650930dfeded88e6fe7d2dc30,a22e35ceb347f98a9555c5b4d5612f27
,[HQ Ice],688de7edcbdfb5febefbf12e79a95181
,[Footstep sounds],e5daa54833296b752cf6de4554eeb8f1
エイセンハカマ/B2[Se],Shadowy Hakama/B2 [Se],102711,57aee70650930dfeded88e6fe7d2dc30,7f67f112406dbb4eada6bcd7b1d20556
,[HQ Ice],688de7edcbdfb5febefbf12e79a95181
[Unnamed 102720],,102720,5eb7c3a7fcea9701b4d0ac1c0b4c84cf, (Not found),bc75cb6df8f4577a86c0c8ba6ba09bb7, (Not found)
,[HQ Ice],3093fcb05025aa3ccdfb34397a393515, (Not found)
,[Footstep sounds],87b29cd24f100b736e17bd875a9e560a
[Unnamed 102730],,102730,1972ffdaa8fb703fc8bdf57bda1cc53b, (Not found),9ad00532c8e356c951a9513ea5b9be4e, (Not found)
,[HQ Ice],c297f0167cbbe44f5862681b50e9030d, (Not found)
,[Footstep sounds],8fcef01c40dcac33362e489813e558e6
[Unnamed 102740],,102740,ffa58945b4a9d22be5a5cc8175048876, (Not found),9b7db49076f17d7cf300a4d96f7ce462, (Not found)
,[HQ Ice],1588725d8fbe04f922c25b15f76c48f8, (Not found)
,[Footstep sounds],8fcef01c40dcac33362e489813e558e6
ザンダグローグ/B[Se],Zanda Stronk/B [Se],102750,12035a6ee885ddf64947616e31ce60d4,3be9deeafc3aed04a96a4728d612e1a3
,[HQ Ice],990d354657814766f59d3d54c9ebb0b7
,[Linked Inners (SQ, HQ)],548f9040ca281e477b8a73b6e5147e26,51883c060f885b80ecef6175edca4e86
,[Footstep sounds],8f1c93b4f9c6073b354484ec1faf3493
ザンダグローグ/B2[Se],Zanda Stronk/B2 [Se],102751,12035a6ee885ddf64947616e31ce60d4,dc372e4b5827b56621e8edc94a970ef9
,[HQ Ice],990d354657814766f59d3d54c9ebb0b7
N-トナカイ着ぐるみ[Se],N-Reindeer Costume [Se],102790,5deb946fe5dd40611b0e2417114c62a2,b660c09826cd7b80b34d745b369f8550
,[HQ Ice],9b1fc7d583c9973112feaebe7db3132e
,[Footstep sounds],c1211982ac1b547053ed1012be982e84
[Unnamed 102800],,102800,d5826c6fa3e9d02a069c227f14df92e9, (Not found),7fafc9b8db68d6c595c194946e89bc02, (Not found)
,[HQ Ice],a5b23ba0194617455fb929539f273ea5, (Not found)
,[Footstep sounds],c1211982ac1b547053ed1012be982e84
ヴァンフォルテス/UC[Ba],Vent Fortes/UC [Ba],102830,ac742dec7674db4f8d5296a883fbc39d,1883a936210dc8b9086dae7a2d3fc0e8
,[Alt Model],a145aab79fced0ae90e5b4678420dbbf
,[HQ Ice],edbbec2b24971b9d97593a4610efe679
,[HQ Alt Model],e99dcaacf18566c097cf22a99ea3dece
,[Footstep sounds],8fcef01c40dcac33362e489813e558e6
ヴァンアルティメラ/UC[Se],Vent Ultimela/UC [Se],102840,be4c5f6a28166e974d8fa1af8d0019f6,6c7b66e073bea9c9f7eb7e3d723823aa
,[HQ Ice],d8148edeef827ca8031c87b8b9253fa4
,[Footstep sounds],8fcef01c40dcac33362e489813e558e6
マールサーリウ/E[Ba],Maal Sandquick/E [Ba],102850,62248d31e8d3153ed69cfcb6aef5eb69,30d58fa618049d99c46dc4e125fd1dc9
,[HQ Ice],f925ecf8ffe6792bbac99efcc6b5c52b
,[Linked Inners (SQ, HQ)],8184f51486ee87ff2212673c91039fa8,3a4eef90c394a0b7cc4e1b1be9019d43
,[Footstep sounds],751cfcc0ddf70b87d9d4b6705793d0bf
マールサーリウ/D[Ba],Maal Sandquick/D [Ba],102860,b8949bf646dfa8e3c788508a5e70d9c5,4fd1f1dcf363b781478bafd0f3311061
,[HQ Ice],3131c4e3a2b7f1b614ff9474d9a404d5
,[Linked Inners (SQ, HQ)],dbfe602e0fcd9aafb202c0321fbadffd,b236f01d46dd787e5203ef45a806afa8
,[Footstep sounds],751cfcc0ddf70b87d9d4b6705793d0bf
[Unnamed 102900],,102900,06f4cd739078003e716d035f1efcc2f1, (Not found),27a20484e45b9a4f1dfd54d0b7056836, (Not found)
,[HQ Ice],bedfaffeef481ca58c67cfa60a7c96da, (Not found)
カランエイランT1/B[Ba],Chaosblossom Kaliyuga T1/B [Ba],102930,dffa49dd4aadf479a5e9fdeb5c79d039,125aca06718485136eaf832839a7f11c
,[HQ Ice],d79f5b59603d48b7bfb547764a4d49fa
,[Footstep sounds],c1211982ac1b547053ed1012be982e84
カランエイランT1/B2[Ba],Chaosblossom Kaliyuga T1/B2 [Ba],102931,dffa49dd4aadf479a5e9fdeb5c79d039,2044671ecc95b39f4ae0a202d2ff6398
,[HQ Ice],d79f5b59603d48b7bfb547764a4d49fa
モウショウハドウ/B[Ba],Guerrier Militant/B [Ba],102940,5ab175211390c2337d532bd3808b1305,1d28570582236ae5d398a038b3c30e6a
,[HQ Ice],1539d3e3c769b6f01805097847344ddc
,[Footstep sounds],d727b4c40bdaa8902814c7f2d2c2c089
モウショウハドウV2[Ba],Guerrier Militant V2 [Ba],102950,72fd1b783c0d2d7e7735887180744f5c,dbda4baf477b3f93a6ef9d8fe0d79794
,[HQ Ice],0a9f9eeb3f8910dc12c60cff9b29723b
,[Footstep sounds],d727b4c40bdaa8902814c7f2d2c2c089
モウショウハドウV2/B[Ba],Guerrier Militant V2/B [Ba],102960,4a9cf0ead4de4e472b94750f1a3045d2,3b1493e573890dbd92a15cae463437a0
,[HQ Ice],2a7102dcd6f0c266e8c2226a0a47b92d
,[Footstep sounds],d727b4c40bdaa8902814c7f2d2c2c089
ルーデスヴェール/C[Ba],Loosse Veil/C [Ba],102970,93e76f509bfbca697bb437a23a885190,9382ef8cc90d09ce3ea8fdfbc59535da
,[HQ Ice],eef1bb518825f66d5b4f85312558eca0
,[Linked Inners (SQ, HQ)],9ce4b385fbe3d5d6e8f368c3643ca18f,a7036f51f76ee15cf7b691d68ca70e4e
,[Footstep sounds],8fcef01c40dcac33362e489813e558e6
ルーデスヴェールV2[Ba],Loosse Veil V2 [Ba],102980,11a8319f4c60e5e953531ff466b75644,37db7cf51cadb9eea91c5cc0b09c60b2
,[HQ Ice],4cc022ceabc4b2796da9ceef89d3a0ad
,[Footstep sounds],8fcef01c40dcac33362e489813e558e6
アスクレオメディシス/B[Se],Aescula Medicis/B [Se],102990,d26c976bd39defc18f73383dc3d5f097,b2e35f65761bc07a3dcee466810d178d
,[HQ Ice],1ca51613d4e5f739bf4d915ae851b74b
,[Footstep sounds],c1211982ac1b547053ed1012be982e84
アスクレオメディシスV2[Se],Aescula Medicis V2 [Se],103000,25c25ac801d58adc60b5f69dd4adfb5f,5e0d5f167e65bbc657de134993b29a2e
,[HQ Ice],12b8e824338305c516fb84d3f90724ac
,[Footstep sounds],c1211982ac1b547053ed1012be982e84
アスクレオメディシスV2/B[Se],Aescula Medicis V2/B [Se],103010,305b2f906e54d4a618557820530a1f55,ef506f82f6a21ee1bd07a2e002b55bb3
,[HQ Ice],1c9d7965b32f42dffefc0f9cccd3c8f2
,[Footstep sounds],c1211982ac1b547053ed1012be982e84
フウガレッカ/C[Se],Regal Phoenix/C [Se],103020,524bd75e74f459dec9e8d69c214256d2,cb7a6aa1ccbfe80ec2f541ca13b92514
,[HQ Ice],f6fbcef892940c1f73f96bf13ad2f6db
,[Footstep sounds],406f6ae547b88ef4eb810c62243fc16e
フウガレッカV2[Se],Regal Phoenix V2 [Se],103030,0ba6143c929e6663d4cc88f5b300365a,c072e8d9f3b998fc42166afb3c621541
,[HQ Ice],e6d79ad9495c8970812f248b64d5e226
,[Footstep sounds],406f6ae547b88ef4eb810c62243fc16e
フウガレッカV2/B[Se],Regal Phoenix V2/B [Se],103040,36a2aa6c87c79b0305aef286d67a1fff,b9e69266c174a2ea41869fb692b93d1b
,[HQ Ice],11c83c4b69f91821f4922fb0d26b3125
,[Footstep sounds],406f6ae547b88ef4eb810c62243fc16e
[Unnamed 103120],,103120,62d113b11558afdd34f1760c65f74fe8, (Not found),cd23b82890dc75f4b611a0c3a8d856d7, (Not found)
,[HQ Ice],fb923b40d65a39d8ddd94fb135c263cd, (Not found)
[Unnamed 199902],,199902,ca622f2dad6b2487dba76d932c1bd21a, (Not found),b49702df238823104bddb2d820325e0d, (Not found)
,[HQ Ice],64c1b1c6ae969a47cc3101d36c27e149, (Not found)
[Unnamed 199903],,199903,fee3bd9ed5368b4b970c410a7414d7c8, (Not found),62e83bf3f983269a7a073bb4276beec5, (Not found)
,[HQ Ice],b4b6a1140412b99eb50f99ff32fd4306, (Not found)
[Unnamed 199904],,199904,b2afae78892f8034224fd47d8261ca56, (Not found),6e97ff8de6b00c7454ee93dce655a34a, (Not found)
,[HQ Ice],1b99c1af5b6504ae36d80e7a9f767da7, (Not found)
[Unnamed 199996],,199996,3b92db0865003fb8c071986c6fe143a2, (Not found),5f9dffe1e607ab044d172912e8e5ff3a, (Not found)
,[HQ Ice],ac5822fc9a2d2e2fe0dd4aeedabcba72, (Not found)
[Unnamed 199997],,199997,6b16f7c56f59ddb02d75a375e2c20dc7, (Not found),7f3c227b84180c4a10f9fb251515847e, (Not found)
,[HQ Ice],3e6416ff2eee63f6f1cfc70636958594, (Not found)
[Unnamed 199998],,199998,dd8fceb83cc89af4a9c7709b48a583ce, (Not found),3a9bb91e7648d7e2cee5e37539d7db36, (Not found)
,[HQ Ice],72096072a3a70d9cc29e5106e0c79e37, (Not found)
[Unnamed 199999],,199999,9c7ebd1620d7f8364bde9894c9e07826,c6dab51f8bc6086c96b96fcf5b09a520, (Not found)
,[HQ Ice],4abea0965c2753d901f8b73ccb6c55d2
