,character/apc_loaddoll_citizen.ice,646378ad7437f5f56b02615bd2ce4be7
NPC Anims,character/np_npc_object.ice,0a49cc232a4fcf6b39f7e71226dafdf7
Support Partner Anims,character/np_support_partner.ice,092d2c11d49c874ea286b1a197a9b4de
,character/npc_delicious.ice,0e02b96c0b1e76d306e4ea580ff1327b
True Profound Darkness Anims,character/pl_bodel.ice,9a257bac99cf1a27da61ed406491d8ef
,character/pl_light_looks_basnet.ice,85dd170cb3bba037354167c148bd4b4b
Laconium Sword Anims,character/pl_object_rgrs.ice,bf16203b217d981d3247d4b3facdf6c2
Rideroid Plalyer Anims,character/pl_object_rideroid.ice,5d266ae581f60ea33a7464d9028fe20b
Dash Panel Anims,character/pl_object_dashpanel.ice,8ea8d1bb83fa5466a6aa3bbcb83625a5
Monster Hunter Anim,character/pl_volcano.ice,14a2438fc1fccc5abd9f91eaa7a44ff0
Monster Hunter Curve Anim,character/pl_volcano_pickup.ice,d86083be30f55bcf56e68edb73c08c10
,character/pl_common.ice,59dc9adba1627d321afc73f3884e16bf
,character/pl_common_act.ice,c33ea9ee208c108ece3699c67595acb8
,character/pl_common_caf_cf00.ice,125ede2d251f9c89f1e717a3a1483dcd
,character/pl_common_caf_cf50.ice,b71c66d59e217f99a8c5d89054ad076c
,character/pl_common_cam_cm00.ice,3f01035d87438c6ce51b728711945737
,character/pl_common_cam_cm50.ice,cb62b70dc092f6921f0eba55757960c2
,character/pl_common_std_cf00.ice,8eda0b5c8e12bdd152c5e674a8494018
,character/pl_common_std_cm00.ice,c8f7545fa50d039169cb05c1453e9a60
,character/pl_compoundbow_act.ice,b322bf56d33fa5d16e20c984ad530bb6
,character/pl_compoundbow_base.ice,efd4df16e928eeabe0dac25c3f80722a
,character/pl_compoundbow_caf.ice,643b61e4b36d9eb28897d0669eb4a883
,character/pl_compoundbow_cam.ice,840792aab8147f303e12d72b2b9e74e4
,character/pl_compoundbow_std.ice,c85cc0fa5d0f8ac6ab4e080814b62c19
,character/pl_doublesaber_act.ice,18b1ce8c8ec4cfc2262e69511c4d42b9
,character/pl_doublesaber_base.ice,14cd7180060adf1a3728e150491395f7
,character/pl_doublesaber_caf.ice,3dd8a0cc5608ffa2ca60353fb7ecf6c2
,character/pl_doublesaber_cam.ice,209e726ef27ba1ef42c8dde0b41b15b1
,character/pl_doublesaber_std.ice,51b4dec9096e9fdbc9de7b5931d3592e
,character/pl_dualblade_act.ice,45112decea8427611050cf33e7a38eb7
,character/pl_dualblade_base.ice,8c35baaef72308e28f4af22fa27e12ac
,character/pl_dualblade_caf.ice,59d1521c0d356dc1aea91d938a260255
,character/pl_dualblade_cam.ice,9f7370ad3751b2d22d66d90fe7d8df75
,character/pl_dualblade_std.ice,ed40b9261c1c6a06fe43d3418daba31b
,character/pl_gunslash_act.ice,533852395df326a501b0d82da9be5274
,character/pl_gunslash_base.ice,8a3c997a9b6153c2d06f38099a44188d
,character/pl_gunslash_caf.ice,bddbe330a468ddff783faf62058d3f1b
,character/pl_gunslash_cam.ice,14ea0cc1e45c656f8ed5a1418ecd107b
,character/pl_gunslash_std.ice,2cd6f1872400e0d5028bb607cbd0bd2e
,character/pl_jetboots_act.ice,7b340ec96cddbd4adb79ead5a8e92000
,character/pl_jetboots_base.ice,77b55cb18080e8031e571f253b45df05
,character/pl_jetboots_caf.ice,c8b9fde7832643f640d717f38ec2553a
,character/pl_jetboots_cam.ice,303288dcc9dca9ddf33854896f237b89
,character/pl_jetboots_std.ice,1601ca8954dc51c3bef1aaaf5fdd39f9
,character/pl_katana_act.ice,1676c8a5fdd919dc392b28d6614f99a6
,character/pl_katana_base.ice,c7438a70f871b72542e8751db4cacc5a
,character/pl_katana_caf.ice,0e36c2a24c1d479ff7b131b41efc2d0b
,character/pl_katana_cam.ice,1540f5e04923102abde37595ace51fbe
,character/pl_katana_std.ice,370d70f3ef5f4441e84c6241d3317724
,character/pl_knuckle_act.ice,50bfcc904e2806ef68fb1f275699f139
,character/pl_knuckle_base.ice,42173055708433e02f1e313e23ee9aff
,character/pl_knuckle_caf.ice,546a39306e38b8f8413ac6d1e8187c9c
,character/pl_knuckle_cam.ice,e28e78c4d326c7af1cdd318c03c5a908
,character/pl_knuckle_std.ice,21e5c343fe5dbbb120027bef80554149
,character/pl_launcher_act.ice,51c8079ed57960ee5cffa65aec72c94a
,character/pl_launcher_base.ice,156f24b3defb2b6646807a3a7190e2a9
,character/pl_launcher_caf.ice,d19cf8f3b0c3dde590ce7480712c1be1
,character/pl_launcher_cam.ice,b2b05c53f193b67df25dda9d82183713
,character/pl_launcher_std.ice,c09dd697330cbe487c41ccf2410a3657
,character/pl_master_doublesaber_act.ice,245c17bedeab1fa6d56ea121ee5a0767
,character/pl_master_doublesaber_base.ice,68257c90da5c528c63a68b9c97f1c22a
,character/pl_master_doublesaber_caf.ice,a316ce85b57fc335722ee4f5434ad182
,character/pl_master_doublesaber_cam.ice,61ec8cb5fe90f5afc67bfd5f2089fd8b
,character/pl_master_doublesaber_std.ice,26c11af30793728dca404e7140e6cc93
,character/pl_master_dualblade_act.ice,d5e1368841c958856992f95ab559ea8c
,character/pl_master_dualblade_base.ice,c3777f20aed0a034a5cdcd61c3e0d8c0
,character/pl_master_dualblade_caf.ice,2900a9e78cc78589db813c3f8ee7d748
,character/pl_master_dualblade_cam.ice,4ab09c98086b248f392a18adee240521
,character/pl_master_dualblade_std.ice,8aad847ae3638e4a3108ba83c66e557a
,character/pl_master_wand_act.ice,128276330e3494927a556169c8323941
,character/pl_master_wand_base.ice,c37b2ff817ef9ed483fee42745d89b79
,character/pl_master_wand_caf.ice,c4a21b9ac6ebbea138955ed2fd5e9e49
,character/pl_master_wand_cam.ice,32cbbc454d0c558b9da68e0aa4f899c3
,character/pl_master_wand_std.ice,8c26474e2f51609d90284141c8a84da8
,character/pl_partisan_act.ice,d00999316e9a7b823b8d77fe086ff61f
,character/pl_partisan_base.ice,6cb67db49fee298771cd2f4b455bb89b
,character/pl_partisan_caf.ice,a83fa5406aa5f93982cbf3a9c10ef850
,character/pl_partisan_cam.ice,31bf0ef2fc72fb24cfccbbd3592be39e
,character/pl_partisan_std.ice,de0965d3c11b9c850e792a26b595d34c
(Yes, there is a duplicate PVP weapon among regular character weapons)
,character/pl_poka_compoundbow_act.ice,2f86e530e640d16baacca81df662177c
,character/pl_poka_compoundbow_base.ice,27dcc02a5cb95990f2c3c63e42af4fef
,character/pl_poka_compoundbow_caf.ice,9d64d840cf5e765cc6d00135ccc60d17
,character/pl_poka_compoundbow_cam.ice,6aa3c7ff0604d6e15466eaf204b2888b
,character/pl_poka_compoundbow_std.ice,45ee0d5cb337710721d9a29311a6d05b
,character/pl_rifle_act.ice,fca17d161e6df939cdd4bcfd0ab21312
,character/pl_rifle_base.ice,3fd3ae3c202b2cea41bbb5bb9e90508e
,character/pl_rifle_caf.ice,916c64099d901d1b7c70c77723027904
,character/pl_rifle_cam.ice,11fd0f0471d392cdf49d6c785ca4b178
,character/pl_rifle_std.ice,8c9cd948eb7868eed2333d59f053294e
,character/pl_rod_act.ice,ae5e7158f604ca1be16017ba6434c4af
,character/pl_rod_base.ice,447c491fa958e64b264b5e2dc2a2fc0d
,character/pl_rod_caf.ice,d1bea89ae3a2f34bee9918128fc52c07
,character/pl_rod_cam.ice,04f52ecaf01cc83be810bab39d0142d0
,character/pl_rod_std.ice,cde2a1ae50cbe9fdd14e6f17af5e73a2
,character/pl_slayer_gunslash_act.ice,10e0b607a0d9f22ed7054a181d6a2cb2
,character/pl_slayer_gunslash_base.ice,53295ca492350e293f879ad5c75f8448
,character/pl_slayer_gunslash_caf.ice,b63c863ddaf95bc53b335554dde69c3f
,character/pl_slayer_gunslash_cam.ice,458c826a6a9fa9a2ff66ed5da01ccbdc
,character/pl_slayer_gunslash_std.ice,61208f4c26164991f7425e0a4095b9c1
,character/pl_sword_act.ice,8e08b1099f18ccc93270b737afc8ab8c
,character/pl_sword_base.ice,f86f8331e332a3f65f07607652b2d1dd
,character/pl_sword_caf.ice,f3001a45014441730e2cc84e51a73cac
,character/pl_sword_cam.ice,886014c85c791d37335d82a837d2db29
,character/pl_sword_std.ice,fbae0c59a79226ab2361ca5fc81a3efc
,character/pl_takt_act.ice,ae3dcaed64fcdb02bb1d30b5ef6e10de
,character/pl_takt_base.ice,b315f9570335a72ff6ad431b443d73df
,character/pl_takt_caf.ice,d66f4254454398c10e97081b593fe352
,character/pl_takt_cam.ice,3052ddd9dedafb175f986ac8f838e3a3
,character/pl_takt_std.ice,91fdf8e2d7301154bc6e6e0e52d573d4
,character/pl_talis_act.ice,df76e54e5965baa74509e874c1112bc7
,character/pl_talis_base.ice,e9a291bd1a4da71c8f096b5e07186091
,character/pl_talis_caf.ice,89dac21fbde59e85950ea4ed32658764
,character/pl_talis_cam.ice,567ce095e836933222b3b816a83eadfb
,character/pl_talis_std.ice,6c386a6d6525fb3ec4ab96edf60b61c2
,character/pl_twindagger_act.ice,df2f047b35297b2071e17a2fec6e8f39
,character/pl_twindagger_base.ice,caea12cc0a88dbe9375a9fcbd8a1d4db
,character/pl_twindagger_caf.ice,c38f1887a3a19b0451ba2016ae4fcc8c
,character/pl_twindagger_cam.ice,603aecca454aea0a8e2415ac0009d2a9
,character/pl_twindagger_std.ice,c7a62a1de11c5309ef61c991795ef6db
,character/pl_twinsubmachinegun_act.ice,2a7ac6af552e173f7f52411698735f0e
,character/pl_twinsubmachinegun_base.ice,9193714db96d62acc65c3eb539c9a188
,character/pl_twinsubmachinegun_caf.ice,7b5a58bd8f6d1e90216c7ea0a8841977
,character/pl_twinsubmachinegun_cam.ice,dd66f89905071eab609418a58380d2ea
,character/pl_twinsubmachinegun_std.ice,3892d8ec2d679fd9cc1c096731c0d9dd
,character/pl_unarmed_act.ice,2c4c1f90e994ead4cda53287cb662196
,character/pl_unarmed_base.ice,c5e480c5869e4ec34aabd2355ad7c683
,character/pl_unarmed_caf.ice,99cef7078a609ab58aa81726b25f6974
,character/pl_unarmed_cam.ice,edacff606e88769875b658e016024fbf
,character/pl_unarmed_std.ice,a17ba0d552966e4019539058ddd0ff17
,character/pl_villain_katana_act.ice,13ac3f7383855243654eb1a6b741178a
,character/pl_villain_katana_base.ice,fd0bf7de9379426228cd8a1cb06dac78
,character/pl_villain_katana_caf.ice,b106905c4b62aaa1fb80cc8ac365b951
,character/pl_villain_katana_cam.ice,104cff27710f3838963b6d63a6965bf9
,character/pl_villain_katana_std.ice,ba0bfd925331b3b20af582d23f58581c
,character/pl_villain_rifle_act.ice,c528ea6f9ffe8b21a4f6e770b1693e9e
,character/pl_villain_rifle_base.ice,43449b767a20bbbf3587d110daf2e5be
,character/pl_villain_rifle_caf.ice,4b2716629a8c6fa715154b4cff66f4ce
,character/pl_villain_rifle_cam.ice,350015e067409d717822310454593559
,character/pl_villain_rifle_std.ice,62224125588b7056b82d0e9df772350a
,character/pl_villain_rod_act.ice,0309b0837b4921c8bba16b4b2ba2cf39
,character/pl_villain_rod_base.ice,b1df90739ad4730e654659ca353df0f0
,character/pl_villain_rod_caf.ice,c8715b76dc2d16246e6b25a91b686a9e
,character/pl_villain_rod_cam.ice,b4dfab5bb6167c9c2677862694922535
,character/pl_villain_rod_std.ice,ac20f371a64785882d01f33eb2c37dfa
,character/pl_wand_act.ice,b4039e0aef63e637d71b47d9526fc8de
,character/pl_wand_base.ice,feadee9ec69e92c3859b8a522152ea2d
,character/pl_wand_caf.ice,642cb71d69b14032b8483d8c5d5366fd
,character/pl_wand_cam.ice,ef6fb50bea41125c4224841d8f295a99
,character/pl_wand_std.ice,ee033cb078f0d87e181bd5db3be5c76e
,character/pl_wiredlance_act.ice,d28ab067cceea8a786b86e331f446bc3
,character/pl_wiredlance_base.ice,19658028229afa4633686187d7e4d036
,character/pl_wiredlance_caf.ice,064a77ae6a0959561b846d657f85bcf1
,character/pl_wiredlance_cam.ice,9002354ec0cb2b7d17a10cea99d0ecb5
,character/pl_wiredlance_std.ice,8644626c3331f89cee7d2ec249e9ac29
,character/pl_wpnman_sword_act.ice,c253e1bcd75c6f65b79e302f396afbae
,character/pl_wpnman_sword_base.ice,14dbc1d2e4239150c8368e635e42ed0b
,character/pl_wpnman_sword_caf.ice,ed9515419d687c25a7a904eecd021f88
,character/pl_wpnman_sword_cam.ice,7173fe23c23f7f40e58d86a8f14640f6
,character/pl_wpnman_sword_std.ice,1a0eaeb70e4ec10a77b6fa95e91b6439
,character/pl_wpnman_talis_act.ice,b7ca0049b31febf410940648fe043185
,character/pl_wpnman_talis_base.ice,a549e05da5db402f937f72aff75a1e54
,character/pl_wpnman_talis_caf.ice,aa83613a5b80e96d68128eed381c3a75
,character/pl_wpnman_talis_cam.ice,ce763ac45026dd6645e6c5de6bdbe73b
,character/pl_wpnman_talis_std.ice,47fc517d19371e098841eb68afaeab81
,character/pl_wpnman_twinsubmachinegun_act.ice,a15fe1b4426161972f59bec0361b987a
,character/pl_wpnman_twinsubmachinegun_base.ice,c58734d6996c27b08f8a98d993d974c7
,character/pl_wpnman_twinsubmachinegun_caf.ice,2443d7aead47390a797234da660194b7
,character/pl_wpnman_twinsubmachinegun_cam.ice,28826b244bda79f78bc5f9963bb5a4b2
,character/pl_wpnman_twinsubmachinegun_std.ice,fe5dd3c2c103088cfa74abbf1e8afa30
,character_poka/pl_poka_compoundbow_act.ice,e98490f8e103f6c33f48a3c57c3c6a80
,character_poka/pl_poka_compoundbow_base.ice,22187abcc1fa85db4bb9f386eefa5391
,character_poka/pl_poka_compoundbow_caf.ice,bd1576ebc8b13d49c2ef7b83928ef393
,character_poka/pl_poka_compoundbow_cam.ice,905d41279ce4307f75b58ba8d8316e07
,character_poka/pl_poka_compoundbow_std.ice,aed7acc18594062176c0908c3f840752
,character_poka/pl_poka_doublesaber_act.ice,553e9dda1565ef31971708658c6952b1
,character_poka/pl_poka_doublesaber_base.ice,b14af4422d48e1b2e23d1bc5c151db07
,character_poka/pl_poka_doublesaber_caf.ice,e93611b42127c3a9768a773da1fd4bac
,character_poka/pl_poka_doublesaber_cam.ice,3b1a4024c8e6d94c372ce0d2f816c81e
,character_poka/pl_poka_doublesaber_std.ice,79eef2a509cd6e7bd93833de08c88f5d
,character_poka/pl_poka_dualblade_act.ice,6398499bb0f23f7f76fa7ec3826e5735
,character_poka/pl_poka_dualblade_base.ice,b39a5d144477bb0d4c38cc25c0fca7c9
,character_poka/pl_poka_dualblade_caf.ice,cdd40a4697224421c840d7de4b7f11c2
,character_poka/pl_poka_dualblade_cam.ice,b2f49b287f312dae4e25bc866fbdb7af
,character_poka/pl_poka_dualblade_std.ice,9f914ee856b40673e1ccaba0420a8a95
,character_poka/pl_poka_gunslash_act.ice,360fabf75030a760c52a6abb5c3737a7
,character_poka/pl_poka_gunslash_base.ice,7e221ffa3be2ef2cfe2496aebf3b4a2a
,character_poka/pl_poka_gunslash_caf.ice,46f8ac085bdca5927f42d33256634c56
,character_poka/pl_poka_gunslash_cam.ice,424c668ac884eea9d9e456312cf44ce8
,character_poka/pl_poka_gunslash_std.ice,7a8994ddcb165c43be51b437379b4715
,character_poka/pl_poka_jetboots_act.ice,bc85a4f579d312c45c2253ce962e7b98
,character_poka/pl_poka_jetboots_base.ice,0bf89ff018b62714324667545a5b16d4
,character_poka/pl_poka_jetboots_caf.ice,c0851a6c566800f10e0c24d215f04f25
,character_poka/pl_poka_jetboots_cam.ice,14ae4c7af898f27905e9443cc9d04f2c
,character_poka/pl_poka_jetboots_std.ice,925b2f5ec3433f3db244642d191a7c61
,character_poka/pl_poka_katana_act.ice,aa504e96ae2eaa7cdaa57c0787f262b9
,character_poka/pl_poka_katana_base.ice,19027363bcd2a3b59f07a94a8670e9b0
,character_poka/pl_poka_katana_caf.ice,930b0c84c5d91fa92a94f97cea43388b
,character_poka/pl_poka_katana_cam.ice,7e62bcfe2ce00e3c33c0276318512bbe
,character_poka/pl_poka_katana_std.ice,880f6ded4f171e59bdd804eadc838173
,character_poka/pl_poka_knuckle_act.ice,a49d453ba2f91a6bdf2e426145af677f
,character_poka/pl_poka_knuckle_base.ice,161b17d15d67f0c816495301ea602a92
,character_poka/pl_poka_knuckle_caf.ice,05cae3b03a56d4a99b3493b4c4f40cad
,character_poka/pl_poka_knuckle_cam.ice,bd82c6eaa9bdcfac03233f544f04314b
,character_poka/pl_poka_knuckle_std.ice,dcc6907de3eac13a611eebbdf3d550dc
,character_poka/pl_poka_launcher_act.ice,5dbe2a256deecd240c8386d0543eee38
,character_poka/pl_poka_launcher_base.ice,120bb7b7522aefdb929aed5b5d0b26a3
,character_poka/pl_poka_launcher_caf.ice,2fab89d08b7b9269ec9ece6e1c531445
,character_poka/pl_poka_launcher_cam.ice,644c283527804a05ebddd396b8c51580
,character_poka/pl_poka_launcher_std.ice,101ed7457e665a3bcda86d1256879e70
,character_poka/pl_poka_master_doublesaber_act.ice,c6021de73814f914b886c649e4890698
,character_poka/pl_poka_master_doublesaber_base.ice,35abb103b10bc87ebb6c9f68645fa182
,character_poka/pl_poka_master_doublesaber_caf.ice,e51180cc5904efdf925c62472e9bb924
,character_poka/pl_poka_master_doublesaber_cam.ice,e3cc7a8e205a5cf09cd810eedfa1fafa
,character_poka/pl_poka_master_doublesaber_std.ice,84048ff23af8a4cdc07507bfdb840e04
,character_poka/pl_poka_master_dualblade_act.ice,bc97478c1f66325f840e22abe9b07881
,character_poka/pl_poka_master_dualblade_base.ice,7095e3e383ba528385e4dc16a41f1ff0
,character_poka/pl_poka_master_dualblade_caf.ice,a7cd3de4c8b16fbaf204565b7c0589e2
,character_poka/pl_poka_master_dualblade_cam.ice,e97468cf2b7e38b17f1c53900669d263
,character_poka/pl_poka_master_dualblade_std.ice,db95d87f6ee31d650aeb1ce63c32d126
,character_poka/pl_poka_master_wand_act.ice,a77900ca0f2f73e08ff6deb7b2ddd938
,character_poka/pl_poka_master_wand_base.ice,d760c91e11d5eb16dc11a4c0c74fcf5e
,character_poka/pl_poka_master_wand_caf.ice,bffd6cff74efb0daa6419ca3d5e036e2
,character_poka/pl_poka_master_wand_cam.ice,8c61ca126fa5c32e0dd4b22f06879db9
,character_poka/pl_poka_master_wand_std.ice,c63d7755a6f1ec24660bd3fa2eb40d8f
,character_poka/pl_poka_partisan_act.ice,f195ea92e3e89c3bf0753af989dac420
,character_poka/pl_poka_partisan_base.ice,44f8b83f037c570cca7bbeb527d95c0b
,character_poka/pl_poka_partisan_caf.ice,ad77b48ff6867c9a449ee1a1fece42dc
,character_poka/pl_poka_partisan_cam.ice,8983c863fe6628b244bd6b1a794764f1
,character_poka/pl_poka_partisan_std.ice,329cbfb07649b330b94336570dc5d57f
,character_poka/pl_poka_poka_compoundbow_act.ice,ff8cd2f914f6709fd2f951044420e951
,character_poka/pl_poka_poka_compoundbow_base.ice,cbb031b90a49f2a85b9d2d67652cc7b4
,character_poka/pl_poka_poka_compoundbow_caf.ice,abc28ad86e2f3a266af4a39410cb812f
,character_poka/pl_poka_poka_compoundbow_cam.ice,88a717c961f07253469fec1ba876c35a
,character_poka/pl_poka_poka_compoundbow_std.ice,5c1d24d3b8551097be01632c64c3bc93
,character_poka/pl_poka_rifle_act.ice,cd8f268b8009f8d061ee17bc2b329b54
,character_poka/pl_poka_rifle_base.ice,59956e4a79b584456c7325fe23db1759
,character_poka/pl_poka_rifle_caf.ice,0f25eda2017836de9a80b7afcaf9b629
,character_poka/pl_poka_rifle_cam.ice,dc3e29a27bfaf89c0d08500ce03e5fcf
,character_poka/pl_poka_rifle_std.ice,db05cb0e9bda96447e9865d545be89a5
,character_poka/pl_poka_rod_act.ice,12f5b97f10af8959aa2acdcaaeea10f4
,character_poka/pl_poka_rod_base.ice,46125fbb7211083d465b5c2e09fe7e2a
,character_poka/pl_poka_rod_caf.ice,36b6fade5ceb062a2698b5a774ffc28d
,character_poka/pl_poka_rod_cam.ice,95f168597883af9167aa14db637e2711
,character_poka/pl_poka_rod_std.ice,4c9d6270f60fc737c0efeeb0f0d82ce8
,character_poka/pl_poka_slayer_gunslash_act.ice,c3d58cb7e4aaf6d6cce33d99c6ebe441
,character_poka/pl_poka_slayer_gunslash_base.ice,d54c1868dcf16979df476b4c94b7c660
,character_poka/pl_poka_slayer_gunslash_caf.ice,a3b2b2a2a53adff600df4c673b2aed53
,character_poka/pl_poka_slayer_gunslash_cam.ice,023f96e925e78d69253c3d7841a8d56b
,character_poka/pl_poka_slayer_gunslash_std.ice,64f8b5e8764229c45773954c3008e16f
,character_poka/pl_poka_sword_act.ice,1a1d92310bbcd303a817065c89c42a4c
,character_poka/pl_poka_sword_base.ice,0fe7e6d9660100631f1c115e483ea08d
,character_poka/pl_poka_sword_caf.ice,c35df1f057b13fa1b1b2784b89d489ed
,character_poka/pl_poka_sword_cam.ice,832cbfb8cfc2a7a7d72fe58e0798c8e9
,character_poka/pl_poka_sword_std.ice,a51c8ceabdfd47bce135671023a23e01
,character_poka/pl_poka_takt_act.ice,df91a985e66a2e46139afba7e1c1da6b
,character_poka/pl_poka_takt_base.ice,6738e9a23b90b56bf131d1d5695ff4e4
,character_poka/pl_poka_takt_caf.ice,dbacd196e9be84ee915124924c68c982
,character_poka/pl_poka_takt_cam.ice,cceeefdc8ddaecd32f054dd5c3aca50a
,character_poka/pl_poka_takt_std.ice,5b4d98636ee25658f4d8c557a5f9dd43
,character_poka/pl_poka_talis_act.ice,b1d5b618979dc4c960e1e8711565c503
,character_poka/pl_poka_talis_base.ice,f006728a824413efdc1d49eb0186d117
,character_poka/pl_poka_talis_caf.ice,ae94411df8890b2bd3d848a3a6744c25
,character_poka/pl_poka_talis_cam.ice,009a128999134eef9bcf5755d082cfa4
,character_poka/pl_poka_talis_std.ice,82a347aa549d6d1801c6dee614bcd207
,character_poka/pl_poka_twindagger_act.ice,1b3bf02cfe0a1c030750a7ef376ada43
,character_poka/pl_poka_twindagger_base.ice,b9c190d2734574f8f1a9ed5a45b60265
,character_poka/pl_poka_twindagger_caf.ice,c0903ca03d647b4b23ccde88b7a36dc8
,character_poka/pl_poka_twindagger_cam.ice,cdfcc695ad48e0e6d2122e9d1b8dcf94
,character_poka/pl_poka_twindagger_std.ice,085ac89742b5fdc8abdfd3b881ef1917
,character_poka/pl_poka_twinsubmachinegun_act.ice,27774380319c9e13cfafb7e538113db7
,character_poka/pl_poka_twinsubmachinegun_base.ice,970ce7d3b0c9910d72b8e7bebb1a9af8
,character_poka/pl_poka_twinsubmachinegun_caf.ice,0e057925764442564a0637d38bf1a539
,character_poka/pl_poka_twinsubmachinegun_cam.ice,c5149701f26ef04c2ab7391e961dc91e
,character_poka/pl_poka_twinsubmachinegun_std.ice,345911c6525748f0c930d8adf0ef4bd2
,character_poka/pl_poka_unarmed_act.ice,bc3eab2506c136dca2d7ae8078725c14
,character_poka/pl_poka_unarmed_base.ice,72fa79ac19410feaea1c83d6bf9964ab
,character_poka/pl_poka_unarmed_caf.ice,41095dd332ef740fd8cf6446ac5873f7
,character_poka/pl_poka_unarmed_cam.ice,a4ecad2b6cd8cb09b541ba02a895f952
,character_poka/pl_poka_unarmed_std.ice,f86be4f9dcaa240da8c13a33a05ea11b
,character_poka/pl_poka_villain_katana_act.ice,529ca50ad6af103179a37f4665855ef4
,character_poka/pl_poka_villain_katana_base.ice,516951ac11759bf78fd313d352ea5951
,character_poka/pl_poka_villain_katana_caf.ice,71707cdd3079ca3c5198306851f18f83
,character_poka/pl_poka_villain_katana_cam.ice,4822f6311ca6137b23d5ebeffecf39b4
,character_poka/pl_poka_villain_katana_std.ice,33795bca35cbc253b6daec50a4f56e4c
,character_poka/pl_poka_villain_rifle_act.ice,a6dc993d57df4b0a79cc1313848ae603
,character_poka/pl_poka_villain_rifle_base.ice,54c92d6c6dc95c142de46008ee1d489b
,character_poka/pl_poka_villain_rifle_caf.ice,162f7d054f7f60927d1f848f84af67ce
,character_poka/pl_poka_villain_rifle_cam.ice,aab97b685506c6c9c9964ce8e1557263
,character_poka/pl_poka_villain_rifle_std.ice,db7b859b67e473e98aea6cd74b2bcba0
,character_poka/pl_poka_villain_rod_act.ice,a9e7804eabb840e2d49a988b84954019
,character_poka/pl_poka_villain_rod_base.ice,c8b4e530d1c6fb3355a1ab438f9dd118
,character_poka/pl_poka_villain_rod_caf.ice,dfaae984a3c2105ca50943504327c6b5
,character_poka/pl_poka_villain_rod_cam.ice,8ff4e7dd4a1d0c1b89d2ab0f252657ea
,character_poka/pl_poka_villain_rod_std.ice,3ad4853736e2cb8ed78319504183a550
,character_poka/pl_poka_wand_act.ice,2dd7fdb63fa27c1f8aea91b4c7a60c36
,character_poka/pl_poka_wand_base.ice,903674559c443504e6f61526d7be887a
,character_poka/pl_poka_wand_caf.ice,b1042e8144b50584dbf5c002b4551b26
,character_poka/pl_poka_wand_cam.ice,e3192842c07bb63d808b0edafc8d4134
,character_poka/pl_poka_wand_std.ice,fbaf27e52938530c74ac743655f007cf
,character_poka/pl_poka_wiredlance_act.ice,d9bf387715bcb5b4b2d55eef2e011a06
,character_poka/pl_poka_wiredlance_base.ice,ece5b7f65c6c843724967a71b62919b3
,character_poka/pl_poka_wiredlance_caf.ice,7274214eacff6fad8ac2e5b3dc21f60e
,character_poka/pl_poka_wiredlance_cam.ice,7779aa91e4f2db607dae30375748ccea
,character_poka/pl_poka_wiredlance_std.ice,dcbe7c5a0f6aba6acd6a492de8cfa125
,character_poka/pl_poka_wpnman_sword_act.ice,a0f6892b487c7524b3acd533ac954ce9
,character_poka/pl_poka_wpnman_sword_base.ice,282387ad3b3be438d95ae1b47d40dabc
,character_poka/pl_poka_wpnman_sword_caf.ice,b68bdf98796e3d2425cc2244b8f41dd9
,character_poka/pl_poka_wpnman_sword_cam.ice,1a2e5f85676f9f8257d465d96782353e
,character_poka/pl_poka_wpnman_sword_std.ice,4b8bc5eab6271a70b27467d06b17a067
,character_poka/pl_poka_wpnman_talis_act.ice,4cf91a9974006fe3654c1e6528febcac
,character_poka/pl_poka_wpnman_talis_base.ice,7bee58f77ef02169f73fda6421278749
,character_poka/pl_poka_wpnman_talis_caf.ice,77939481d403a3700db7d590efc67e66
,character_poka/pl_poka_wpnman_talis_cam.ice,25b4d25c0c2390b62fc46c85b16d9985
,character_poka/pl_poka_wpnman_talis_std.ice,f26f27ac23c6a7079e803cd8c03dc5fc
,character_poka/pl_poka_wpnman_twinsubmachinegun_act.ice,392142a52a75911bdf2eb4a04e3727ae
,character_poka/pl_poka_wpnman_twinsubmachinegun_base.ice,4eb95a99d44ec4270ffc9050c712cdd4
,character_poka/pl_poka_wpnman_twinsubmachinegun_caf.ice,0e42a15d4c919ebc7e12f2bcd1bb5393
,character_poka/pl_poka_wpnman_twinsubmachinegun_cam.ice,06831f4c04974db6daca928a76857306
,character_poka/pl_poka_wpnman_twinsubmachinegun_std.ice,d90eeab2aa8c79800ed05f01a13660fb
エルダー オーラモーション,Elder Aura Animations,e4993a98e1a83e98c40466003c270cb8
ルーサー オーラモーション,Loser Aura Animations,a741f2add460c03bfb34f9cbe342664f
アプレンティス オーラモーション,Apprentice Aura Animations,c7c4394133bdf8cefbaa3d1591afe08b
ダブル オーラモーション,Double/Gemini Aura Animations,72c17a389785328fc5468d38d2f4a008
