,actor/effect/effect_2dg.ice,ed\62b60baa3fa754ced70761323947fd
,actor/effect/effect_2sm.ice,79\7a632b73d9e093b9de31f35db540e7
,actor/effect/effect_aslt.ice,e2\5c5069680c197613eb97fd11b222e2
,actor/effect/effect_boots.ice,b2\e51028da32567b804c4d06b35c5c1c
,actor/effect/effect_cmpdbow.ice,f1\5c56c2d0d674135a3a15ed7b41cae8
,actor/effect/effect_cs.ice,90\1651a2c70d449bed0fe77d8dfb6be6
,actor/effect/effect_dbld.ice,93\6b03f0efd52218cdd05a5cdb18e7dc
,actor/effect/effect_dsa.ice,24\c9c44807ca850d892244603aeb377b
,actor/effect/effect_gslh.ice,b1\957aafd4a108f5d1807966f779cd0a
,actor/effect/effect_knu.ice,1c\57ca34a980143b0062351cba28d117
,actor/effect/effect_ktn.ice,be\22a07ac2dabbe99ecdb02d7d765caa
,actor/effect/effect_lnch.ice,f5\aad1610d9bf1b90be7df1dee359668
,actor/effect/effect_object_gatlinggun.ice,47\a65b47b8d5e1fda9e33f176449a66a
,actor/effect/effect_object_snowboard.ice,fc\57d0d31430bc701979af7a309b03c7
,actor/effect/effect_object_particlecannon.ice,d5\b017cb8a4e6493b6e814472f86abd2
,actor/effect/effect_object_particlecannon.ice,d5\b017cb8a4e6493b6e814472f86abd2
,actor/effect/effect_parti.ice,31\70e40eb13bd81d1005e3a2bfef7dee
,actor/effect/effect_pot_countpow.ice,e6\230272679f8549c3a1589b28a9ab28
,actor/effect/effect_pot_dmgbarrier.ice,8f\a73f8d05eb12fa49ce6ed8e1e6c001
,actor/effect/effect_pot_eleppbonus.ice,7b\eba8052c79debd5b8376d413bea961
,actor/effect/effect_pot_esccritical.ice,2f\68d9a5aabca899e561b58b29e5a127
,actor/effect/effect_pot_lifeguts.ice,fa\bb958057952cbc66ffa872981e894e
,actor/effect/effect_pot_ppboost.ice,d8\2db83d698fcbd8ace62fd1f9715d7e
,actor/effect/effect_pot_stackheal.ice,b9\6342375733f282ff472b779f367de5
,actor/effect/effect_pot_superarmor.ice,41\67626d4676eb7bc69d002003b3ba02
,actor/effect/effect_rod.ice,17\8c00862b23b9fe17aab640ad983b30
,actor/effect/effect_swd.ice,90\68c8c8b056d93422993c24e564bfdd
,actor/effect/effect_tec.ice,7c\df2b86244c107947bd497d7815ccdf
,actor/effect/effect_thlys.ice,d7\1578c579ca3110e8e4601fd166fb7f
,actor/effect/effect_wlce.ice,d4\6da2396f2519a52d5fa9ba6ec9933c
,actor/effect/effect_wnd.ice,bd\c94361777996cc18ccb85917e533e6
