ボイスなし,None,d0a53fd4216c1c0240aa2ce71197c45e
シンプルボイス01,Simple Voice 01,36b5304791be335717d5727fcc3e0479
シンプルボイス02,Simple Voice 02,4b8e1222a2fe832f03f9498d3b39abb8
シンプルボイス03,Simple Voice 03,47f5405d9535b682fe34bcedd9f9d475
シンプルボイス04,Simple Voice 04,357c4dce0c9d6c76ae1ecc85686c63c0
シンプルボイス05,Simple Voice 05,a0b641568b0df9b718e4056f2b93104a
シンプルボイス06,Simple Voice 06,5a965b9f0cc00e50d5297e003da1b58e
シンプルボイス07,Simple Voice 07,aab6bcca2331e3755576549108a76c5e
シンプルボイス08,Simple Voice 08,65651154721dd5ad543584e32d40f611
シンプルボイス09,Simple Voice 09,61cc80ddf603ca7a6d6d30fdd7a0c436
シンプルボイス10,Simple Voice 10,f80d0f45a79ac79468796d76af0d3750
［ＥＸ］ボイスＡ０２/桃井 はるこ,,04e86f7cbe8a1464ba474b502f0b6153
［ＥＸ］ボイスＡ０５/桃井 はるこ,[EX] Voice A05,03f6d2f0c40f667027fe3dfcbfb849b2
［ＥＸ］ボイスＡ０３/会 一太郎,,61adf9d30a63637ce2336b78dc104dfe
追加ボイス６０/喜多村 英梨,Voice 60/Eri Kitamura,1c952ea7d9ac630a8cd040d813f969c7
フーリエ/金元 寿子,,4f5be5cf0dcf634605a9c3420577c2a5
追加ボイス４０/金元 寿子,Voice 40/Hisako Kanemoto,8b25b4fbba3911a8ac382bcc2f551054
追加ボイス４１/金元 寿子,Voice 41/Hisako Kanemoto,9eb0ae27738d73956ef8b7afee329cee
追加ボイス４２/竹達 彩奈,Voice 42/Ayana Taketatsu,b698b2317cc816853044446abdd1a27f
追加ボイス４３/竹達 彩奈,Voice 43/Ayana Taketatsu,b44fd03d6faec71dc415f1231c8eab87
追加ボイス４４/竹達 彩奈,Voice 44/Ayana Taketatsu,2f42fac633d0388811c176a6fa015071
シンプルボイス11,Simple Voice 11,75c8fec479a51194ce469f7a4e766a08
追加ボイス４５/中原 麻衣,Voice 45/Mai Nakahara,fc06f36460ae3c0bf2aa4d86bec1a10d
追加ボイス４６/中原 麻衣,Voice 46/Mai Nakahara,f97cffadda7cf0e11ad2fa5a67cd61e9
追加ボイス４７/中原 麻衣,Voice 47/Mai Nakahara,a293792dac6d940bcd9ae31773401632
追加ボイス４８/井口 裕香,Voice 48/Yuka Iguchi,ffd2264b09684f442540a85a2a80d61f
追加ボイス４９/井口 裕香,Voice 49/Yuka Iguchi,15ece86382b695e921d993a662572e03
追加ボイス５０/阿澄 佳奈,Voice 50/Kana Asumi,7fb130fc2f35742fa219600959ac96eb
ヒツギ覚醒/種田 梨沙,,4a05cec0a8798f017c9befe41bce48ae
追加ボイス５１/植田 佳奈,Voice 51/Kana Ueda,0c62bd098851876f6dea1c335f257d76
追加ボイス５２/榊原 良子,Voice 52/Yoshiko Sakakibara,f892588de90d039955d5a637e5cf129c
追加ボイス５３/花澤 香菜,Voice 53/Kana Hanazawa,e5ee4821d6db8c1e5352556951afeb03
シンプルボイス12,Simple Voice 12,5fdd27054c20c7d3ce3b49caa570ec4e
追加ボイス５４/門脇 舞以,Voice 54/Maii Kadowaki,ad6896994d0525b7ec830186dc542ff3
追加ボイス５５/小山 茉美,Voice 55/Mami Koyama,3cf8b8a520978da0a694aa7f793d46dd
［ＥＸ］ボイスＢ０１/日笠 陽子,[EX] Voice B01,2898b9ba8f006051f4fb3ee62ed073aa
［ＥＸ］ボイスＣ０２/川澄 綾子,[EX] Voice C02,dda0e900e7998b6d39c9a59366470b15
追加ボイス５７/竹達 彩奈,Voice 57/Ayana Taketatsu,4efb56875b14bd47b8263d45c4f7ff6b
追加ボイス５８/？？？,Voice 58/？？？,e26cce99c964bb1eee85c9630e5d1eee
追加ボイス５９/？？？,Voice 59/？？？,b226ea4ceb18a49617572bd108ebae1f
セイバー/川澄 綾子,Saber,230b695e670405139bddce6c87416847, (Not found)
シンプルボイス13,Simple Voice 13,edc4dd4a10606597964923d55c35658a
遠坂凛/植田 佳奈,Tohsaka Rin,b9ee9f02c8a4b7b5ce23a3748d42b667, (Not found)
イリヤ/門脇 舞以,Illya,b6c31b251488c36a4bbd07264083445c, (Not found)
未配信ボイス００３,Unreleased Voice 003,bb5ec65e5f41f72580d8467c03bf6e59
ルミア/川澄 綾子,,65551f19c2702d97588a1158a5942c36
ルウ/川澄 綾子,Lou,84b44a5cf9e2159fada040fef08f51cb
［ＥＸ］ボイスＣ０３/中原 麻衣,[EX] Voice C03,a1e5c644b70d4559470be4b4fa1f9f19
追加ボイス６２/川澄 綾子,Voice 62/Ayako Kawasumi,8e488301547d457589af4cb8f8da472d
追加ボイス６３/植田 佳奈,Voice 63/Kana Ueda,9a7b0421daa0b738b2b227d61bdc252e
追加ボイス３８/植田 佳奈,Voice 38/Kana Ueda,346e34d507bd2a3fe790fea452355e56
追加ボイス６５/門脇 舞以,Voice 65/Maii Kadowaki,ce60a572954bb31994c7558b9caf3a3e
シンプルボイス14,Simple Voice 14,6fb71420ec5ed66befb9615ed529323e
追加ボイス３９/門脇 舞以,Voice 39/Maii Kadowaki,7415ce0cd6379b599b1fc46867eef8f1
サラ/植田 佳奈,,f3f7974ddc2c89a6f6dc98c6aa5a0aeb
未配信ボイス００７,,c8517a03d048e8a6fb69dcb5495aab0b, (Not found)
［ＥＸ］ボイスＣ０１/川村 万梨阿,[EX] Voice C01,edf28d425ba3fad48cff52243ec9b5a6
追加ボイス５６/川村 万梨阿,Voice 56/Maria Kawamura,b862be96c8768c772d896d143b24b264
追加ボイス７１/川村 万梨阿,Voice 71/Maria Kawamura,3d1e80e5d6b9d9bed3bb16912f721176
追加ボイス６１/川村 万梨阿,Voice 61/Maria Kawamura,9864e023c9a6878983a8be0eeba7dd6d
追加ボイス６４/日笠 陽子,Voice 64/Yoko Hikasa,0197079aa7252edc666ee3ea71d43cdf
追加ボイス８０/日笠 陽子,Voice 80/Yoko Hikasa,b610db65c4643728b71c6fd1349f7eda
追加ボイス８１/佐藤 聡美,Voice 81/Satomi Sato,292275a629a72e4f4296665c42f03fc7
シンプルボイス15,Simple Voice 15,74bf1b24215732c533e810589cd7e2d7
追加ボイス６７/花澤 香菜,Voice 67/Kana Hanazawa,a67970dee9da8369886abc2fe2e12272
追加ボイス２１２/花澤 香菜,Voice 212/Kana Hanazawa,05e060d82af5ea497469c6e6ea9509f1
追加ボイス７４/金元 寿子,Voice 74/Hisako Kanemoto,a53a667295826c8b8cb8840bef6aec51
追加ボイス８２/金元 寿子,Voice 82/Hisako Kanemoto,10d7471b28cd626dce7980500a5391e4
追加ボイス７８/渡辺 久美子,Voice 78/Kumiko Watanabe,a18a3c13f8c507478d82de579236fe44
追加ボイス２１５/渡辺 久美子,Unreleased Voice 016,6b7f38bfaa28097cc2241a4fe7a2cb51
追加ボイス８３/阿澄 佳奈,Voice 83/Kana Asumi,4c138fb7d60844413bb028c6c5e6fc90
追加ボイス２０８/阿澄 佳奈,Unreleased Voice 018,dc4917f3f223fb0e0e4d632252a6e2b5
追加ボイス８４/井口 裕香,Voice 84/Yuka Iguchi,7984981c5ac6f45678029b376a05d2b2
追加ボイス１９６/井口 裕香,Voice 196/Yuka Iguchi,026e60282144bc7f3ffad29148c85350
シンプルボイス16,Simple Voice 16,b766cc9b8f8f63059964ab8d3b71d89c
追加ボイス７３/植田 佳奈,Voice 73/Kana Ueda,883367a2eca22aea366b1c84a24b2053
追加ボイス８７/悠木 碧,Voice 87/Aoi Yuki,d1a1f8f22f3eb22c0db8cb1ee34321a2
追加ボイス１３２/悠木 碧,Additional Voice 132,d2c716072fc51e2b912d0e220aee9b2b
追加ボイス１９４/門脇 舞以,Additional Voice 194,655dafca2373ecc9d7ce2d2e06e94f87
追加ボイス８８/伊瀬 茉莉也,Voice 88/Mariya Ise,f94b3e1c72b9a3ce2ec5c303d93f7763
追加ボイス８９/喜多村 英梨,Voice 89/Eri Kitamura,13a16099a1c1f8b1ba4d9df127bd2e6f
未配信ボイス０２８,Unreleased Voice 028,ac9c4d9c44da5370c8225114106c1e68, (Not found)
追加ボイス１１４/竹達 彩奈,Additional Voice 114,b6acd7bf247f56f553fa46246fae729c
追加ボイス８５/竹達 彩奈,Voice 85/Ayana Taketatsu,15fb4bccd7649cc12627144abf5e9373
シンプルボイス17,Simple Voice 17,5b11a0666397bbb77cd84f609b09c9f8
追加ボイス２０２/竹達 彩奈,Unreleased Voice 031,37f71ee1a33fca8731e6ef7dfde8b5b7
追加ボイス８６/中原 麻衣,Voice 86/Mai Nakahara,3f2b8f9691f0fc1cfac0cc782a4b20f9
未配信ボイス０３３,Unreleased Voice 033,3bb0f54ac6a1a93220b9952bda7a91d6, (Not found)
追加ボイス１０１/中原 麻衣,Voice 101/Mai Nakahara,4de419883f07a49dbf843e5bd3ba5407
追加ボイス９９/釘宮 理恵,Voice 99/Rie Kugimiya,5ab08187bf1f07ce65ea3424d418fb46
追加ボイス２０９/釘宮 理恵,Voice 209/Rie Kugimiya,d1bcc8d0ee1dd3e4397d91e24bd87ece
追加ボイス９１/釘宮 理恵,Voice 91/Rie Kugimiya,2aca326d684049d8d7cc254fccf7339a
追加ボイス１０２/堀江 由衣,Voice 102/Yui Horie,8481b2c371c903dca2385dd1f9422b24
未配信ボイス０３７,Unreleased Voice 037,33b0b98b15d4d82e0b409c7993222f09, (Not found)
追加ボイス９５/堀江 由衣,Voice 95/Yui Horie,19046f4de80daab5203d2c681202357c
ユニークボイス01,Unique Voice 01,ca50518a8bfd957109a1fa1fc35c14ab
追加ボイス１０５/桑島 法子,Voice 105/Houko Kuwashima,48c616ede7ef0d6d2366f8363ded3947
追加ボイス９３/桑島 法子,Voice 93/Houko Kuwashima,e07b549048268be3abf4f4358a756d47
追加ボイス１０７/桑島 法子,Voice 107/Houko Kuwashima,e7dc3ea29f9af61dc22509369a6944d8
カトリ/桑島 法子,,58a1d29153131ba10c3a5815afc6e183
スクナヒメ/堀江 由衣,,bf7da8d18c7b5fcc5940ae335263ff2a
未配信ボイス０４２,,5ddb2055e0dbeb94692300002dfa98b7, (Not found)
クーナ/喜多村 英梨,Quna/Eri Kitamura,69dd68eaa95515097baf321f6dc3b28d
イオ/竹達 彩奈,Io/Ayana Taketatsu,65afd244b1f923130ed8c95ad7fc64df
マトイ/佐藤 聡美,Matoi/Satomi Sato,21d21ab5bb27ddee6a8b8442eda3a0b4
パティ/阿澄 佳奈,Pati,9740a2ab43d50848ace226bd2f7282b5
ユニークボイス02,Unique Voice 02,09e964ab480b04fbd956bd0821c5b379
ティア/井口 裕香,Tia,9062f025e71c9cd938564032073e1ac4
リサ/花澤 香菜,Risa/Kana Hanazawa,0f3f8711074198889e90d8470fc5b7d2
未配信ボイス０４６,Unreleased Voice 046,96944d4e1a0997172f8debb285f58ffa, (Not found)
サクヤ/水樹 奈々,Sakuya,8756ccd7ed53d69e70239301903ef3b9
ミスティ/田村 ゆかり,Misty,f296338d7c661f443e8bf9534dfa5158
アルティナ/井上 麻里奈,Altina,70d9f324c60108780d54523254bee59a
ユキヒメ/白石 涼子,Yukihime,5b006adc32b8625eb5bef7a0e60128d3
ケルベロスＱ/橘田 いずみ,Cerberus Q,d95fac7bded668e666eb0d067f65bc39
［ＥＸ］ボイスＤ０３/菊地 美香,[EX] Voice D03,f6e4cbcbad001ad34b539915fc77acde
追加ボイス６８/水樹 奈々,Voice 68/Nana Mizuki,621ed4c5ce756b4b651b199d360fda34
ユニークボイス03,Unique Voice 03,ccb9f05d1aebd6ed02b7efcafdb6ac67
未配信ボイス０４８,Unreleased Voice 048,ee9b3a41e834c92c1b881dca44131178, (Not found)
T2マノン/川島 得愛,Manon,9a908c6b25be603eebbe796d9ae9d503, (Not found)
追加ボイス９６/水樹 奈々,Voice 96/Nana Mizuki,f9c1fe2270cea3024d493f837d6850ff
追加ボイス６９/田村 ゆかり,Voice 69/Yukari Tamura,bd844758d10d5bffc5545fa95ee57fba
追加ボイス１０８/田村 ゆかり,Voice 108/Yukari Tamura,bc4cece607387618b971743be167c7ce
追加ボイス７５/田村 ゆかり,Voice 75/Yukari Tamura,81115b4001a2974a02a82bda74eeb5d5
未配信ボイス０５３,Unreleased Voice 053,835fbb673ca6abcd5b209e160d077010, (Not found)
追加ボイス７０/井上 麻里奈,Voice 70/Marina Inoue,38709f2a6288c725de12354d8b8eaed0
追加ボイス７９/井上 麻里奈,Voice 79/Marina Inoue,6b9c016208fcd6b5ad5a6325d903c550
未配信ボイス０５６,Unreleased Voice 056,f0e14f2f1ffcdfbfa1ef2ed272d1d628, (Not found)
追加ボイス１０４/小清水 亜美,Voice 104/Ami Koshimizu,83de4b64f2c2b2339f76b54a3ba51990
ユニークボイス04,Unique Voice 04,0496e8426b37078e42256c354d1e34bc
追加ボイス１１５/小清水 亜美,Additional Voice 115,6f52edeaf5dee1bc5fac2026a72da4eb
追加ボイス１３１/小清水 亜美,Voice 131/Ami Koshimizu,db497b44e5eb1363763a0ceb54cc5e62
未配信ボイス０６０,Unreleased Voice 060,f8317152c6204a13c2805ce0602f1d01, (Not found)
追加ボイス９４/生天目 仁美,Voice 94/Hitomi Nabatame,32ae6486a6f7359634e1dc781d15207a
追加ボイス１２０/生天目 仁美,Voice 120/Hitomi Nabatame,66b8f167d4d0464634f3f6f11091f291
追加ボイス９８/生天目 仁美,Voice 98/Hitomi Nabatame,ae3da70934c4671fa1da7b1826145fe7
追加ボイス２２１/生天目 仁美,Voice 221/Hitomi Nabatame,4c7b4aa8766bb4bd27851619da073240
追加ボイス１４７/早見 沙織,,5a7d204951fcf5715f5d75d526fb0137
追加ボイス９７/早見 沙織,Voice 97/Saori Hayami,d64738ceca8c1ce0d84901b7cb0e5e86
追加ボイス１１８/早見 沙織,Additional Voice 118,6352d4e56c09dd77c3aa1e1484540591
ユニークボイス05,Unique Voice 05,e20a006ebe252e45962da18ea934684e
エミリア/斎藤 千和,Emilia,5943251d69615ed5ae5904f96c292492
クロ/斎藤 千和,,8716e0b9b39d47786d52c38f5f2aea66, (Not found)
カレン/小清水 亜美,Karen,f03209d891dee2ce28e5b584d25b3755, (Not found)
バゼット/生天目 仁美,Bazett,13f74fead010298f47e5b9acb1daeaec, (Not found)
森雪/桑島 法子,Mori Yuki,8a307352ea2ec4b7cade18dfe8fbbbd9
山本玲/田中 理恵,Yamamoto Akira,7ef3a2dfefd1af5fc9dce38f787f43b9
カレン・エラ/田中 理恵,,7b0c9b6c40f2ac8558be6bf9abd1d73e
ヘルガ/田中 理恵,Helga,26370c67a306a6c662a1fe819de7a708
追加ボイス１１９/桑島 法子,Additional Voice 119,818a591198415422b74c66c80a4ee9d8
追加ボイス１３３/桑島 法子,Additional Voice 133,b791545d1d043b0829a408a67a693e15
ユニークボイス06,Unique Voice 06,9c7d68bde2400c9cf892c31ba1e6d084
未配信ボイス０７３,Unreleased Voice 073,3c0eca55520ca1c81ad5376f4dd5b5b3, (Not found)
追加ボイス１０９/田中 理恵,Voice 109/Rie Tanaka,91d9ab27734a3a624ac933a2e1d084c5
追加ボイス１２１/田中 理恵,Voice 121/Rie Tanaka,5313254cfeb2869c883d2facca64e668
未配信ボイス０７６,Unreleased Voice 076,f4ca8c906d76e1c0105738ea6684c025, (Not found)
［ＥＸ］ボイスＤ０１/新田 恵海,[EX] Voice D01,7cc87fd4bc011987baafe292b77789a2
追加ボイス１７０/新田 恵海,Voice 170/Emi Nitta,5c901b95dd3bcb6130f00e4e7b2683e1
追加ボイス２１０/新田 恵海,Unreleased Voice 078,8fbe7a5d0b0c4f7aae556b92d023104e
未配信ボイス０７９,Unreleased Voice 079,1603e8d217e2458c8a6046b1b3489606, (Not found)
［ＥＸ］ボイスＤ０２/井上 喜久子,[EX] Voice D02,235f3ac33ab211c5d950209bb6526da3
追加ボイス１６１/井上 喜久子,Additional Voice 161,86fb1719b449909ae21da6a807051b27
ユニークボイス07,Unique Voice 07,99cb9048c5bb81a45708557c915cae59
未配信ボイス０８１,Unreleased Voice 081,67084a62eb563edd75a23dc1eeccdd2a, (Not found)
追加ボイス７２/小清水 亜美,Voice 72/Ami Koshimizu,c0f3b17409b0f151f995793a1e89db97
ナギサ/水樹 奈々,,ff34e57f5b22912b49fbcbafbf3d4e11
チェルシー/戸松 遥,,b2867831f979ecb2919b63a24727251e
［ＥＸ］ボイスＡ０６/高野 麻里佳,[EX] Voice A06,69e360f1be4ea48321b2c4b7bcf7501a
［ＥＸ］ボイスＡ１０/高野 麻里佳,[EX] Voice A10,47fb72a5fc8c0e04c838a1d1a3845dd0
［ＥＸ］ボイスＡ１１/高野 麻里佳,[EX] Voice A11,38847256cbb74aaa80169d4cff3e40e1
［ＥＸ］ボイスＡ０７/小原 莉子,[EX] Voice A07,ae042a6f157ac4622d4d5a6c5ae40230
［ＥＸ］ボイスＡ１２/小原 莉子,[EX] Voice A12,67daadb5ddce43265dea44cbd55de423
［ＥＸ］ボイスＡ０８/小原 莉子,[EX] Voice A08,f86fe0f030170ce4f465ad05cbefac6f
ユニークボイス08,Unique Voice 08,791ab3802c381866982ba07a556f43c0
［ＥＸ］ボイスＡ１３/高木 友梨香,[EX] Voice A13,02d26f4e32bb640ae9dfede9155076cb
［ＥＸ］ボイスＡ１４/高木 友梨香,[EX] Voice A14,59a1ca9fb0f571069fa562c90075c82d
［ＥＸ］ボイスＡ０９/高木 友梨香,[EX] Voice A09,2a89a3489013c69c957ece6047ac01f0
追加ボイス１１７/菊地 美香,Additional Voice 117,0a6412038d03716edd35121f82b6d888
追加ボイス１４２/菊地 美香,Additional Voice 142,6d3cddfd3bd56900d774a1c6934b2b3b
追加ボイス１４９/菊地 美香,,12423168c542885dd7e48298d3808eba
クノー/沢城 みゆき,,96c7f77434154bc9b4696152ddb3a791
ユニークボイス09,Unique Voice 09,90c3b8d7268b76cd2dae63b4f6c50b59
りら/茅野 愛衣,Lila,395605ac56a114aa91c951ef80b644a9, (Not found)
キリカ/早見 沙織,Kirika,6f6a993639e40fcab6cb0dca7b0351fe
リンナ/茅野 愛衣,Rinna,a3ca79a7713dad290ff5daf486de3c69
マリオン/沢城 みゆき,,c7f29aa3e1cad5892e67b1654480d346
ソニア/瀬戸 麻沙美,Sonia,be6774fb3a1e458fca9a39025e74a0f2
追加ボイス１１１/茅野 愛衣,Voice 111/Ai Kayano,ad52209b4735aeea0fe337f7a4feeec5
追加ボイス１３４/茅野 愛衣,Additional Voice 134,667e435982a5053752594a2599306db7
追加ボイス１４４/茅野 愛衣,,27e76dc52a29afd46499a78a44ac4b4d
追加ボイス１９９/茅野 愛衣,,bfd628bfa55c0db34ddbcf93d919a3f9
ユニークボイス10,Unique Voice 10,55db283c17d248b4838d01858ab06378
追加ボイス１１２/沢城 みゆき,Voice 112/Miyuki Sawashiro,1e007a2e40dbc9f294e43b353b2e83a6
追加ボイス１３６/沢城 みゆき,Voice 136/Miyuki Sawashiro,95fd4fd5ce4fbff5eb882a37029d4208
追加ボイス１９３/沢城 みゆき,Voice 193/Miyuki Sawashiro,31faff7fe406e76bcf97be066643fc4e
ノエル/近藤 佳奈子,,1cb62726b30836c8575b536f5e93cbc2
ミュー/近藤 佳奈子,,73b1aed22180707895ee79241aa9f3a3
イザヨイ/今井 麻美,,82284c15a4d1f22f3faf3174be49348a
メイ/こおろぎさとみ,,dcc8722a5d7c9be75c57e7ac5b99f22c
ミリア/住友 優子,,8ef97a3b6cf646fa43ba50cc3c9152f1
エルフェルト/洲崎 綾,,6c43b0004e62b3d4933f3a93b8e27eee
追加ボイス７６/新田 恵海,Voice 76/Emi Nitta,c6e8ee4dd83bda148395d0950ffb6242
ユニークボイス11,Unique Voice 11,4396b64033a79d964ba8943a6ff82cc6
追加ボイス７７/小清水 亜美,Voice 77/Ami Koshimizu,bc76534995a2677e06953f0a72563f62
美遊/名塚 佳織,Miyu,eb7a46fd849073faebbbc782ba611df8, (Not found)
ルヴィア/伊藤 静,Luvia,d86c0dfc8f4696d27d489d7e988ec3ff, (Not found)
追加ボイス１８７/東山 奈央 ,Additional Voice 187,e2cf4becaf444007767772182b179af4
追加ボイス２１４/東山 奈央 ,,56f7b8080e434b237be57aff3a79686a
追加ボイス１８８/伊藤 静,,99b0065a3aced79ea23ccdc854166ac6
ユニークボイス12,Unique Voice 12,2c3c56ac70caff9ac7941639636c707e
シキ/生天目 仁美,Shiki,632dc9121fd8e8e65be33339c552d409
追加ボイス９０/今井 麻美,Voice 90/Asami Imai,50af908e5f9539dbb95476e5f377f707
追加ボイス１１３/水橋 かおり,Additional Voice 113,444b7a7614fc035d9d2bbe2819a0678a
追加ボイス９２/水橋 かおり,Voice 92/Kaori Mizuhashi,3abb459c421ad2b2d65a406c5995eb2e
追加ボイス１３５/水橋 かおり,Additional Voice 135,3208d4a4a08a08456b26d1fa8b383623
クラリスＫ/悠木 碧,Klariskrays,e6dbf2ef148549eaf43bd83f3026b8a7
追加ボイス２１１/水橋 かおり,,e2355bf53186ac22f69c82c2d541a77f
ユニークボイス13,Unique Voice 13,dc6b31d527e8aaa4160d0fbb47907e19
［ＥＸ］ボイスＡ１５/長谷川 唯,,88681828606c24af25ba0f671f63b5f5
［ＥＸ］ボイスＡ１６/長谷川 唯,,b6646584e11cf52f0dfb7c1e3bd77132
［ＥＸ］ボイスＡ１８/長谷川 唯,,a4504e8d86cffdd904e49780a01e8240
［ＥＸ］ボイスＡ１７/長谷川 唯,,4afc3f7b110bcfb5e12ac67675d74eed
［ＥＸ］ボイスＡ１９/長谷川 唯,,2cb1a708eaa0eaf6b9ea281c249bad73
真宮寺さくら/横山 智佐,,429a0a1d82ea840e1a10485b973e136f
追加ボイス１４８/横山 智佐,,c9b9490aca469cbacc540b09ba351928
追加ボイス１７２/横山 智佐,,a4141946c2c451a3ac12852ab50fd73f
追加ボイス１８６/横山 智佐,Additional Voice 186,b080c7d8638d6143266c15d64f269929
ユニークボイス14,Unique Voice 14,93a33724221d09b4930bbb80788b7674
ラッピー/榎本 温子,Rappy,6e9fd159e34fb6368d6b6e772dedbfae
ヴィヴィアン/豊口 めぐみ,Vivienne,523ab06006d22d505885f5d6699a54a3
追加ボイス１５０/斎藤 千和,Additional Voice 150,202c7a34e437708a9baaa1b38b733300
追加ボイス１７３/斎藤 千和,,d7c3fd780e0330b7dbf383ce92d73297
追加ボイス２１８/斎藤 千和,Voice 218/Chiwa Saitou,170d5e51a99d06f695d51e11e9c01431
追加ボイス６６/豊口 めぐみ,Voice 66/Megumi Toyoguchi,f6c9bb0a9ae2101264538a9bf2dae0e9
追加ボイス１７４/豊口 めぐみ,,0b41de91d021ad1bd2321095e9702678
追加ボイス２２２/豊口 めぐみ,Voice 222/Megumi Toyoguchi,1d752a182b058e80d10249616a63f951
ジェネ/雨宮 天,Gené/Sora Amamiya,9ac694a50dd7bde1a4b7ad0ba055c0af
アネット/佳村 はるか,Annette/Haruka Yoshimura,bb4c59f261c833e3b084ffe2dc210683
エリ/今井 麻美,Eri,17d10364db36322d46489a83c0290be5
クイナ/小倉 唯,Quina,6ead341904c897e30fd829fc43dc982a
追加ボイス１６３/雨宮 天,Voice 163/Sora Amamiya,767a26d193d787d492c738ac10a53c8d
追加ボイス１７８/雨宮 天,,57c92ce2c6f364e4a6905d87f291fe70
追加ボイス１９７/雨宮 天,Voice 197/Sora Amamiya,1b8c694d0e93aef25dd9de94bef90f48
結月ゆかり/結月 ゆかり,,2f67affb00e75dfefc31971544ab594f, (Not found)
ルティナ/内田 真礼,,0c9747cfe5af928a92465279d8125383
フィルディア/沢城 みゆき,,5a9647f0c9d42e39fa37e100ca44e79e
イズナ/茅野 愛衣,,8fbef30d62853d6ccec97e43688511cb
レイシア/東山 奈央 ,,309e5c4d6917f0bcd0e208b1f104d53e, (Not found)
［ＥＸ］ボイスＡ２８/岩下 読男,,671b0ec6f9f4343168f6e6556f047e49
追加ボイス１２５/種田 梨沙,Additional Voice 125,2ff0548a07d80b2437d24765cb249bc0
追加ボイス１４１/種田 梨沙,,af76b8676fad5ca98e4c246dcd43cc5e
追加ボイス２００/種田 梨沙,,31eea6ee69d75e7d5286fa855e699548
追加ボイス１００/種田 梨沙,Voice 100/Risa Taneda,640fc271af05089247153338a0e1fb95
追加ボイス１２３/洲崎 綾,,9c260f8f850908eaec7e63ad0383d3ff
追加ボイス１１０/洲崎 綾,Voice 110/Aya Suzaki,7c70187c355243c0d6de33d7c87ef06b
［ＥＸ］ボイスＡ２３/洲崎 綾,,fbf3f00c8b59574ef301435859e69008
追加ボイス１４６/洲崎 綾,,c08098236f77d4564be2aab4c0a70617
追加ボイス１２８/木村 珠莉,Additional Voice 128,47c9c85c521b7a373c42e4432d588ce0
追加ボイス１０３/木村 珠莉,Voice 103/Juri Kimura,42d4d93c8dbc1d76fee231b7f6a22495
追加ボイス１４５/木村 珠莉,,0931cbb6317ddb837488386e9cdc11da
追加ボイス１０６/豊崎 愛生,Voice 106/Aki Toyosaki,e6049056f2b4bd3ee37d56280b774e4c
追加ボイス１２９/豊崎 愛生,Additional Voice 129,8f0ec2db64460d3cfe29ce6aa7520a2b
追加ボイス１５８/豊崎 愛生,,b074104323ac3c7c02d14c3d8eba51d4
追加ボイス２０５/豊崎 愛生,,641d4cad57e24b6c84eb5fd5d4c3a4ce
追加ボイス１２６/佐藤 利奈,Additional Voice 126,6880f03ba7120b5f685e7fce7799b087
追加ボイス１３９/佐藤 利奈,,cd6f60ea4920518e10f62dad0b305e7e
追加ボイス１５９/佐藤 利奈,,124327fd184f010d1ae045c4195d8ee4
追加ボイス２１９/佐藤 利奈,,0098bfa9a2209f9848f3f51d683dce63
追加ボイス１４０/皆口 裕子,,2ee9026c6d312b248e6cf046ed106494
追加ボイス１２７/皆口 裕子,,27a9e9c689bb91467ed2257b892bd0f4
追加ボイス１５７/皆口 裕子,,53dd0f1f43a504e534d4899e80c7dad0
追加ボイス１９８/皆口 裕子,,fcfa4d0096d032bd49852325408e9a07
追加ボイス１２２/沼倉 愛美,Additional Voice 122,f829f5115c3041cabe8df22fd2fe4e92
［ＥＸ］ボイスＡ２７/沼倉 愛美,,3147a8e469ca7b20ba37178b6ab0bde2
追加ボイス１３７/沼倉 愛美,,cd3ab66da5518ac25bba6d0a3ff5adf4
追加ボイス２１６/沼倉 愛美,,64699c9406a672be7f0eb106714e9bff
追加ボイス１２４/小倉 唯,Voice 124/Yui Ogura,74b54cde00324ca99a192c96dc967f5d
追加ボイス１３８/小倉 唯,Voice 138/Yui Ogura,4ca044cfe66cfb4979cf6a5d59bb445f
追加ボイス１６０/小倉 唯,Voice 160/Yui Ogura,523d6a424430bb4c62cc4f7864e995dc
追加ボイス１９２/佐藤 聡美,Additional Voice 192,92381bac85f54d23d43e95ff57a04024
［ＥＸ］ボイスＥ０２/Ｍ・Ａ・Ｏ,,49eaaf18f037c7bd26d760ed579c7b82
追加ボイス１７５/Ｍ・Ａ・Ｏ,Voice 175/Ｍ・Ａ・Ｏ,41be1e9c3e0d904e30e7b086c1fee1ef
追加ボイス２２３/Ｍ・Ａ・Ｏ,Voice 223/Ｍ・Ａ・Ｏ,2596faae43fc1a9cd326faeb69281943
追加ボイス１１６/こおろぎさとみ,Additional Voice 116,0579ed4fb7e82daca7f75343dadadb09
追加ボイス１３０/こおろぎさとみ,Additional Voice 130,de4a7ae2b93a6c58b99e5176781bf3ae
追加ボイス１４３/こおろぎさとみ,Voice 143/Satomi Korogi,0c595ab5471cc3700d28a7b6bfd6f51c
追加ボイス２２０/こおろぎさとみ,,03825a95c0623a31b76df7b71af44039
ＳＯＲＯ/玄田 哲章,,1f122cbee3a2423e63a92a0c7213c491
リナ/諏訪 彩花,,62c58ff0b910d81267f5c5ea83aa4b08
ＲＩＮＡ/諏訪 彩花,,044e9b6cfe0e7d466d991984c0ee1829
リリカ/村川 梨衣,Lilika,bd518ebeb311747de1dfb188199ff0f3
弓子/井上 喜久子,,235a34634a31ac778eb5489e460c4e8e
シルバ/新田 恵海,,73b4020473b22c678b736b09268cded2
オーガキャッツ/桃井 はるこ,,123b714c61823cc547f191f0d317297e
アイカ/Ｍ・Ａ・Ｏ,,871582b908d45dd34593780b57a0befc
オークゥ/沼倉 愛美,Och/Manami Numakura,5b30a4230b6c4f472eaaa0f0745ad9cc
フル/小倉 唯,Phul/Yui Ogura,9f8c725eeaf32f4e0bdc6e12c16fd962
マザー/佐藤 利奈,Mother/Rina Satoh,2f24345fa98e029964462e7be89f149e
【仮面】/日笠 陽子,[Persona]/Yoko Hikasa,45a16136d3852169ce16d75d9e48b88d
【若人】/桑島 法子,Apprentice, the Callow,68b231d087f3a7f75e62203feca587eb
追加ボイス１５６/佳村 はるか,,06b71fbaabfaa8631485b200d35afca0
追加ボイス１６７/佳村 はるか,,59c8950bb38f584304d468f26d0b047a
追加ボイス１９５/佳村 はるか,Voice 195/Haruka Yoshimura,ee5f55e8fd6bb698429c8e4b9db25bdc
［ＥＸ］ボイスＡ２１/諏訪 彩花,[EX] Voice A21,3f02c252f597f7a7b43d5d3acbdfb393
［ＥＸ］ボイスＥ０１/諏訪 彩花,[EX] Voice E01,6516f86d8f624bc887289db6f26880e7
追加ボイス１９１/諏訪 彩花,Additional Voice 191,271ab195037624ad9d8bf43f98140921
追加ボイス１６４/村川 梨衣,,7e8365e5ec1fbd3b8a1bf248cdbe4c9d
追加ボイス１７９/村川 梨衣,Voice 179/Rie Murakawa,3fbb8630489942c5491c6711ee411d9e
追加ボイス１６２/瀬戸 麻沙美,,de26f371f959a274f0e0cd1ed1585c25
追加ボイス１８０/瀬戸 麻沙美,,bfe798eda024b8fdd86b7ac16aaebeb9
【双子】/釘宮 理恵,,2fab42f7b110ab9521cc6bdb0faf6fc1
マトイＢ/佐藤 聡美,Matoi B/Satomi Sato,2aa3a06001a070e836ea47c951c22766
ユクリータ/伊瀬 茉莉也,Euclyta/Mariya Ise,077228beaa54e9781890c7131f0f3eef
追加ボイス１６５/小林 ゆう,,2f2373807a4b3950b5b8227b8b67c7c0
追加ボイス１６６/立花 理香,,97905837d8d68237d4bee58bf15ce779
追加ボイス２０７/立花 理香,Voice 207/Rika Tachibana,f8f75745f408b2888054a720a6147b0f
追加ボイス１６９/斉藤 朱夏,Voice 169/Shuka Saito,17cbf6a402480d361a67566799c4a9a4
追加ボイス１７１/山岡 ゆり,,7ff6c2832400ab8fc5f5c4dd26fa23b9
［ＥＸ］ボイスＡ２０/市来 光弘,[EX] Voice A20,554d7f244c4a0f24eeb71e6da6173db9
ライア/甲斐田 裕子,Laia,fdff8e278c32452a4f6de203b8fc5b31
追加ボイス１５１/潘 めぐみ,Additional Voice 151,05a4f726022ad5d124087c993eb69963
追加ボイス２０３/潘 めぐみ,,3ec5a3581592f06d0175327233688db1
追加ボイス１５３/能登 麻美子,Additional Voice 153,88ace64b0eea7c85efb17d4f424619df
追加ボイス１８２/能登 麻美子,Voice 182/Mamiko Noto,5de6f3a390beba6a3dae4e03c49d08af
追加ボイス２０１/能登 麻美子,Voice 201/Mamiko Noto,78ee2efd0def35dca9d88a6bd4715f19
追加ボイス１５４/島本 須美,,f166a0c0900354ae52627af4cf732155
追加ボイス１８３/島本 須美,,a282198e0058e0360ad542f27aefe357
追加ボイス１５２/佐倉 綾音,Additional Voice 152,1f8ac2c690f2342cb00a642c71d93ec4
追加ボイス１８４/佐倉 綾音,Voice 184/Ayane Sakura,d4c41c0335bce2d9fb1912bbf5880b74
追加ボイス２０６/佐倉 綾音,Voice 206/Ayane Sakura,835565699af4fca2c7f29ed9cd395b99
追加ボイス１５５/坂本 真綾,Voice 155/Maaya Sakamoto,20ea03290d9711fc6de96eea77f9281c
追加ボイス１８５/坂本 真綾,Voice 185/Maaya Sakamoto,e501002f734fff902b6bec0dce36b11a
コオリ（ＭＣ）/洲崎 綾,Kohri (MC)/Aya Suzaki,bbb91fcf04afeb87a28af9574b43c93b
［ＥＸ］ボイスＡ２２/秦 佐和子,[EX] Voice A22,da88f64eedc983fc9c0ccc2b6a94c834
［ＥＸ］ボイスＡ２４/秦 佐和子,[EX] Voice A24,08be6112706ce89cdfec729f45967912
［ＥＸ］ボイスＡ２５/秦 佐和子,[EX] Voice A25,f785b4f63c98e8119d4e73acb8c17367
［ＥＸ］ボイスＡ２６/秦 佐和子,[EX] Voice A26,188dead006d95dd3745e69dd12b37163
追加ボイス１７７/久野 美咲,,851b2edd4ee62214f765cbb355c8f985
追加ボイス１７６/名塚 佳織,,f1b68d1a884478570338c785176c8734
追加ボイス２１３/名塚 佳織,Voice 213/Kaori Nazuka,535e5245acde23b8600eafef97333cae
追加ボイス１６８/甲斐田 裕子,,35bcab510bff3e2ccf45db29bc95f579
追加ボイス１８１/甲斐田 裕子,,6fe6ff16d48135448e894ae88744c7a4
追加ボイス２１７/甲斐田 裕子,,8a8a9ecd37c592fae41f16f59e1b0cc5
ブルージーＲ/喜多村 英梨,,bfe10fe3146a543b7388c48e9082cc37
マトイＣ/佐藤 聡美,Matoi C/Satomi Sato,8f1be3c42a394e8616b0cef0556551f5
アル/豊崎 愛生,,3398f26672cd9bf99651896012fbf017
コオリ/洲崎 綾,,a6aa15e4f551b442c556ad109be5410d
ニレンカムイ/佐藤 聡美,Twin Kamuy,356cf97d728ee545686c253743dab329
シューティングＤ/飯田 友子,Shooting D,02adafe10dd87f9a302cb4ebdbb12f56
ラヴィス＝Ｂ/木村 珠莉,Lavis Blade,df2f6095077bb2ed146bf7c61bb5dab6
アトッサ/榎本 温子,Atossa,69ad7c773ec12d543675fa528683325a
初代ＫＫ/能登 麻美子,First KK,ed440efa1c9c336aa7b5b68030d3f86c
シエラ/木村 珠莉,Xiera,9ba70ab148ec887115dec04602ab3ce9
アフタル/黒沢 ともよ,Aphtal,d38c7e965b99da7002fcdde6393eea86
追加ボイス１９０/高橋 李依,Voice 190/Rie Takahashi,4ea26b4e49066abdfc76c85150e8b2ec
追加ボイス１８９/安済 知佳,Voice 189/Chika Anzai,25f5e0a5881f4af16a16ec6795603533
マリア/小山 茉美,Maria,2a3f830e273187e8b246bfc8620572a6
ストラトス/佐倉 綾音,,05f0f3e37123c44c1bd6b9d3e02b908e
［ＥＸ］ボイスＡ２９/藤本 結衣,,a775689335b0d6c9a53c943bdf783bb0
［ＥＸ］ボイスＡ３０/藤本 結衣,,ac601eb1fcbdf790e5b4428b6bb75662
［ＥＸ］ボイスＡ３１/藤本 結衣,,86e1ab8f54141e6c8a6f47ffc5c17781
［ＥＸ］ボイスＡ３２/天野 名雪,,ce458f628d2feef284d984fb6ee3198f
［ＥＸ］ボイスＡ３３/天野 名雪,,74572128d4ced4044d1cd9f208480151
［ＥＸ］ボイスＡ３４/天野 名雪,,606fadadbe5f497cb6ad56ae1dc365d7
みたらし/田辺 留依,Mitarashi,298aaea6908baf903f55c292a433f3d6
テトラ/引坂 理絵,Tetra,046d5231d27a93da5d9722add41edeac
ヤスミ８０００Ｃ/佳村 はるか,,b53e9fc9a085cd1bdce1b0405960e773
Ｆフィジス/中原 麻衣,,7577c7b8968f0a22ef13c2b9287b0f4c
スペース・ツナ/悠木 碧,Space Tuna,dcf531067d34ab80dbe8fd299d9fdc60
メルフォンＳ/花澤 香菜,,97851a618ec869591c6280089b10ff2c
ドルチェ/清水 彩香,Dolce,9dd78dc942b6203cd8277599ad1a94fb
猫ノ宮♪/金田 アキ,Nekonomiya♪,d9152003fcbe116a3fa3c329e9c4327b
追加ボイス０１/阿澄 佳奈,Voice 01/Kana Asumi,debf97a3b8eb637ad0591b9a831a3ed6
二代目ＫＫ/佐藤 聡美,,335bf0f24a80756324ac49dc991ab202
ステラ/藤田 茜,Stella/Akane Fujita,5eb36d1224625d86f48466b52aa2b05f
ローザリンデ/小松 未可子,Rosalinde/Mikako Komatsu,3bf90ba1c9b7648095adfae905e81771
ウィンディス/本渡 楓,Windis/Hondo Kaede,22605edf87601bd0c1fe1b06b5a106cd
ポポナ/ポポナ,Popona/Popona,2b89ba1e6fe5733b8c7a0ea9b3ee089a
メリッサ/雨宮 天,Melissa/Sora Amamiya,ed2abf7c3472289827503a4aadd37497
ゾラ/古賀 葵,Zola/Aoi Koga,2594ed5168e4eb93b7e04bba342f0731
ローザリンデＣ/小松 未可子,Rosalinde C/Mikako Komatsu,f2903ad99c3fc8786484124c24a90655
追加ボイス２０４/矢島 晶子,,41dcadd0bf0ddeb6ed68ab60d82c6d1b
追加ボイス０２/植田 佳奈,Voice 02/Kana Ueda,c37732a27f7b73d922830be3d08cef97
アベーユ/藤田 曜子,Abeille/Yoko Fujita,c66f8e99574dcfaf4a63ff195f3bc9cf
ジェネイドラＣ/雨宮 天,Gené Idola C/Sora Amamiya,ec081ced93e2c532074a89191cc4fb13
ホルシード/ゆかな,,f9b574645ef7057b322ac0481ffd0e1e
エコー/日笠 陽子,,93d8a6519fc027d757f12aa5d15024a3
［ＥＸ］ボイスＡ３５/佐武 宇綺,,f68a85f7c3e8eead406e17577d9c86a9
［ＥＸ］ボイスＡ３６/佐武 宇綺,,4744612b2866ec97b6e41e3452ad7d66
［ＥＸ］ボイスＡ３７/佐武 宇綺,,d9ddf19da3a47ef6251568171d083c96
アザナミ/中原 麻衣,,37212aac746c285f4008c253db3a7711
-----,,d08846a7060c6764e7e844dd0c65c630
アキ/渡辺 久美子,,81832e8f7de17c3868835e940f2d72dc
マールー/門脇 舞以,,6c74f73a5a8e777ae247d4f593e4d70b
モニカ/竹達 彩奈,,9dd493c1dfc284c3915ff1172bbd14c4, (Not found)
シバ/潘 めぐみ,Shiva/Megumi Han,90bdc380d59ce6234ac6b657cc1cfca2
ミトラ/安済 知佳,,0c5e6bd68b766d536a83c979916fc32a
オプトレイオン/東山 奈央 ,,3ee9a4bbd02a03eeabe89b676fae5d94
イグニス/飯田 友子,,436dff7316d50a797d574b569240dec0
カザミノタチ/田辺 留依,,bb10da5473233369fe95fef30d3f837a
ヒツギ/種田 梨沙,Hitsugi/Risa Taneda,84594ce6f9334b1532eced228e5a6f0f
ファレグ/皆口 裕子,Phaleg/Yuko Minaguchi,de550f7ad97babd02ea3878b4974d228
追加ボイス０３/榊原 良子,Voice 03/Yoshiko Sakakibara,3e5673bcc6e32c5b12608efca01cb0fa
紲星あかり/紲星 あかり,,1c5f096f1dc06f84ef34290d621841c9, (Not found)
アスナ/戸松 遥,Asuna,1da2369a30fc9a340119b3b02e3eab30
ルコット/矢島 晶子,Lukot/Akiko Yajima,a8204a4c10f2f1f0fe908979e82ec186
ハリエット/潘 めぐみ,,501566a44d92ce4fbf81881131a895f6
マルガレータ/東山 奈央 ,,a7edf4844f8f217b4af98665d5dfa276
追加ボイス０４/花澤 香菜,Voice 04/Kana Hanazawa,3a636567ec48790f88b84e9f711acdbe
追加ボイス０５/悠木 碧,Voice 05/Aoi Yuki,24339ba3a4bf628be3dd4b3bea870dd2
追加ボイス０６/日笠 陽子,Voice 06/Yoko Hikasa,be23a2a170cbf2d9a7145d11073ac680
追加ボイス０７/佐藤 聡美,Voice 07/Satomi Sato,ef47b92da3d908104da6995cc611333a
追加ボイス０８/金元 寿子,Voice 08/Hisako Kanemoto,3b7dc35fdbe82aac4edee3b036c6ff25
追加ボイス０９/渡辺 久美子,Voice 09/Kumiko Watanabe,fabd96427bd8e6845d00a0bee790aba5
-----,,e982e25fac623e0f70842976b9375a30
-----,,46d890af231a265e80118c066c1c75cf
追加ボイス１０/門脇 舞以,Voice 10/Maii Kadowaki,05b91c596547dc4973af02fccbbac13d
追加ボイス１１/伊瀬 茉莉也,Voice 11/Mariya Ise,101aef2c4cd426141addb189418737ad
追加ボイス１２/喜多村 英梨,Voice 12/Eri Kitamura,f59f1762226721ba42f3731a4a39780b
追加ボイス１３/喜多村 英梨,Voice 13/Eri Kitamura,14acc3ee2dabfefac359398160c53a72
追加ボイス１４/渡辺 久美子,Voice 14/Kumiko Watanabe,b4cb5c12645961565efdead9f7cb97bb
追加ボイス１５/渡辺 久美子,Voice 15/Kumiko Watanabe,23bc1a70278fcf35819bd23831539e74
追加ボイス１６/花澤 香菜,Voice 16/Kana Hanazawa,8659e5fb656f37b750f9e5b038d6296b
追加ボイス１７/花澤 香菜,Voice 17/Kana Hanazawa,d209ced436ca45da8e4582933dd23460
追加ボイス１８/花澤 香菜,Voice 18/Kana Hanazawa,138e4a26c5918bbe6149bb5334b25546
追加ボイス１９/門脇 舞以,Voice 19/Maii Kadowaki,0cb9f2f819351e08452daf6ac6277106
追加ボイス２０/門脇 舞以,Voice 20/Maii Kadowaki,ae89da29cbfd191c22da21e848941521
追加ボイス２１/日笠 陽子,Voice 21/Yoko Hikasa,9f0ca8ad55c057fac3d01b0caec16947
追加ボイス２２/日笠 陽子,Voice 22/Yoko Hikasa,0913d7b7d9b8f15d4d8be70fff964ff8
追加ボイス２３/日笠 陽子,Voice 23/Yoko Hikasa,0bfb31a269f796b819a2a2f41a4129ed
追加ボイス２４/悠木 碧,Voice 24/Aoi Yuki,264da4038fb414c8c1b71534ec7f727e
追加ボイス２５/悠木 碧,Voice 25/Aoi Yuki,d901217794f76f9de9304a77144c0ae9
追加ボイス２６/悠木 碧,Voice 26/Aoi Yuki,b2f1bb3b30c7e9edbff4dc5787cca458
追加ボイス２７/植田 佳奈,Voice 27/Kana Ueda,0dd825ebd469755b3d863858244c9bca
追加ボイス２８/植田 佳奈,Voice 28/Kana Ueda,9e96391d4963c2336d88df9486ac1534
追加ボイス２９/井口 裕香,Voice 29/Yuka Iguchi,e978d7a3f94386f9daa3184b749a296d
追加ボイス３０/井口 裕香,Voice 30/Yuka Iguchi,6e1d1c8a2da0d139e9f98151539a88c6
追加ボイス３１/阿澄 佳奈,Voice 31/Kana Asumi,ce54fed8b779145a07fa8c8a0c4e4c32
NGSシンプルボイス01,NGS Simple Voice 01,b92f31c66acf1c145d642b3f89faa521
NGSシンプルボイス02,NGS Simple Voice 02,c6beed6c0fb9f02ef2404466be9529b8
NGSシンプルボイス03,NGS Simple Voice 03,2ee2995118ed423e23e0c11e6072bd90
NGSシンプルボイス04,NGS Simple Voice 04,6b585ae5e6a38947a55e3fc42cbd468b
NGSシンプルボイス05,NGS Simple Voice 05,6dd855e45f1dec02c6c4fb9443119e81
NGSシンプルボイス06,NGS Simple Voice 06,e2ce67dd6e125aba3562eaee3fe40559
NGSシンプルボイス07,NGS Simple Voice 07,53bc60202fc1480f117577976e6692c6
NGSシンプルボイス08,NGS Simple Voice 08,6af03482a8c08e6573a0261da7d7ea4d
NGSシンプルボイス09,NGS Simple Voice 09,bfbb80c1b7c5bb7686d735019131de1a
追加ボイス３２/阿澄 佳奈,Voice 32/Kana Asumi,673a198df24d36e827d93c05eddb2448
NGSシンプルボイス10,NGS Simple Voice 10,aea0dc997d0d13d9e5d974281e8e7b73
NGSシンプルボイス11,NGS Simple Voice 11,e3db5908c4cd601814ab37b08e580d33
NGSシンプルボイス12,NGS Simple Voice 12,5ef02337b171d8360366498df0578d86
アイナ/諸星 すみれ,Aina,b5cdfd1bce6df808e5cf220511ccc378
マノン/宮本 侑芽,Manon,9e8684bc1c1e34ba318f120974953988
ナーデレフ/田所 あずさ,Nadereh,95c4791552c2f2477ae36d8e7c8870cf
メリ/小原 好美,Meri,93f711f7d31b1f605bf64e05de31808f
白上フブキ/白上 フブキ,Shirakami Fubuki,9b105134ab41f8e05f39fedbc078bd98
一伊那尓栖/一 伊那尓栖,Ninomae Ina'nis,3eacab893472b09d41880fa954a7bb24
アルベド/原 由実,Albedo,7d4cab8ab7bb0b49036d8e4530024c2f
追加ボイス３３/佐藤 聡美,Voice 33/Satomi Sato,9138a583403f919b8e258fbf40af46be
ポポナ/ポポナ,Popona,e55083800f4fad4c238f9ccf45ff7f64
星川サラ/星川 サラ,Hoshikawa Sara,e38fca3800ffc89cb4df75fce39219e3
葉加瀬冬雪/葉加瀬 冬雪,Hakase Fuyuki,8ec3099edd233fcf74da07f24ef940b8
カヌイ/鬼頭 明里,Kanui,8d8cb16f50ac625874edb3d2f697a592
ファリア/小澤 亜李,Pharia,67be6a1b630496f37154f91ffca2fb26
夜見れな/夜見 れな,Yorumi Rena,ea21a1635433f4f397ca6e29021fd14f
天宮こころ/天宮 こころ,Amamiya Kokoro,100f72fa9d08328010137452a225f47c
魔使マオ/魔使 マオ,Matsukai Mao,ac877598ecd4a53ac26781c852324089
ジゼル/石見 舞菜香,Giselle,3e8306699b20605542a9a701197d6509
追加ボイス３４/佐藤 聡美,Voice 34/Satomi Sato,d97c8b83f3983ebcc4f9e8b04e353559
アイナＢ/諸星 すみれ,Aina B,af7cb9fcb24eec9719b027ab2e80a9e5
マノンＢ/宮本 侑芽,Manon B,98d29bae808c94f5fcc0d2b45f284568
追加ボイス３５/佐藤 聡美,Voice 35/Satomi Sato,c22ba7907fb7df8d32d213e5e39a5e23
ヤミガラス/竹達 彩奈,,f5a3dea387e0ffbfd06b83ee085ad81a
追加ボイス３６/伊瀬 茉莉也,Voice 36/Mariya Ise,55db0a5609b3e2e0b5aa817d2fa040ee
追加ボイス３７/伊瀬 茉莉也,Voice 37/Mariya Ise,ba70f423322e0347a319216a543e36ea
［ＥＸ］ボイスＡ０１/榎本 温子,,40b6ce463dd1dcfcc80aaf58c17e6177
［ＥＸ］ボイスＡ０４/榎本 温子,[EX] Voice A04,a615ed56b7cbfb568c1ad6afe1c445bb
