A.I.S モデル,A.I.S Models,49725f4679babfe367882521794f8d7b
A.I.S モーション,A.I.S Animations,068088080737d96f4a23453e92a3b158
A.I.Sヴェガ モデル,A.I.S VEGAModels,549645d2728b47369df172acf3848771
A.I.Sヴェガ モーション,A.I.S Vega Animations,54fbd6dc4a6ac4faa593718d345e245a
ライドロイド,Rideroid,a15bb74186bb75a602c0560167bc433f
ダークブラスト　エフェクト,Dark Blast Effect,6bc1cd3319c8c0efacdca15f0ba269ff
エルダー トランスフォームエフェクト,Elder Transform Effects,a90189b277c069648c00e2dc56ccd475
エルダー モーション,Elder Animations,298e8c61eea74f125bd6fd34b4475648
エルダー モデル,Elder Model,260dac0ed26de6c665164d5513bba481
エルダー オーラモデル,Elder Aura Model,c593750b51145b5d707af09f18b9ed7f
エルダー LD モデル,Elder Low Detail Model,5d96935790312aa116fefe9d8b37feb9
エルダー エフェクト,Elder Effects,3397c94261ad5040e96f7eee5ee1c55d
エルダー レベル,Elder Levels,7bd7ef7253454c560f100c3306310187
ルーサー トランスフォームエフェクト,Loser Transform Effects,ac644a39eeaef20749045c61872075f6
ルーサー モーション,Loser Animations,39d0856abf3484809c7021bb93c13d6c
ルーサー モデル,Loser Model,2fa0bc5df442369b7129c3b55bce81a2
ルーサー オーラモデル,Loser Aura Model,e3eb829de16040c5f3700516730ec8c6
ルーサー LD モデル,Loser Low Detail Model,46c3d2720df37468d740d1e70041491e
ルーサー エフェクト,Loser Effects,fa622b60c747406714710a3e0bccebe7
ルーサー レベル,Loser Levels,5ebfafb1f70a719e1f1851ae47ae213a
アプレンティス トランスフォームエフェクト,Apprentice Transform Effects,1f2d21b1b49b61328f0f074f96c21d14
アプレンティス モーション,Apprentice Animations,34a73204e36eb095dae6429bc931dfe4
アプレンティス モデル,Apprentice Model,825809db9654fae5ea699593535e995f
アプレンティス オーラモデル,Apprentice Aura Model,c98b65a3797574ade2706f1eb7059106
アプレンティス LD モデル,Apprentice Low Detail Model,9afd4ac3e26ac4ccf4ecf5858dee61a8
アプレンティス エフェクト,Apprentice Effects,4d7190daf4899f1339855c3bfca60197
アプレンティス レベル,Apprentice Levels,a7e37e626d9f8137f03ecf4d97cbf649
ダブル トランスフォームエフェクト,Double/Gemini Transform Effects,0ac6795936438cca74af848c90c25e47
ダブル モーション,Double/Gemini Animations,836b46b7b9fc05cbb9e983398ae6574d
ダブル モデル,Double/Gemini Model,b7ecfcc2ac459cf1275a7a2c22da70cd
ダブル オーラモデル,Double/Gemini Aura Model,18792c941ccdc68c1c149d2060111dcd
ダブル LD モデル,Double/Gemini Low Detail Model,0338549344839ff5989438f3dd142be1
ダブル エフェクト,Double/Gemini Effects,c593af467f8343fed5bbd81242046417
ダブル レベル,Double/Gemini Levels,e8d1094ceddb244e9c198368d667043d
