ボイスなし,None,02671cb6353c1ebab3f86ac876b5deea
シンプルボイス01,Simple Voice 01,a155ba203060c9e4aa65c5e4778357e5
シンプルボイス02,Simple Voice 02,a966611481ca17430539e71bc7514c03
シンプルボイス03,Simple Voice 03,d91e9e1fb1a460c8f78fe18a68c1d2f4
シンプルボイス04,Simple Voice 04,be7fc0fba89add1900ad0102a572c2eb
シンプルボイス05,Simple Voice 05,3b58530615fe1c90838a73fcbad1fca6
シンプルボイス06,Simple Voice 06,471560fbdab42d272d016d82be388017
シンプルボイス07,Simple Voice 07,a333b51c142d604b865ccbb0b6e71a06
シンプルボイス08,Simple Voice 08,f9f40211eeaae11b179832a9e865f6c1
シンプルボイス09,Simple Voice 09,17d84014c82ea35a8fdb34903f4cee7f
シンプルボイス10,Simple Voice 10,607dd9f2c6713b44c0083544e657b762
［ＥＸ］ボイスＡ０２/桃井 はるこ,,830c794ac91486b16f37310459a51d42
［ＥＸ］ボイスＡ０５/桃井 はるこ,[EX] Voice A05,2f425e1356760f1003042b8c1e375b2b
［ＥＸ］ボイスＡ０３/会 一太郎,,f03513bce208eecd05c85b22229b09b1
追加ボイス６０/喜多村 英梨,Voice 60/Eri Kitamura,8ba821587eb936712a4fd85af679fc07
フーリエ/金元 寿子,,9a4267b5c2e2f7b77892a1b2e7e8e8e4
追加ボイス４０/金元 寿子,Voice 40/Hisako Kanemoto,9683e084479eeea2ad4c89fa64018965
追加ボイス４１/金元 寿子,Voice 41/Hisako Kanemoto,06ea16cdeca71f0975f49f3a9bb4c2a0
追加ボイス４２/竹達 彩奈,Voice 42/Ayana Taketatsu,dd7e1572ba37b42436d08908149fe7d7
追加ボイス４３/竹達 彩奈,Voice 43/Ayana Taketatsu,7df0b9a58e89a80c26cd48c52edcfc57
追加ボイス４４/竹達 彩奈,Voice 44/Ayana Taketatsu,72da50587bb705d0188a2cfabeafeeab
シンプルボイス11,Simple Voice 11,a466575bb52c8710766eebac5fb4ad68
追加ボイス４５/中原 麻衣,Voice 45/Mai Nakahara,a208124657d7857ef2a27a44457568a1
追加ボイス４６/中原 麻衣,Voice 46/Mai Nakahara,03b901e6c02ad312d342bd82ddc1502d
追加ボイス４７/中原 麻衣,Voice 47/Mai Nakahara,15caaf2ca73c2a7a227d67d911414f02
追加ボイス４８/井口 裕香,Voice 48/Yuka Iguchi,313744ac35e01108fd82a105bdd0e174
追加ボイス４９/井口 裕香,Voice 49/Yuka Iguchi,bde31cc26efe8842b7d473faef18008c
追加ボイス５０/阿澄 佳奈,Voice 50/Kana Asumi,9be5d03f0f06ae6a7b2068bcc05fb7a8
ヒツギ覚醒/種田 梨沙,Hitsugi Awakened,81a894468e0f7339ce08228c3667302a
追加ボイス５１/植田 佳奈,Voice 51/Kana Ueda,b42eb2b7525c0fc43cd587a0515c6f64
追加ボイス５２/榊原 良子,Voice 52/Yoshiko Sakakibara,7a4713545e92de5e30b42367390a54cd
追加ボイス５３/花澤 香菜,Voice 53/Kana Hanazawa,3a8fddc0464d5f7475f2e8869ce4c8b5
シンプルボイス12,Simple Voice 12,7ac2cb6572f15a7c8aacbb7b0eca1782
追加ボイス５４/門脇 舞以,Voice 54/Maii Kadowaki,c9dcf5e84f43b339cf0e744373ca680c
追加ボイス５５/小山 茉美,Additional Voice 55,e33e86c37d3e73f447fa86c3b98bbb8f
［ＥＸ］ボイスＢ０１/日笠 陽子,[EX] Voice B01,d120d1a73c500809e1a6f851a5818d00
［ＥＸ］ボイスＣ０２/川澄 綾子,[EX] Voice C02,bc8719bc33d603aa15b8a3d3681e7ae6
追加ボイス５７/竹達 彩奈,Voice 57/Ayana Taketatsu,e6e89a8ab2598de7d32cb4a4c298e760
追加ボイス５８/？？？,Voice 58/？？？,913bb7b32e7b5b5eb1296c60852f8742
追加ボイス５９/？？？,Voice 59/？？？,7f1f1e27085e650a9ce57d0f4647d5d0
セイバー/川澄 綾子,Saber,e3ca6bf0529c13e305ac979c450c0759, (Not found)
シンプルボイス13,Simple Voice 13,11420557f94bbcfc3da942065be7348b
遠坂凛/植田 佳奈,Tohsaka Rin,7ac1eba483aa177d770cbfc0065400d1, (Not found)
イリヤ/門脇 舞以,Illya,518226cab1b4f3428c976e3e0dd7a6da, (Not found)
未配信ボイス００３,,dd06c0770dd5e795bb3143682506a0b2
ルミア/川澄 綾子,,ab17f2dd9cd1cadf257b44aa3f04c97e
ルウ/川澄 綾子,Lou,ebe5c27c906b940f478bcc5b140444fe
［ＥＸ］ボイスＣ０３/中原 麻衣,[EX] Voice C03,7047b83ddf6af452949e74a0b36d77c6
追加ボイス６２/川澄 綾子,Voice 62/Ayako Kawasumi,d7d5f3b3b3ad22f4c70c62a8271eb75b
追加ボイス６３/植田 佳奈,Voice 63/Kana Ueda,a26ddb5093fa287c3d1109d329f2517d
追加ボイス３８/植田 佳奈,Voice 38/Kana Ueda,0ffbd513273e0d9bdd4a7986cd6e7a10
追加ボイス６５/門脇 舞以,Voice 65/Maii Kadowaki,82aaf8182f3e5e4e09066349dbc6472b
シンプルボイス14,Simple Voice 14,a0949e674c1fb44a14af90aa6822d8d2
追加ボイス３９/門脇 舞以,Voice 39/Maii Kadowaki,36257fcec462cd6c13300427f5e3ff0f
サラ/植田 佳奈,,f2bd2d02fea174ade9ac8ccde5043b4b
未配信ボイス００７,,ea4e9055b51f02a6bd52dd26dfbc1a2b, (Not found)
［ＥＸ］ボイスＣ０１/川村 万梨阿,[EX] Voice C01,ddfb500d52ae96322eae471a53c78fbc
追加ボイス５６/川村 万梨阿,Voice 56/Maria Kawamura,7a409f7cc14b745554ea34781bdb6517
追加ボイス７１/川村 万梨阿,Voice 71/Maria Kawamura,360742dbd9923af4ef7f985163699b17
追加ボイス６１/川村 万梨阿,Voice 61/Maria Kawamura,7978ad593c18b2afabfc4afbbf8ca0e6
追加ボイス６４/日笠 陽子,Voice 64/Yoko Hikasa,3d4c01c4030fec0b9a164cdfb4a2b8e5
追加ボイス８０/日笠 陽子,Voice 80/Yoko Hikasa,6baec8b37983bcf09c8bc04dbcd7d496
追加ボイス８１/佐藤 聡美,Voice 81/Satomi Sato,9fc250e6a13caa633f135d0fb68c35e8
シンプルボイス15,Simple Voice 15,e3e0079632a9b8d931218f94a8496566
追加ボイス６７/花澤 香菜,Voice 67/Kana Hanazawa,307815703077c1f1d1b44ec3972d2f8d
追加ボイス２１２/花澤 香菜,Voice 212/Kana Hanazawa,2f4d20fd85bb74a89d7e3a1fb96660e8
追加ボイス７４/金元 寿子,Voice 74/Hisako Kanemoto,0ce4ad603790a2c9061759ae3870a2ad
追加ボイス８２/金元 寿子,Voice 82/Hisako Kanemoto,b97777bc23c9fb597ea47614e8da6365
追加ボイス７８/渡辺 久美子,Voice 78/Kumiko Watanabe,cc13e4ad75fd1a4a3835e29ec49c63bb
追加ボイス２１５/渡辺 久美子,Voice 215/Kumiko Watanabe,d3e4a5b149232c34f8c42bd519c96344
追加ボイス８３/阿澄 佳奈,Voice 83/Kana Asumi,648e2ee02136e79f98db92d067592f87
追加ボイス２０８/阿澄 佳奈,Voice 208/Kana Asumi,59f427b74a8a41904f4bdc6beaf75a9e
追加ボイス８４/井口 裕香,Voice 84/Yuka Iguchi,0c24d55742eb1c3eb2404ab466c59478
追加ボイス１９６/井口 裕香,Voice 196/Yuka Iguchi,0da5e459794ce30e799f1756b1e136c6
シンプルボイス16,Simple Voice 16,73e235ab2d102437d3460724db1a3b5a
追加ボイス７３/植田 佳奈,Voice 73/Kana Ueda,8effcfd8b86a066d1931b2997e275f10
追加ボイス８７/悠木 碧,Voice 87/Aoi Yuki,743c632009e7b692a9a87efbb7801d24
追加ボイス１３２/悠木 碧,Voice 132/Aoi Yuki,2681b289b609a4767909bdfbe0a24a98
追加ボイス１９４/門脇 舞以,Voice 194/Maii Kadowaki,48e98c81e08f7cceee5acdba8b7011a9
追加ボイス８８/伊瀬 茉莉也,Voice 88/Mariya Ise,f428235d2ddf50b0c00922791243eb9f
追加ボイス８９/喜多村 英梨,Voice 89/Eri Kitamura,3ef71bc986cbc72303887a7e5c11ac7a
未配信ボイス０２８,Unreleased Voice 028,6f00a273ba3ccc204c370b07896d0ac9, (Not found)
追加ボイス１１４/竹達 彩奈,Voice 114/Ayana Taketatsu,e5d2a9be81fd2ba065032306d9f41324
追加ボイス８５/竹達 彩奈,Voice 85/Ayana Taketatsu,de34a598daeba30eef5680e6820696ba
シンプルボイス17,Simple Voice 17,cbe0bfd4e7d85f79357117abdcde2cb5
追加ボイス２０２/竹達 彩奈,Voice 202/Ayana Taketatsu,ead55077b6d5e7bbff77f322bbe8d914
追加ボイス８６/中原 麻衣,Voice 86/Mai Nakahara,ed107d11af2168d21ee3823abbeccf6d
未配信ボイス０３３,Unreleased Voice 033,e12815af6ebde028f6b851438b16a13f, (Not found)
追加ボイス１０１/中原 麻衣,Voice 101/Mai Nakahara,0927f971180ab504d63b7f20da6bac30
追加ボイス９９/釘宮 理恵,Voice 99/Rie Kugimiya,a48ff4d8d7c5f561b6e95a7bcefcde6c
追加ボイス２０９/釘宮 理恵,Voice 209/Rie Kugimiya,b0cb986ebd60f058b615912d02db1f5f
追加ボイス９１/釘宮 理恵,Voice 91/Rie Kugimiya,fd247a28a5bde9451f7ca48cef2fe90b
追加ボイス１０２/堀江 由衣,Voice 102/Yui Horie,1b779717b4fda56653a881f0bf5322c3
未配信ボイス０３７,Unreleased Voice 037,0f17522996949a21a956c97293cbd4f6, (Not found)
追加ボイス９５/堀江 由衣,Voice 95/Yui Horie,0b98c3353167a5f3237c44adb002b671
ユニークボイス01,Unique Voice 01,78d29b2bc99f2951138c36eca6c9d8ff
追加ボイス１０５/桑島 法子,Voice 105/Houko Kuwashima,cbfe04c0f60a03b01d1e2e531b43d1f9
追加ボイス９３/桑島 法子,Voice 93/Houko Kuwashima,08e96626cb712f695d5082c76846d01d
追加ボイス１０７/桑島 法子,Voice 107/Houko Kuwashima,9dc7de22be61416a630973e20b50be6b
カトリ/桑島 法子,,ce56b9b9b85853f54eee0e420fc95b1c
スクナヒメ/堀江 由衣,,d5eba650e67ee409c3aef29542303de2
未配信ボイス０４２,,7a81dedb41b3d8ef31484cbed8683d52, (Not found)
クーナ/喜多村 英梨,Quna/Eri Kitamura,52c1dbc981f9db66997d3e5c004df48e
イオ/竹達 彩奈,Io/Ayana Taketatsu,7f6956f79b135ba978c39c0e7799a4f5
マトイ/佐藤 聡美,Matoi/Satomi Sato,99e53d87c33010648504854625b27518
パティ/阿澄 佳奈,,ac0bc5a2d69f1d969372c06ffe934f84
ユニークボイス02,Unique Voice 02,d655178ba5672ab2de674a53be955ecb
ティア/井口 裕香,,0f1ee2b9bd87b423dc34766e6330ff37
リサ/花澤 香菜,Risa/Kana Hanazawa,4b9f98daf2349b6b4d099c27cb2be963
未配信ボイス０４６,Unreleased Voice 046,35b7a784f6bba2c8be25434540c1fbcb, (Not found)
サクヤ/水樹 奈々,Sakuya,c707f66d6bea56a9b212ed4d15d73a58
ミスティ/田村 ゆかり,Misty,fdbdcc8cb48f1320f432927846c577e7
アルティナ/井上 麻里奈,Altina,0e1f3055ca2a3c146415cdf6038e6c69
ユキヒメ/白石 涼子,Yukihime,237a3d679f94fdd98bb04e3ae5a35d41
ケルベロスＱ/橘田 いずみ,Cerberus Q,072e07873c95b6d4d661a104a0f68674
［ＥＸ］ボイスＤ０３/菊地 美香,[EX] Voice D03,8e2d3405638ab92b0e73cd876c4b5953
追加ボイス６８/水樹 奈々,Voice 68/Nana Mizuki,caf8081f63e184b4a601f930bd97fb18
ユニークボイス03,Unique Voice 03,9ab912a1b54953f8eeb6d954861568bc
未配信ボイス０４８,Unreleased Voice 048,5751b670ae4a0d2142cfbdc72f562da1, (Not found)
T2マノン/川島 得愛,Manon,d3fcf20214030fa277a4f61a1414462c, (Not found)
追加ボイス９６/水樹 奈々,Voice 96/Nana Mizuki,f16f988c5dc86342d34263ccc2b20061
追加ボイス６９/田村 ゆかり,Voice 69/Yukari Tamura,fecdbbf79c49a98c35346423fbf5adbc
追加ボイス１０８/田村 ゆかり,Voice 108/Yukari Tamura,550c684986a8da90f205b7cfa2e61124
追加ボイス７５/田村 ゆかり,Voice 75/Yukari Tamura,cd8bfe1c0b3bea2aac6d933c7c643bb2
未配信ボイス０５３,Unreleased Voice 053,2cb1a2983b4394dd23f851239b73d829, (Not found)
追加ボイス７０/井上 麻里奈,Voice 70/Marina Inoue,21d3d9954f41411e7788effed02924fe
追加ボイス７９/井上 麻里奈,Voice 79/Marina Inoue,f88452c31313db486142ea26c437ec12
未配信ボイス０５６,Unreleased Voice 056,641e730d9f22e0c8ece1ddd05bce1a84, (Not found)
追加ボイス１０４/小清水 亜美,Voice 104/Ami Koshimizu,fe6049618b25f1d7dd6ed3bacb954591
ユニークボイス04,Unique Voice 04,205f005d494d2cccc3e774df9fe78406
追加ボイス１１５/小清水 亜美,Voice 115/Ami Koshimizu,25aea9362310f2909ca3b3e7597f3aab
追加ボイス１３１/小清水 亜美,Voice 131/Ami Koshimizu,bd59f0c7a68cfe19e68af25cbd077538
未配信ボイス０６０,Unreleased Voice 060,9e51c6c88ba99f62abeb19f5584196af, (Not found)
追加ボイス９４/生天目 仁美,Voice 94/Hitomi Nabatame,ac61a5a08757ec76bf47c764c8567d86
追加ボイス１２０/生天目 仁美,Voice 120/Hitomi Nabatame,1e035a2d19e1f79de1e3c0f56a20f338
追加ボイス９８/生天目 仁美,Voice 98/Hitomi Nabatame,0adae612c8ba92b3293a5285e8f6611c
追加ボイス２２１/生天目 仁美,Voice 221/Hitomi Nabatame,2206c7c9881741760219c8eb4df19404
追加ボイス１４７/早見 沙織,Voice 147/Saori Hayami,21452035d17565198e06adfeb11b65c7
追加ボイス９７/早見 沙織,Voice 97/Saori Hayami,62ba4601e5c26cff51d7a00089fffd65
追加ボイス１１８/早見 沙織,Voice 118/Saori Hayami,20c674808ddb234cfb0e0ceeb222ecec
ユニークボイス05,Unique Voice 05,410b89ea4e780a3513e8d7159415fe67
エミリア/斎藤 千和,Emilia,26eb33058f201326b26d94c6371b7cf6
クロ/斎藤 千和,,b0c440e24ecff8cd4a107f0d1c21c715, (Not found)
カレン/小清水 亜美,Karen,4b3dfb5a80c159d295b8dcbb59ee3164, (Not found)
バゼット/生天目 仁美,Bazett,a8720b7dfc07b3ee1d410ba4b200bf01, (Not found)
森雪/桑島 法子,Mori Yuki,a2407d7e0e314c2e254974a724dc1ba9
山本玲/田中 理恵,Yamamoto Akira,97aa112554b9617e09d46a1b0a22e184
カレン・エラ/田中 理恵,,2107419c85249b7d149599f95f598590
ヘルガ/田中 理恵,Helga,5fbca00fff73b645fadee908758778c4
追加ボイス１１９/桑島 法子,Voice 119/Houko Kuwashima,954a64fab7283d779b35486257ff5595
追加ボイス１３３/桑島 法子,Voice 133/Houko Kuwashima,314c841c316b821ab9e5a1f5308d48da
ユニークボイス06,Unique Voice 06,f63bf23a13e4c406308f6ee0bb7c0dbb
未配信ボイス０７３,Unreleased Voice 073,77f5b6d829b229bd1d19a1d58c96dd1e, (Not found)
追加ボイス１０９/田中 理恵,Voice 109/Rie Tanaka,8629ca1ab4e07a2f7d7e61c0acaffed4
追加ボイス１２１/田中 理恵,Voice 121/Rie Tanaka,30653ad892b24f4aa39b5c0dc32917ff
未配信ボイス０７６,Unreleased Voice 076,96e86dc0791acdcd70e4b98592133049, (Not found)
［ＥＸ］ボイスＤ０１/新田 恵海,[EX] Voice D01,93aaae285ae2d0276711eeb8ac5ea5d2
追加ボイス１７０/新田 恵海,Voice 170/Emi Nitta,7ac10d268cb4941a63662fdc62ced4e7
追加ボイス２１０/新田 恵海,Voice 210/Emi Nitta,7accef545034f9987944a299436b5803
未配信ボイス０７９,Unreleased Voice 079,28f000d09ca12675de79fa89471cebe7, (Not found)
［ＥＸ］ボイスＤ０２/井上 喜久子,[EX] Voice D02,55a543f6047f2cd26de8a0bbdf12054b
追加ボイス１６１/井上 喜久子,Voice 161/Kikuko Inoue,3b7bcb4f3ff0629d90f28e910b7ff91f
ユニークボイス07,Unique Voice 07,080481922e07ae09e54bbf9372bdd527
未配信ボイス０８１,Unreleased Voice 081,f32214b39fe7acdefde2481d4c53cc9e, (Not found)
追加ボイス７２/小清水 亜美,Voice 72/Ami Koshimizu,1ce15c1b701960fa451bbf1be0b8e4bd
ナギサ/水樹 奈々,,c3ef157ce928f868cb3ff524067c6521
チェルシー/戸松 遥,,129aea308a30f6bbe32f8b1ab03bdc20
［ＥＸ］ボイスＡ０６/高野 麻里佳,[EX] Voice A06,5ee8e789aaafca64230a6673725c0fa4
［ＥＸ］ボイスＡ１０/高野 麻里佳,[EX] Voice A10,d977c60c2afa4999f56204c0a0debe36
［ＥＸ］ボイスＡ１１/高野 麻里佳,[EX] Voice A11,9c8dc5ec9a95fa8b578fc1dbfc09796b
［ＥＸ］ボイスＡ０７/小原 莉子,[EX] Voice A07,0b1ef16434ef116722682d9ab59696de
［ＥＸ］ボイスＡ１２/小原 莉子,[EX] Voice A12,ac40e1dfb63f93163c0db5efd07b48de
［ＥＸ］ボイスＡ０８/小原 莉子,[EX] Voice A08,c4a97af0e97a993d1f59314d7dec43e4
ユニークボイス08,Unique Voice 08,3e85f40c581c1b3258c36b932e5c88aa
［ＥＸ］ボイスＡ１３/高木 友梨香,[EX] Voice A13,81234ac49426fedc97cd2622f0a148df
［ＥＸ］ボイスＡ１４/高木 友梨香,[EX] Voice A14,e1d7855c4ab81d3be8c1a8f89118e539
［ＥＸ］ボイスＡ０９/高木 友梨香,[EX] Voice A09,f1cd301ee778066f2ab7d145c7e22bc5
追加ボイス１１７/菊地 美香,Voice 117/Mika Kikuchi,0b81034ff3fe1566928f6a5ecaee7ded
追加ボイス１４２/菊地 美香,Voice 142/Mika Kikuchi,90aff41a2d045a12a6a46719332a2ef0
追加ボイス１４９/菊地 美香,Voice 149/Mika Kikuchi,f9efdb34c16d6dac8d83dcd6eca2fbf9
クノー/沢城 みゆき,,14cbbb105e64061c638c8aa216584cbe
ユニークボイス09,Unique Voice 09,4624b6908a7adb3ba74c2dc24fd292a8
りら/茅野 愛衣,Lila,66872030f3f587ce4912a56482882d57, (Not found)
キリカ/早見 沙織,Kirika,a8d4e042cbdcd24376b061d6ab4b4f9b
リンナ/茅野 愛衣,Rinna,194aabcb0a71deaa769a9d594d1f04bf
マリオン/沢城 みゆき,,c88608ddc39e5706a8210296f9a5bd8a
ソニア/瀬戸 麻沙美,Sonia,1fededccb6755a6456a8c7adcaf00dc5
追加ボイス１１１/茅野 愛衣,Voice 111/Ai Kayano,ede97ebc7838442bb39663cc27d844bb
追加ボイス１３４/茅野 愛衣,Voice 134/Ai Kayano,6e5f1b3c914843873d3b9ddf960d3b74
追加ボイス１４４/茅野 愛衣,Voice 144/Ai Kayano,8bee74745193524aefcabb7b24822a32
追加ボイス１９９/茅野 愛衣,Voice 199/Ai Kayano,565dfbc4b2d58da29acc577f76fc6211
ユニークボイス10,Unique Voice 10,abcc18ab3af657d7271041f541fb9a8f
追加ボイス１１２/沢城 みゆき,Voice 112/Miyuki Sawashiro,765fbd1aa19e0da2d597d45e635510ef
追加ボイス１３６/沢城 みゆき,Voice 136/Miyuki Sawashiro,7d2a22d0d6539aa308770806bf93ce85
追加ボイス１９３/沢城 みゆき,Voice 193/Miyuki Sawashiro,b0b8ed5c5b8ce773f1e468c194a3c6b7
ノエル/近藤 佳奈子,,bad203e0743219eb6bb22dd7b9ce7c8b
ミュー/近藤 佳奈子,,fd92cc0af9a155f0ed1bed1ded2d9399
イザヨイ/今井 麻美,,5ed8ee0b5301b39ad025693e45006c49
メイ/こおろぎさとみ,,4a3b0f53f136f15f4128bef8f26021fe
ミリア/住友 優子,,8466c2e8cd0c499e972d2f9c06574c68
エルフェルト/洲崎 綾,,2bfdbb0e609d3abecf179224f491c0ed
追加ボイス７６/新田 恵海,Voice 76/Emi Nitta,0242916db7089fa77055571334090087
ユニークボイス11,Unique Voice 11,ff54a595f82c4506ce3479d5d7327172
追加ボイス７７/小清水 亜美,Voice 77/Ami Koshimizu,a0d8c900b7e41a174529157705eb2782
美遊/名塚 佳織,Miyu,56a70a76c6547ab76c2d6931aefc3e63, (Not found)
ルヴィア/伊藤 静,Luvia,8434cd04b4e7960e165d75d6b12176c2, (Not found)
追加ボイス１８７/東山 奈央 ,Voice 187/Nao Toyama,1f878bd2b961c04d5aba72a0e1c553d7
追加ボイス２１４/東山 奈央 ,Voice 214/Nao Toyama,38c432755d078f4a06bc8c1d8d9bbe9f
追加ボイス１８８/伊藤 静,Voice 188/Shizuka Itoh,7240c412d65d823044f36add3f7257a9
ユニークボイス12,Unique Voice 12,64477dc562cc0e50fefdd1ce5e8ed5fb
シキ/生天目 仁美,Shiki,9d14eb21cfa097207c24de00ac72a49a
追加ボイス９０/今井 麻美,Voice 90/Asami Imai,1279bb9b1ddfe56b85cf12a67277bc4f
追加ボイス１１３/水橋 かおり,Voice 113/Kaori Mizuhashi,df201dda5c9357870b26a7582cd3504c
追加ボイス９２/水橋 かおり,Voice 92/Kaori Mizuhashi,d9011e4cd8d82d594463bc5440aebe25
追加ボイス１３５/水橋 かおり,Voice 135/Kaori Mizuhashi,e2476e8392b2ee6783d52489dabb2392
クラリスＫ/悠木 碧,Klariskrays,6044434c9bc572cb0bca988d74b772e3
追加ボイス２１１/水橋 かおり,Voice 211/Kaori Mizuhashi,6a93720c6cc0eb1544e83cfa3e7546c3
ユニークボイス13,Unique Voice 13,9bfbde1725b47f513c141516c538f4d3
［ＥＸ］ボイスＡ１５/長谷川 唯,,b48081ac233f0a3d31f2ee7c991be15a
［ＥＸ］ボイスＡ１６/長谷川 唯,,a57ab0dcb925088116fb7bc17e82338a
［ＥＸ］ボイスＡ１８/長谷川 唯,,add2a001e345f5758a9edd4cfea9c71f
［ＥＸ］ボイスＡ１７/長谷川 唯,,288a570a7df64dfa1825ce3d91070e3b
［ＥＸ］ボイスＡ１９/長谷川 唯,,be791a8072f464c3dd5a5e736856ea83
真宮寺さくら/横山 智佐,Shinguji Sakura,cfc9cb180c4357725813e51ec0a0f628
追加ボイス１４８/横山 智佐,Voice 148/Chisa Yokoyama,3bb5d7a35c70bd50306b1d9462cd2a81
追加ボイス１７２/横山 智佐,Voice 172/Chisa Yokoyama,9d35d840db190ee763ce8b04ad52433e
追加ボイス１８６/横山 智佐,Voice 186/Chisa Yokoyama,e48c02238a5a7cc659e1d8b528a9604d
ユニークボイス14,Unique Voice 14,f59d35f13ff53e26632295be8d54adac
ラッピー/榎本 温子,Rappy,151d152e3104157aa10a0319f57a187b
ヴィヴィアン/豊口 めぐみ,Vivienne,4cde9adeb3a3a665d0a38edab7e69b0d
追加ボイス１５０/斎藤 千和,Voice 150/Chiwa Saitou,f547015dc3813b068c161b2a19566151
追加ボイス１７３/斎藤 千和,Voice 173/Chiwa Saitou,a4bfdb1ca461d50d789848aa29e32390
追加ボイス２１８/斎藤 千和,Voice 218/Chiwa Saitou,664088ea86432d5e9f695c0188aaa02a
追加ボイス６６/豊口 めぐみ,Voice 66/Megumi Toyoguchi,c33d422d0eea3a40f81fcf4cccfb936f
追加ボイス１７４/豊口 めぐみ,Voice 174/Megumi Toyoguchi,461ade7047072cd0e7923c6b8162d797
追加ボイス２２２/豊口 めぐみ,Voice 222/Megumi Toyoguchi,29f4cfa6407b073d753034be15cca6a8
ジェネ/雨宮 天,Gene,4fa6f06ad9c0ec51cc6ee128b42f2c0a
アネット/佳村 はるか,Annette,25b11b1370f5c4a879c0d6044b8ff854
エリ/今井 麻美,Eri,4e66dc08a6aec90d4de7d733edd5c3c0
クイナ/小倉 唯,Quina,b237740bb9fe78ca7812841eeb812b87
追加ボイス１６３/雨宮 天,Voice 163/Sora Amamiya,9aee7b2c73c94d913c296b1b0ff8f35c
追加ボイス１７８/雨宮 天,Voice 178/Sora Amamiya,b20ba4219a47dcfbab4e8ce9457a9023
追加ボイス１９７/雨宮 天,Voice 197/Sora Amamiya,1eded61ab6a8ce2dc44b6f4c8cbdb064
結月ゆかり/結月 ゆかり,,a1bcebb32009c3ba54079bec36eb112c, (Not found)
ルティナ/内田 真礼,,e8eb94df70eb1401a23e7db3f2ec59d5
フィルディア/沢城 みゆき,,a73f5c0404b13defeeb24299158a4baf
イズナ/茅野 愛衣,,a34df88a2d7b83879c8800a4579f63ee
レイシア/東山 奈央 ,,bcfb1982775e8aca78657c4a65424b97, (Not found)
［ＥＸ］ボイスＡ２８/岩下 読男,,946eac7f4070206e2f3b678296adac78
追加ボイス１２５/種田 梨沙,Voice 125/Risa Taneda,b5072b747aeb0314f69505994c7673b6
追加ボイス１４１/種田 梨沙,Voice 141/Risa Taneda,98d322742c2c43c840714a7e04cb5469
追加ボイス２００/種田 梨沙,Voice 200/Risa Taneda,f6bfc0524d62a4a0a5ed055a2608ae85
追加ボイス１００/種田 梨沙,Voice 100/Risa Taneda,ac061a8f97cf5cd82ec864eabdfb9f7c
追加ボイス１２３/洲崎 綾,Voice 123/Aya Suzaki,5555e257249a8cb39e3dab49ae29d1ba
追加ボイス１１０/洲崎 綾,Voice 110/Aya Suzaki,bae881a01acc19c0176665594c71a276
［ＥＸ］ボイスＡ２３/洲崎 綾,,af588586991a8889b8c2ee9bfdaa5cb2
追加ボイス１４６/洲崎 綾,Voice 146/Aya Suzaki,59b67150fb8b3b9ff6e056ba6e16ff41
追加ボイス１２８/木村 珠莉,Voice 128/Juri Kimura,c5445888d9d87ffea4502fe3692e5b63
追加ボイス１０３/木村 珠莉,Voice 103/Juri Kimura,eee83639655fd3cda6c1e4ec3f8431ec
追加ボイス１４５/木村 珠莉,Voice 145/Juri Kimura,39fd394c9e873dc2b39ba31743f74c79
追加ボイス１０６/豊崎 愛生,Voice 106/Aki Toyosaki,5ed3a2d35bb103b1a6efeb4f1d278ff8
追加ボイス１２９/豊崎 愛生,Voice 129/Aki Toyosaki,e98e52fe4414e3e6f9ccd9c043f0df58
追加ボイス１５８/豊崎 愛生,Voice 158/Aki Toyosaki,fd84dea3a5d0c173f648fd4f077f2ce9
追加ボイス２０５/豊崎 愛生,Voice 205/Aki Toyosaki,389c5f0c6df5f3351fe2e3cd3361ce83
追加ボイス１２６/佐藤 利奈,Voice 126/Rina Satoh,e9895d663e48b071e19aa92060bc6117
追加ボイス１３９/佐藤 利奈,Voice 139/Rina Satoh,a0e243ffcb3d7c296068267acaf775dd
追加ボイス１５９/佐藤 利奈,Voice 159/Rina Satoh,e71490779fcaf68a6f2c8d9cff2d3912
追加ボイス２１９/佐藤 利奈,Voice 219/Rina Satoh,304ab4a660824143b04547ba4a6089dd
追加ボイス１４０/皆口 裕子,Voice 140/Yuko Minaguchi,589c7feb388a73c9e5a01795e11ba9ef
追加ボイス１２７/皆口 裕子,Voice 127/Yuko Minaguchi,0bbfe75613903301fd9124bb06cc778b
追加ボイス１５７/皆口 裕子,Voice 157/Yuko Minaguchi,75a9f811f3928280177fdd15c36f1f02
追加ボイス１９８/皆口 裕子,Voice 198/Yuko Minaguchi,1e5906a4053bf129b808b44b1af5e07e
追加ボイス１２２/沼倉 愛美,Voice 122/Manami Numakura,d1d02c14b3973887600bc2c6a21ec9d0
［ＥＸ］ボイスＡ２７/沼倉 愛美,,7a46fd14f016073603c87c11ff6f9a83
追加ボイス１３７/沼倉 愛美,Voice 137/Manami Numakura,a77e13d9242a4acd9905db8f88594d5b
追加ボイス２１６/沼倉 愛美,Voice 216/Manami Numakura,781d84ea1b349439a521da6c2976fe1f
追加ボイス１２４/小倉 唯,Voice 124/Yui Ogura,4dd94bedc7dd714f9ee7b43102ef0344
追加ボイス１３８/小倉 唯,Voice 138/Yui Ogura,19f72e14705255a486efd576abdbe56b
追加ボイス１６０/小倉 唯,Voice 160/Yui Ogura,ed7c4697d5b8a3b9a6d2b26d88971ed4
追加ボイス１９２/佐藤 聡美,Voice 192/Satomi Sato,b039b827fb1c99a212fbabdf77ac75a3
［ＥＸ］ボイスＥ０２/Ｍ・Ａ・Ｏ,,777c64d046e725f90085b828409e7554
追加ボイス１７５/Ｍ・Ａ・Ｏ,Voice 175/Ｍ・Ａ・Ｏ,312362deae31cd78e15e4efe37ab6a85
追加ボイス２２３/Ｍ・Ａ・Ｏ,Voice 223/Ｍ・Ａ・Ｏ,900835bfc5c405655d501fc0ec7cb134
追加ボイス１１６/こおろぎさとみ,Voice 116/Satomi Korogi,c6ab1c3f8be59502d2195afb62a85171
追加ボイス１３０/こおろぎさとみ,Voice 130/Satomi Korogi,bbf06302212e3b2f1e5eabdde20d99d5
追加ボイス１４３/こおろぎさとみ,Voice 143/Satomi Korogi,be4f25fe3474bbddf9fe3e6aa5517aef
追加ボイス２２０/こおろぎさとみ,Voice 220/Satomi Korogi,30d7782a03f72a4613d8550b9e2cdba0
ＳＯＲＯ/玄田 哲章,,4beb8fbc3a441590494340e1226dd3c4
リナ/諏訪 彩花,,6fc3f6d4937f5e637935261147409b56
ＲＩＮＡ/諏訪 彩花,,472f8b9a09298575feca1ab6c7ad7c09
リリカ/村川 梨衣,Lilika,219e43815052b7fdaab9c3499659a985
弓子/井上 喜久子,,d2f8f82c161b8d10dd8160d022c47807
シルバ/新田 恵海,Silva,9e73b7d0a8704c59841228d991346948
オーガキャッツ/桃井 はるこ,,d2d450b6f466f2d27d29f5461d811a45
アイカ/Ｍ・Ａ・Ｏ,,47bcbed9337117224e02e2e6f6d66ead
オークゥ/沼倉 愛美,Och/Manami Numakura,45a95c53786eb41c86b3b8fb0d8e03ef
フル/小倉 唯,Phul/Yui Ogura,345d4b17fbb1fdd8ee2ad82769a3de48
マザー/佐藤 利奈,Mother/Rina Satoh,3e98d451e3eadb43dadc969510198d46
【仮面】/日笠 陽子,[Persona]/Yoko Hikasa,a3b34c2dbc3f53a6b42dca6d36c32fe7
【若人】/桑島 法子,Apprentice, the Callow,84f1eaab1fe3edc85ea440617e0c0132
追加ボイス１５６/佳村 はるか,Voice 156/Haruka Yoshimura,d6d1ea0c8eed4f6c70f34e789057f69d
追加ボイス１６７/佳村 はるか,Voice 167/Haruka Yoshimura,8f3493d39a95f00ba1a2f1550c6230de
追加ボイス１９５/佳村 はるか,Voice 195/Haruka Yoshimura,92ca39bc191502b67bf828369cec81b0
［ＥＸ］ボイスＡ２１/諏訪 彩花,[EX] Voice A21,3987b6518a25bdfed76a4bc7d1f5a219
［ＥＸ］ボイスＥ０１/諏訪 彩花,[EX] Voice E01,000faf351366439fadb440c6a1a8cf8b
追加ボイス１９１/諏訪 彩花,Voice 191/Ayaka Suwa,40390bb6364676aeb016509572cd0a93
追加ボイス１６４/村川 梨衣,Voice 164/Rie Murakawa,e5a355dbe7e94845de2ae634e9b8cc5e
追加ボイス１７９/村川 梨衣,Voice 179/Rie Murakawa,4ace53febdf35dcee2f84b58a494b977
追加ボイス１６２/瀬戸 麻沙美,Voice 162/Asami Seto,494de8fab0a241f496dc4fa78f07ce26
追加ボイス１８０/瀬戸 麻沙美,Voice 180/Asami Seto,0415a0b906c53347a878e85475b0529d
【双子】/釘宮 理恵,Twins, the Echo,3a53b3006bc62c9e7b5c1197a70497f3
マトイＢ/佐藤 聡美,Matoi B/Satomi Sato,67ae7c0c3b0fca8bf8222d83653b6d30
ユクリータ/伊瀬 茉莉也,Euclyta/Mariya Ise,0c8730983d4271f36910cb29d64d18e2
追加ボイス１６５/小林 ゆう,Voice 165/Yu Kobayashi,01aa35fd75e3b52f19b033096040d236
追加ボイス１６６/立花 理香,Voice 166/Rika Tachibana,1845c2d43123fe0327472db2478ffaa3
追加ボイス２０７/立花 理香,Voice 207/Rika Tachibana,8c764c05a82ebd004219177ff54dd55e
追加ボイス１６９/斉藤 朱夏,Voice 169/Shuka Saito,a53f8a76b39798f2bd5c15baf52fec73
追加ボイス１７１/山岡 ゆり,Voice 171/Yuri Yamaoka,63cba0cc1d096a536681bfd6c10e7e72
［ＥＸ］ボイスＡ２０/市来 光弘,[EX] Voice A20,081fce0071fa0fb05b515f4472bfd356
ライア/甲斐田 裕子,Laia,43facdb698899e7027ccf1194b3792a7
追加ボイス１５１/潘 めぐみ,Voice 151/Megumi Han,6b45d780d648e857c91de3d73dfda3e9
追加ボイス２０３/潘 めぐみ,Voice 203/Megumi Han,98761172f269f90c93e24b5353060729
追加ボイス１５３/能登 麻美子,Voice 153/Mamiko Noto,b6a77a758f5a9e8fa53a9bba2f712b10
追加ボイス１８２/能登 麻美子,Voice 182/Mamiko Noto,d7817237bd1986d84c87fb80efdc5091
追加ボイス２０１/能登 麻美子,Voice 201/Mamiko Noto,221d8473615397e8db18a14d39af1b13
追加ボイス１５４/島本 須美,Voice 154/Sumi Shimamoto,638e7269c39c031fc507ddbedf89b7e0
追加ボイス１８３/島本 須美,Voice 183/Sumi Shimamoto,7b2d7f2be344607694bdef9643d231cc
追加ボイス１５２/佐倉 綾音,Voice 152/Ayane Sakura,cedd417a54464b2af8585cba1e41da5f
追加ボイス１８４/佐倉 綾音,Voice 184/Ayane Sakura,417a3020fbf52dd62c1c1e760e368870
追加ボイス２０６/佐倉 綾音,Voice 206/Ayane Sakura,eb3971a203860bf6307ccd28d4456f83
追加ボイス１５５/坂本 真綾,Voice 155/Maaya Sakamoto,20b76b77da4870427e91589c39a96301
追加ボイス１８５/坂本 真綾,Voice 185/Maaya Sakamoto,e7785d8c1e41338a515d75c7caf9dc74
コオリ（ＭＣ）/洲崎 綾,Kohri (MC)/Aya Suzaki,ee6338c579912caefaf053d2e8202317
［ＥＸ］ボイスＡ２２/秦 佐和子,[EX] Voice A22,d2935bae72a2581333c4e24c10ef881e
［ＥＸ］ボイスＡ２４/秦 佐和子,[EX] Voice A24,cf42be98c2564d681f3f1b884f8bb0c1
［ＥＸ］ボイスＡ２５/秦 佐和子,[EX] Voice A25,c3410bb4768ed1e31d3017246d6c6e4f
［ＥＸ］ボイスＡ２６/秦 佐和子,[EX] Voice A26,12a1f597f86de7f76ca6b67553549096
追加ボイス１７７/久野 美咲,Voice 177/Misaki Kuno,382aab377775f2724a123ed3211150d4
追加ボイス１７６/名塚 佳織,Voice 176/Kaori Nazuka,2aea64107836394ea174373d42d864ca
追加ボイス２１３/名塚 佳織,Voice 213/Kaori Nazuka,89162be60b0865fd471c9b225bea3587
追加ボイス１６８/甲斐田 裕子,Voice 168/Yuhko Kaida,1b8a509643fc52f3cc58234b3cabb5de
追加ボイス１８１/甲斐田 裕子,Voice 181/Yuhko Kaida,3f1fd496f7421dc69dcc871c47de6e5c
追加ボイス２１７/甲斐田 裕子,Voice 217/Yuhko Kaida,d03ba74b5c5603e10616a2bd3a2b3025
ブルージーＲ/喜多村 英梨,Bluesy R,07669a614dce763a37d3e1abdfc54534
マトイＣ/佐藤 聡美,Matoi C/Satomi Sato,7ba299793f1f3d65ee74a7d4e5816a68
アル/豊崎 愛生,Al,8da642f7038a1858609c321d17cafe66
コオリ/洲崎 綾,Kohri,8288e0df035d5f3c81d06b9803456381
ニレンカムイ/佐藤 聡美,Twin Kamuy,7e16b7e85ae91cd2962060d5394c6860
シューティングＤ/飯田 友子,,0b131ff62da92d3ece904bdafbae1db4
ラヴィス＝Ｂ/木村 珠莉,Lavis Blade,4ab6a5461b0ba8742ca08f6d31d0a5a3
アトッサ/榎本 温子,Atossa,9356306a1c1adf5b3a7a9a8d22b8b930
初代ＫＫ/能登 麻美子,First KK,017518b1fd240c6d136189c7c813440d
シエラ/木村 珠莉,Xiera,733f8eafd8d5549c04efaac4bb683463
アフタル/黒沢 ともよ,Aphtal,d49242dfaf0120a61df6304b7e981a1a
追加ボイス１９０/高橋 李依,Voice 190/Rie Takahashi,2b90b5d003a20006b963907c63a998f8
追加ボイス１８９/安済 知佳,Voice 189/Chika Anzai,39bfac9586ee9fa8600b72093a3b6b63
マリア/小山 茉美,Maria,02c3d6296285f4c0b68a7990c8df8e7a
ストラトス/佐倉 綾音,,5000b5d66724eb9770b999a5337ab3b6
［ＥＸ］ボイスＡ２９/藤本 結衣,,15b9c6e0ed6675424d490d59a2dd9a5c
［ＥＸ］ボイスＡ３０/藤本 結衣,,6fed12b19e38f10b5146ff008bd0df0c
［ＥＸ］ボイスＡ３１/藤本 結衣,,81148dab1bdf5fd84e59a3f5ca9cb70f
［ＥＸ］ボイスＡ３２/天野 名雪,,4c7207c477b420b2c9d70f2fb99c5560
［ＥＸ］ボイスＡ３３/天野 名雪,,232734136ab6ef1d772059520e52c101
［ＥＸ］ボイスＡ３４/天野 名雪,,284eea5bc5e6c130ef1a29e9bf713e2e
みたらし/田辺 留依,Mitarashi,5f3b6a4e5bb9db2a5526a3e8bf14fa0a
テトラ/引坂 理絵,Tetra,1a8c3f5b333939583142c8775dfa1afe
ヤスミ８０００Ｃ/佳村 はるか,,80dd54a6536b94835492ea7bfe071be7
Ｆフィジス/中原 麻衣,,3a070a000979d8704032c5d39735e33e
スペース・ツナ/悠木 碧,Space Tuna,820d107d811f315711af84c13a8a44cb
メルフォンＳ/花澤 香菜,,98934448b2fec8bdfb79afda55b011eb
ドルチェ/清水 彩香,Dolce,8c5515633c43ac4b32c035d2a2c0babd
猫ノ宮♪/金田 アキ,Nekonomiya♪,b230591b697e5c0fb90d0ad9492588d5
追加ボイス０１/阿澄 佳奈,Voice 01/Kana Asumi,b84af02db0aeec176f6a0f2125cfe56a
二代目ＫＫ/佐藤 聡美,,c1ceccecdc4618251f74a876c7dcc37e
ステラ/藤田 茜,,b9f5afe514d09717d3ccdf5e22e5c51a
ローザリンデ/小松 未可子,,1be22090226c43293c99df8e00bec81b
ウィンディス/本渡 楓,,2b8d2a46ce3240a1e6bb2e70371295d7
ポポナ/ポポナ,,12cd9bfaa2aac38530a9c092248ce998
メリッサ/雨宮 天,,18f5fa13178580b68681ff967e69833a
ゾラ/古賀 葵,,52938e72d38023a09cad25224edbcaaf
ローザリンデＣ/小松 未可子,,f9fc5107490e4fa03fdb83418dbc54cd
追加ボイス２０４/矢島 晶子,Voice 204/Akiko Yajima,0d8ddf555cb796cb31646e94c799033c
追加ボイス０２/植田 佳奈,Voice 02/Kana Ueda,9ef85687f0e242b671824758714a563d
アベーユ/藤田 曜子,,fb3dd50e49b5acba3211bf017f4557b4
ジェネイドラＣ/雨宮 天,,3cec48f4115093d331ec109bab26c2d3
ホルシード/ゆかな,,d5eaf1865464fe2a8f4ac89e8fb3b997
エコー/日笠 陽子,,394acda21309821d1cb85156ba4fae94
［ＥＸ］ボイスＡ３５/佐武 宇綺,,162193a0ac8eb887fd1e2b436b014f53
［ＥＸ］ボイスＡ３６/佐武 宇綺,,38fec508ba9466f3250def86d427e17c
［ＥＸ］ボイスＡ３７/佐武 宇綺,,5df55f52260681bece1b188ead413cb4
アザナミ/中原 麻衣,,2b338308e0cb784fa97c6b7ce2ede83b
-----,,b6faa0a665068ff3174d69cc27424753
アキ/渡辺 久美子,,b78a32085cbf3b3224ee77f897e13ced
マールー/門脇 舞以,,33efbccc45d7a1331fe386448e55a341
モニカ/竹達 彩奈,,996fe2a23066c229e9c9923f85223b3b, (Not found)
シバ/潘 めぐみ,Shiva/Megumi Han,2712d18fe9d9dc0c17e86771b6a70ebf
ミトラ/安済 知佳,,d5dae347c2635506f1e4222a801800d0
オプトレイオン/東山 奈央 ,,de6c2b8b8c4b6cfd3d8011179d26dccd
イグニス/飯田 友子,,15dec5b8d43c5e3da1cb3158707f6f2d
カザミノタチ/田辺 留依,,7fb5530ef3d7d88485ac9d47d75d8b7e
ヒツギ/種田 梨沙,Hitsugi/Risa Taneda,b35c3f80498707429431bf200d82a201
ファレグ/皆口 裕子,Phaleg/Yuko Minaguchi,a4f36999c401f36b9f76659c6ee2149e
追加ボイス０３/榊原 良子,Voice 03/Yoshiko Sakakibara,6da7c98d584bed0a242af28cc62eb900
紲星あかり/紲星 あかり,,0133ed5ea8f6c79a5af4cf8e09e5da92, (Not found)
アスナ/戸松 遥,Asuna,2046540587de9febd389c04478ff52a3
ルコット/矢島 晶子,Lukot/Akiko Yajima,c42e380b18396882465a89f705e183bb
ハリエット/潘 めぐみ,,b826fbd375e6b3a30ce8bdd769cfe9ca
マルガレータ/東山 奈央 ,,dd0d09e8efba38a6fad212c428f6a05e
追加ボイス０４/花澤 香菜,Voice 04/Kana Hanazawa,ba64a0ca60ea8c4eb2d0f2f19c1962ca
追加ボイス０５/悠木 碧,Voice 05/Aoi Yuki,a0f0a58830e3d72381fa38349284adbd
追加ボイス０６/日笠 陽子,Voice 06/Yoko Hikasa,d7f69b3e1a4f125d562992e061686cc2
追加ボイス０７/佐藤 聡美,Voice 07/Satomi Sato,94364983bfbe6d547a26b5d9fc1dd20d
追加ボイス０８/金元 寿子,Voice 08/Hisako Kanemoto,8de9c894f84892445d39f40052acc305
追加ボイス０９/渡辺 久美子,Voice 09/Kumiko Watanabe,59c5d87611a0c90ec1e1f518d3f0a4b5
-----,,728662be3b79321fd6be94d99931e804
-----,,ade48de5e31356d0c4b93f9ff32904d2
追加ボイス１０/門脇 舞以,Voice 10/Maii Kadowaki,372340de8e902ef7aa236aef87429f44
追加ボイス１１/伊瀬 茉莉也,Voice 11/Mariya Ise,498f4b8384b1e6dac43cb88dcc66b976
追加ボイス１２/喜多村 英梨,Voice 12/Eri Kitamura,90c69c24675b740a203de6cf3dc92974
追加ボイス１３/喜多村 英梨,Voice 13/Eri Kitamura,20f1e2eade6660c1b88213f4c81f620d
追加ボイス１４/渡辺 久美子,Voice 14/Kumiko Watanabe,646276741eff34d709f4b6a1f4f27217
追加ボイス１５/渡辺 久美子,Voice 15/Kumiko Watanabe,09d706ebaa168b0a6b92789e2ed15b48
追加ボイス１６/花澤 香菜,Voice 16/Kana Hanazawa,3febfc59ddd0b97f9d975f1af2f51f28
追加ボイス１７/花澤 香菜,Voice 17/Kana Hanazawa,c87010966d789ad2d967dc58843a3103
追加ボイス１８/花澤 香菜,Voice 18/Kana Hanazawa,ac9c2dd4c7f6164333eb53df463e80a7
追加ボイス１９/門脇 舞以,Voice 19/Maii Kadowaki,94db5dc8d40053d0f053cabe60f1ccf8
追加ボイス２０/門脇 舞以,Voice 20/Maii Kadowaki,91feaadee5f85b9bd34033e84e2af5fe
追加ボイス２１/日笠 陽子,Voice 21/Yoko Hikasa,02a6b512e174070dc66d960b224b2cbf
追加ボイス２２/日笠 陽子,Voice 22/Yoko Hikasa,89e44b93b9f6e94e8941f0013c1d180c
追加ボイス２３/日笠 陽子,Voice 23/Yoko Hikasa,48d86f9d19840fb50a81e7860d18d952
追加ボイス２４/悠木 碧,Voice 24/Aoi Yuki,125c1eaace5b072a320dc1d3c438a331
追加ボイス２５/悠木 碧,Voice 25/Aoi Yuki,a13ae6a7d4c661169f0361a23575a4b3
追加ボイス２６/悠木 碧,Voice 26/Aoi Yuki,b54a4cafa082165b608586ed1766d657
追加ボイス２７/植田 佳奈,Voice 27/Kana Ueda,f66794ef4ca8c7ce30a4119eff8223f3
追加ボイス２８/植田 佳奈,Voice 28/Kana Ueda,20a3347ccef7dd2509772e0c0fa8b06c
追加ボイス２９/井口 裕香,Voice 29/Yuka Iguchi,493611b473051129548114b565365117
追加ボイス３０/井口 裕香,Voice 30/Yuka Iguchi,6de0daeb01788a4ed60161828f693a8d
追加ボイス３１/阿澄 佳奈,Voice 31/Kana Asumi,1a8b4f5ade7e376318d7ba18ff6e7469
NGSシンプルボイス01,NGS Simple Voice 01,feaeafc0eecdefb3f440bb2f4e04561f
NGSシンプルボイス02,NGS Simple Voice 02,fbde42ae9edc0f1a734b2f7d3a5365c1
NGSシンプルボイス03,NGS Simple Voice 03,6a81471c93c2d9be8c6a0fa773cd93a8
NGSシンプルボイス04,NGS Simple Voice 04,f1b81b195ed0e63e85442ebe980e39e9
NGSシンプルボイス05,NGS Simple Voice 05,79d4a7ba231f40ad1861826c271f013c
NGSシンプルボイス06,NGS Simple Voice 06,9d4bb8dd415c9cdd34fe4c39f91e7762
NGSシンプルボイス07,NGS Simple Voice 07,5b33e5d66caccc1fbcffafec30d82e8b
NGSシンプルボイス08,NGS Simple Voice 08,1bdd4f577001fda98f59904ca851695a
NGSシンプルボイス09,NGS Simple Voice 09,abf57162710f5f374d6b744e1befd641
追加ボイス３２/阿澄 佳奈,Voice 32/Kana Asumi,4856c7823f2fe63e5ae7ce8ba67f86c7
NGSシンプルボイス10,NGS Simple Voice 10,469ac7bbcc7cefa8af0497ecc69b1606
NGSシンプルボイス11,NGS Simple Voice 11,cf7e50fb17da989992c9e40bf3b427d7
NGSシンプルボイス12,NGS Simple Voice 12,f35c40950b50be31d64fbd46c17a3abd
アイナ/諸星 すみれ,Aina,cd687bc6715a7d4b3b5ed1b6334e9191
マノン/宮本 侑芽,Manon,e45c32117176f1a6aff4ac6e9f608446
ナーデレフ/田所 あずさ,Nadereh,d5a4a957c2f548a211fb25833b09c7c2
メリ/小原 好美,Meri,acdfbbcf156d5d2a6cf3407e517314ca
白上フブキ/白上 フブキ,Shirakami Fubuki,53b0548964609a1d62bbcafd03bdded3
一伊那尓栖/一 伊那尓栖,Ninomae Ina'nis,cf0cfa180f81fda95c14a29e62357ea5
アルベド/原 由実,Albedo,b745502ff2b8c5c495813c63b115c367
追加ボイス３３/佐藤 聡美,Voice 33/Satomi Sato,10b289042e9d5afe3fd8debd90329614
ポポナ/ポポナ,Popona,cdf84a9f3c72a2440ec3b6179de027d3
星川サラ/星川 サラ,Hoshikawa Sara,57f41ef3cc72a4756b0caee1141a8029
葉加瀬冬雪/葉加瀬 冬雪,Hakase Fuyuki,51ccd6fab128cc0e22731e6907e8d5ea
カヌイ/鬼頭 明里,Kanui,670650222470cff4c5afe28bfa3ac35b
ファリア/小澤 亜李,Pharia,162e9000d9c49af5bd5f48f1bd3c0845
追加ボイス３４/佐藤 聡美,Voice 34/Satomi Sato,83f6d5ab3da0fe972386d901b1612b69
追加ボイス３５/佐藤 聡美,Voice 35/Satomi Sato,55022d79142dee84ecdae87ec5f60c40
ヤミガラス/竹達 彩奈,Yamigarasu,d7a702c18dd05aca0146a795c7544e7d
追加ボイス３６/伊瀬 茉莉也,Voice 36/Mariya Ise,4569de3c1b432891610a9a8b6034c284
追加ボイス３７/伊瀬 茉莉也,Voice 37/Mariya Ise,534cc97c39a708cf455fb14863e63417
［ＥＸ］ボイスＡ０１/榎本 温子,,3a5854b4ee94763120133a478c9d2be0
［ＥＸ］ボイスＡ０４/榎本 温子,,5912f764d670e5a9894aa75cb2a7340e
