large_icon/ui_vital_card_0001.ice,53\922112e4769515d653ce5efaa0375a
large_icon/ui_vital_card_0002.ice,1e\4c9fd6d62edc524c99d28184e7cc26
large_icon/ui_vital_card_0003.ice,a8\3283e1b871bcad63949908672fa82c
large_icon/ui_vital_card_0004.ice,4b\6a425f3befe0d18ccc9bdd06fcf2af
large_icon/ui_vital_card_0005.ice,d4\82bdf7365938a56101e17dda23450a
large_icon/ui_vital_card_0006.ice,45\fe1e97f399294542db1483b2a9629a
large_icon/ui_vital_card_0007.ice,9b\0ef651ec814da4e70967a3eb8e85d4
large_icon/ui_vital_card_0008.ice,73\dd400e439dec330c646a01e90c5aa5
large_icon/ui_vital_card_0009.ice,ef\e623c4812251580334a17e92bab14b
large_icon/ui_vital_card_0011.ice,47\4f062621bbeaee1d9b72c09dac8689
large_icon/ui_vital_card_0014.ice,50\ea32f6757ae42a1c6e6c40d7d4645a
large_icon/ui_vital_card_0015.ice,c4\29fdbdb5c279d60488f4f27783252b
large_icon/ui_vital_card_0018.ice,b8\7ad2b9e768d29d2326559892eec8e0
large_icon/ui_vital_card_0038.ice,21\b72a1264e191e3f9844971717cc683
large_icon/ui_vital_card_0039.ice,c0\253275880d218475d4a5ab84288b59
large_icon/ui_vital_card_0040.ice,65\179d5217cf890d9312aaa93188adc1
large_icon/ui_vital_card_0043.ice,54\8ff05f9b26d82932ac0e108ff8d022
large_icon/ui_vital_card_0044.ice,68\205029e365990024668cbc94ee2c31
large_icon/ui_vital_card_0045.ice,53\818108198616d5faa0de4531afb0d5
large_icon/ui_vital_card_0046.ice,2d\a8de57972f32cefd95d5b7385ef53c
large_icon/ui_vital_card_0069.ice,c7\979f810c91c9907a91602633084119
large_icon/ui_vital_card_0070.ice,12\112d3b45f2f695674f680faf6ffb94
large_icon/ui_vital_card_0071.ice,9e\f3d22d689ac0c58f9063d40e79c981
large_icon/ui_vital_card_0083.ice,1e\8a1e1735e67f716ffb48bd7b4b3027
large_icon/ui_vital_card_0089.ice,67\221f2d8f769c24aaf779bb87012fce
large_icon/ui_vital_card_0118.ice,e3\1d125a6be627c3fd544b263f8a0396
large_icon/ui_vital_card_0119.ice,cb\05f176e12d0a8fdd08c68dbce10706
large_icon/ui_vital_card_0120.ice,0f\a1d3f9118169767ed728056a65dce5
large_icon/ui_vital_card_0130.ice,13\a13cc16409b85655a83f6ab1a39842
large_icon/ui_vital_card_0131.ice,bb\7014f0ef064de8d5a6a9f121d174dd
large_icon/ui_vital_card_9995.ice,d6\b21b5d86e501e2d0b5e7b2f5281fac
large_icon/ui_vital_card_9996.ice,c3\7e23bb2d6443b12e4cecc035f95483
large_icon/ui_vital_card_9997.ice,df\2932d1fe97443a4dcbf708529cb0fd
large_icon/ui_vital_card_9998.ice,36\6d75041b0c6aeb24bf0124a7e72675
large_icon/ui_vital_card_9999.ice,f5\2b1413aaa2c4a7d313d9a7f8e17f83
