タイプA,Base Eyelashes A,0,d014e5a35c406178a991c3bdef768d4e,f69c1c64eaf97829cc8c1eac4dafdd6e
タイプB,Base Eyelashes B,1,14bf517a0f0359ec459eb278805f96a2,2047dfb6d9b0d0124857e5acaf093420
タイプA　白,Base Eyelashes A: White,2,ba221ab2ca62bd189e594dcaac25dfae,24e18d03bb9b816e63baaf331aed123c
タイプB　白,Base Eyelashes B: White,3,216085e16af97417ac4595ca12ce8a60,07c089f63d0eed0f8fe306676e539f44
[Unnamed 10],,10,4df05aa3f6a6c546cb56c45f39b3aa36, (Not found),b8b66c302630db44a61a49976e7a3c78, (Not found)
[Unnamed 11],,11,bd5bcea8b81c6d6f95bc43a1ee504600, (Not found),ae91a021674647272692e9308ed004cb, (Not found)
[Unnamed 12],,12,0c252262746e0746f6053144ef65942b, (Not found),4f88a8617f8bce659a753e45922c0732, (Not found)
[Unnamed 20],,20,e6b82b85e3f270107d118641a5239223, (Not found),40178c4b5e8f602967b63f7c265a5ada, (Not found)
[Unnamed 21],,21,fe6983d2eaf7db016e1f6ec34b95e5b8, (Not found),043f54c8035b197be027919f4e6460a8, (Not found)
[Unnamed 22],,22,6750902b175945c28e68d3a94152c74d, (Not found),70fce076ed6d1399a5e81997733ee88b, (Not found)
[Unnamed 30],,30,488e81fe3fe4ae3854cb6685de19f411, (Not found),835e36d332fee7fa7e9060e55eacd29f, (Not found)
[Unnamed 31],,31,0dc500121f2ed0b297d543b163b816a7, (Not found),9ca63452e7934810672facde2808199e, (Not found)
[Unnamed 32],,32,48c594a1185985d0d9436d63196a8ee2, (Not found),b3bda5bdcdea0970c7de2b216bade0d2, (Not found)
[Unnamed 40],,40,d4b6ead538ba0bd0d32619e92d5a5dcb, (Not found),7533ea8f2e0932cff6eb8095e9522414, (Not found)
[Unnamed 50],,50,4cfba2964a2661bd6d2c02cffa74f5f6, (Not found),3633e8b51018ad84680daed49decb217, (Not found)
[Unnamed 60],,60,282bf4ba3a050838374b834c354d6aaa, (Not found),1be9162eb171584b60ce341f975f9d07, (Not found)
[Unnamed 70],,70,818b755f4942b18d3e78bac5efd60fa2, (Not found),a648cf9a2b5d50e219667cccdbe146eb, (Not found)
[Unnamed 80],,80,c98bc131b8328b7bcd2100fb360064eb, (Not found),58d7a45957010aa167b70bc1cbc33674, (Not found)
[Unnamed 90],,90,1b904d221b690fe389e222ae187a3bb5, (Not found),7630a27745438bbaa45a2b68555314fd, (Not found)
[Unnamed 91],,91,8e484b9e31dfcf4f9b81ca62d716ae13, (Not found),48b249d59c784d946e98ad9da6bf490e, (Not found)
[Unnamed 100],,100,bcd130c98d33c755fd18ccfd2b4ed9bc, (Not found),c1aedf309e8992e729d42a112ba99194, (Not found)
[Unnamed 110],,110,b2bb22b466794a1706a3db85f9f1488d, (Not found),d7e1542384b4ea1346fcb1e162f6b90d, (Not found)
[Unnamed 111],,111,641a256418a5223a2d04b8169774a936, (Not found),b03c2d7a0b67ff7e8012fbcb20686110, (Not found)
[Unnamed 120],,120,ba5f7a433c99ca97adb6e5ed772bc568, (Not found),cf4259663af7a238a0f68e982fba98c3, (Not found)
[Unnamed 121],,121,f66b1e9c6783cdbaa92e45cab00de1c9, (Not found),03cb4c395e1fe23c44e7a6073f95e654, (Not found)
[Unnamed 130],,130,27876e53553853fb3b326e32dda5e6be, (Not found),484e8ee447ecab45ba39800afe32af9c, (Not found)
[Unnamed 131],,131,6764fb4e781ed19c9dc7499eb37d0577, (Not found),5deb3a239c50fc3efc913b519e7b2dac, (Not found)
[Unnamed 140],,140,ab9001be694782ec786ab6fa1492e2b1, (Not found),347bc59d7d55a72194a4feac4fc84148, (Not found)
[Unnamed 141],,141,37a444ce256c881e64b2902d3f6807fc, (Not found),12666ad2350e7b9408cfaf9bb4f57370, (Not found)
[Unnamed 150],,150,b23a005f8e262db4938d5db92504368d, (Not found),aea3df5de9fb107f2b2e105520cdb035, (Not found)
[Unnamed 151],,151,a25bcc158b5947e76470e9f9e29c03ad, (Not found),8967479b8fe0aab7cdca35fa46f5433d, (Not found)
[Unnamed 160],,160,6716a3d960e2ac39c2719540c5e26a04, (Not found),d32672029b9a0141ca4b75c3ad58078a, (Not found)
[Unnamed 161],,161,3386ef34e5967909b31bf61d19e48169, (Not found),bb8d24e656e302cd79236167043b2d3c, (Not found)
[Unnamed 170],,170,fb9fb6aa7af56f456ff5b2a5a63f41f3, (Not found),4f1bdab8116c9976f809b8476eb0e2bf, (Not found)
[Unnamed 171],,171,2eab17eb005aa69377591f77cf1c885b, (Not found),0561a28832b51916e5ef7d62c2ff1e20, (Not found)
[Unnamed 180],,180,745ec0c2984386bfe5607eb0d5f63546, (Not found),412eb60324b00d896825b2c3a6a4a9bc, (Not found)
[Unnamed 190],,190,25815634db76edf9152cbce254960560, (Not found),7d3509757fe207dd89858da302f5617b, (Not found)
[Unnamed 200],,200,d91c87b791df15da6c40b151b08dbf31, (Not found),c57dca2476d9b924d98a151649cfc84c, (Not found)
[Unnamed 210],,210,92c9c14bbfea3f495cf74198a99fc336, (Not found),3e854d564214fd39fcef45a39f509a24, (Not found)
[Unnamed 211],,211,a76dadd0ca661d2a59cc4b9c6b4e7053, (Not found),31ee3ac47f76b19ab8cefb06f128153e, (Not found)
[Unnamed 220],,220,dda12e2f176a18c9b106ca510065f62b, (Not found),ee8e5654d40e61717589de2bb2708f32, (Not found)
[Unnamed 221],,221,7864f42432e11004e4f2c38c1c9dd29b, (Not found),cfbae3dea60f58337e166d3915e1573b, (Not found)
[Unnamed 340],,340,aef66dbc123f891d1b7797d381ac5818, (Not found),8badd2c1b1110ea022bbba020f418371, (Not found)
[Unnamed 350],,350,6f3b01f6a274c80f4769a370466d99f6, (Not found),8e1289d61fd849648204438ed5beea4c, (Not found)
[Unnamed 360],,360,5c79c555cad5ddc5a651a6e2fcc4df73, (Not found),bed2fdbc65aad72ce24771098bdcf9d3, (Not found)
[Unnamed 361],,361,e5e70f4dceeed9acb91aaf7217d01684, (Not found),193534ab450861daf4f6989d04a096fa, (Not found)
[Unnamed 362],,362,fecc4a9fc2ed6940a46fd32827eeda18, (Not found),b7be2a6cc3e4c55f6331f1c7384e05b2, (Not found)
[Unnamed 370],,370,7c6822296a2e972260dacea2051c7bd7, (Not found),0b9c2a3271c5b83a1730062cce7a6cc9, (Not found)
[Unnamed 371],,371,c128f4cabb8fff6871867a307232618e, (Not found),bcffccc021b9b4929372d5a25bb8cf23, (Not found)
[Unnamed 380],,380,277f73b0f726da3933ef6fc42e001595, (Not found),156633efa0849f4d0b2528ade3d0cc95, (Not found)
[Unnamed 381],,381,b61c7eed554b5df8a154a5775d6c525c, (Not found),3fa90caa16cedb8dd9313ff2e94a3954, (Not found)
[Unnamed 390],,390,6a8aa23065aef7f9aaea59cdd43c8345, (Not found),6f5a060532096df4033e3c97e954b218, (Not found)
[Unnamed 391],,391,610c619bfe41a3b27d309e7e05e40895, (Not found),6c8cf18d12faa8c41de4306a052cf40d, (Not found)
[Unnamed 400],,400,031d53b15067a1b3bf1d7f5a9fb97aff, (Not found),83a4df2e565e02556a796e11710d6065, (Not found)
[Unnamed 401],,401,5d7b06e11d92dab49f022808675bd08e, (Not found),5a177ce6a14803f5a765617d03ee02ad, (Not found)
[Unnamed 410],,410,1f5aed464fcff5e3cc4caf9f0756b7ad, (Not found),a580ab5ad9f228423feabacbed553f20, (Not found)
[Unnamed 411],,411,a523e84eca1b995ccde06570177be4cb, (Not found),158682f2f59a4e49ab660b723c33cba5, (Not found)
[Unnamed 420],,420,520db1d8419b057febfd53b5082cbaf3, (Not found),e29864a43b5d7f65526906b91c88e8d7, (Not found)
[Unnamed 421],,421,44424e1dda2c54f98d1ed5ba1d0fc7e3, (Not found),8c9afaee2510969eb25cdb93ab97c3e7, (Not found)
[Unnamed 430],,430,e9731cd239d0c73b63165ef1a813c699, (Not found),7e90e13a5f39746835c70b022f52dce1, (Not found)
[Unnamed 431],,431,c8e825e52c62e1a5f581d2d856db795f, (Not found),1437ec0aa6371af9a7e977e35b19a8eb, (Not found)
[Unnamed 440],,440,a83737217761f29be7f572b7acf3ab77, (Not found),c48cb50b3280fe0d8f2a3b3fffb6f2dc, (Not found)
[Unnamed 441],,441,1ac4cc5562ceb80e1ba9675ff761a1a5, (Not found),9fdeaf437ffc0721b4c6c702bd0fdf64, (Not found)
[Unnamed 450],,450,afd566c981d421afe07af863ceada4f6, (Not found),4f29480f81d5647bcf32e4483bcb9140, (Not found)
[Unnamed 451],,451,60cb6fdc4c3e84e9aca63cc5fe0a955a, (Not found),81de532dd6b87142e3a68644e012ddad, (Not found)
[Unnamed 460],,460,c26a92321a467b2ee083f7aa2b4e61e5, (Not found),e2324018cc73d58fd4ff030e7447d073, (Not found)
[Unnamed 461],,461,118a4d7183060ec2a6c9c3f811cb250a, (Not found),ae524ab5d739bcc10bf2bafa28ff09f6, (Not found)
[Unnamed 470],,470,41402601869fb16a564c99621052c121, (Not found),8cdeb6cea85ee3668e5830623a97b728, (Not found)
[Unnamed 471],,471,a783ed82598fe3778a18883ab67ba7ba, (Not found),00d53d89b8edaf583c31725837f92f52, (Not found)
[Unnamed 480],,480,dd6a4cbd1e900c8448bb598cfd8adbbd, (Not found),0d1ab1f7d87348bcd65e635ee14be14e, (Not found)
[Unnamed 490],,490,0c5e1c5f13ada9ec58978cfdc2a6b8ae, (Not found),9abeb2674d6bf067982b9835ed152d4d, (Not found)
[Unnamed 500],,500,faea7ba963427c8e82d81b27650b4d38, (Not found),63bc3d840aef5b552f67b384abbafd99, (Not found)
[Unnamed 510],,510,208c959d387c854a8438ffe2a30479af, (Not found),a87c98905f66c789500af8019e03399b, (Not found)
[Unnamed 511],,511,f50213d4d297149c0a926fdbd63fd3ac, (Not found),a6465df4bb8172aca1a5e6a892569e5b, (Not found)
[Unnamed 512],,512,09433ccaebb7b91a4b8377949ba8e407, (Not found),cd86753010ce1e1041bb5828f1320edd, (Not found)
[Unnamed 520],,520,7249c37e311b572ea8d301b387174783, (Not found),23235163dc5bf47568fd9cfe3ce49f70, (Not found)
[Unnamed 521],,521,047467243649e09ce0f2718b0734f34e, (Not found),d24ed42244fb8b8251135618e28fd91b, (Not found)
[Unnamed 522],,522,b08b963e4e0f47f8cea36b6a098a8497, (Not found),b1dc3c8318de03ff25068fa662306f16, (Not found)
[Unnamed 530],,530,377ba5d1b314f44015b06103bbad41c9, (Not found),37debb51618a6d82f51804abd518ab1e, (Not found)
[Unnamed 531],,531,6e11bfd52554c5168463c74950ec3a73, (Not found),60830402483ca74066077cd1b6ef06e7, (Not found)
[Unnamed 532],,532,30f7b98333ee3833ca6185ffebdda3eb, (Not found),94d57511f8c162036c3464611fa79918, (Not found)
[Unnamed 540],,540,036de7d5df0ea1375f6329c601e56d9b, (Not found),5e43dbe3e386846c59c2b334f57154dd, (Not found)
[Unnamed 541],,541,e1d49efe6c000549b22ab24b1c21e1cb, (Not found),ce697e501467ca493ca13c2788149ee0, (Not found)
[Unnamed 542],,542,a2e637226756a588863ee4480a8133af, (Not found),c3ca24ebac66ac15f185229363cc5cae, (Not found)
[Unnamed 550],,550,16d85101bef0d97273b000c2eb60da8a, (Not found),8c53718649d854000957e0819d6ba6d9, (Not found)
[Unnamed 560],,560,0d49d389b8780d471f97925e8825f87c, (Not found),af2c3c75143adbc29bd0dc4efefcbd23, (Not found)
[Unnamed 570],,570,25cb0c0ec9a83710ed52772427045c6d, (Not found),c49139c65aa5e8c62d62dc85adc9fd23, (Not found)
[Unnamed 580],,580,1f22650b1ba0a2313ce51eb8528d0ca2, (Not found),fb961098b8b44b866df9da6fd44e20f7, (Not found)
[Unnamed 590],,590,5b2e9d1c093f90c5e830fb5dbf494103, (Not found),62495b86db795b566a680434ca28c7dd, (Not found)
[Unnamed 600],,600,aeb1794270f487d1db7d10751d5b22a9, (Not found),13ee6bf4c78e365849bd70f8857c7606, (Not found)
[Unnamed 610],,610,bae9724339c7dd72a96bd7710fce47cf, (Not found),80c5665e8540cf19754f2cf9ed80003d, (Not found)
[Unnamed 620],,620,4cdd5a2fa8307f80fc9377fe00632f95, (Not found),449309ecc3a5c8c90df677f5ad5a69bf, (Not found)
[Unnamed 630],,630,a726c53f3198cd5a7c6b43317234459a, (Not found),707a4b727f61b330838699f962ba9987, (Not found)
[Unnamed 640],,640,dae54c688453f61df26a548493306d7d, (Not found),c72e3aed88ea264ebfef6e6b9d741705, (Not found)
[Unnamed 641],,641,1099ab290ed09bada6d4072becb8bcfd, (Not found),fcc3a7e4dc8a5bfec85507dd6c2bb07c, (Not found)
[Unnamed 650],,650,64caa978b0389ce9c679cd56341ae75d, (Not found),0e6d5af6597a012c99fab65eb3f82591, (Not found)
[Unnamed 660],,660,c83724f5588a9ce86a48a5d6d6495af2, (Not found),0e8730c17dea0abb4d0f9a8f04e5e6a8, (Not found)
[Unnamed 670],,670,4b8b03e9a0e97238497fc0c72a305ded, (Not found),da3ce33293bfa5567e59ad1bf076a54f, (Not found)
[Unnamed 680],,680,2d7f52d2ffc31573e3f74fd77b25177a, (Not found),5e316526363254b897d933ee7d3eedc2, (Not found)
[Unnamed 690],,690,a5aa69cbf3cce7f7945b7e37351d06d6, (Not found),5bcd14a015015026b53362b16c4fb317, (Not found)
[Unnamed 691],,691,b84e03de66fc5a04285e06c11911e3be, (Not found),14b2531f2180320a420792dd21b27ae9, (Not found)
￥ドール系まつげ２　黒,,700,11c9de803074808e545f12645920a818, (Not found),016885bbf0c3ec8d4796cf4c4dfc7ab4, (Not found)
￥ドール系まつげ２　紺,,701,121da0192b3d3d4240a53c71c399f3d2, (Not found),43ad1f23d201e458ae55f43dfa896c5d, (Not found)
￥ドール系まつげ２　茶,,702,954f1b1046774f26b19310611eb4cc8c, (Not found),e5502739768a2ff5f8d99dcf6c72dccc, (Not found)
￥ドール系まつげ２　白,,703,273ffbc587b05b4d1d091ce0b1cacf0a, (Not found),a4a0c61aca867db51a061f633be29295, (Not found)
[Unnamed 710],,710,8bd4f843ca7a6d51c2363541d0304d26, (Not found),b7d4f69b59ee68f2127b11fbcc9a731e, (Not found)
[Unnamed 711],,711,44ea179c5fc946bef7c2f9dd98215492, (Not found),2b2099285606c24b2a8a67415af9d98d, (Not found)
[Unnamed 720],,720,b11395b593ee9ef8ea452f46006d071b, (Not found),2ebbd3c7ab97f8a8f829322cd7a822e3, (Not found)
[Unnamed 721],,721,0c756e57317727213f86b9e4e5d279e7, (Not found),4ca85a3d23f15b64650b3fb00d5704af, (Not found)
[Unnamed 730],,730,e1b77020844f0afbafa2722dd0ea325e, (Not found),f7784db593bfa66152553f1d1b5b7759, (Not found)
[Unnamed 731],,731,2f1e7740a24597be726b7109428644aa, (Not found),6a2ea81620cbc52af3eecac87485eb09, (Not found)
[Unnamed 740],,740,0f4da9a8a37091e902d3695f9f0876c1, (Not found),3b578d255bd009616c0f60422f0d21f0, (Not found)
[Unnamed 750],,750,6d15615c9715782244483e233323d46d, (Not found),3fdcc8f451748acc7d92d574f8e26af3, (Not found)
[Unnamed 760],,760,4d51e8089ae9fd21af698cfbec9f9f91, (Not found),b7d07f5517482c89e7501c37c5705a05, (Not found)
[Unnamed 770],,770,4b83173bbb1220ef528c9bf32ad39b36, (Not found),aec1902b6ac3565405ef6cb9319b7339, (Not found)
[Unnamed 780],,780,a1b0b3c2fbf3dbcc803a97dd6d74a310, (Not found),575a1301fb01ce53261d7456433c68ea, (Not found)
[Unnamed 790],,790,afe9f35f9ba468e8845c9a9c2a0eccca, (Not found),a5c623d2728fc08e3d3cc5d1a8925e02, (Not found)
[Unnamed 791],,791,36be775f0d2afd806c26c18f4ebc9593, (Not found),4ebf600c9251ec274a32d69173270b93, (Not found)
[Unnamed 792],,792,77f7859addb369000b5dffccc66f898b, (Not found),69ab7f92c433e98811a5b7a148ca340c, (Not found)
[Unnamed 800],,800,635fc5bfbf07f58b51b9130113d3017f, (Not found),b01791389b5dead5b37a79c3a057592d, (Not found)
[Unnamed 801],,801,d39eecba9f231f114fa1fde600f2fdba, (Not found),bb8cba12a5d555e4833e9a412ca11657, (Not found)
[Unnamed 802],,802,abd8d159909c7790e884bb5d46f919cf, (Not found),20b0e9e6cc4bede41ea7285d4db0a4a6, (Not found)
[Unnamed 810],,810,df7fc3728d6f1b104d0d940ab15b1c91, (Not found),c535ef3b24ee73a2d7c975cf395356a7, (Not found)
[Unnamed 811],,811,bfd3e9ad9f13959797a5e41bffa228a6, (Not found),af9e50ee8b35fce4be3afa09d5ef60da, (Not found)
[Unnamed 812],,812,b036f066328dd23acb7d7de4ebc6b9e4, (Not found),b5c8dd11fc0dac282faf3152dc7957b6, (Not found)
[Unnamed 820],,820,724142b84e67f97605374ce400a82315, (Not found),d3f6a72a756d3e3d7628c596ef3e9246, (Not found)
[Unnamed 821],,821,829980f41dfc55d7480fbbe91d0f0867, (Not found),691706e9f010de5c794b5eb654a675e6, (Not found)
[Unnamed 822],,822,627ab161ccd133a05cd9a85759071b70, (Not found),8f3879e4fd4856c2db573370704451a8, (Not found)
[Unnamed 830],,830,05694ab9666b4c5581ee43f2fe45ba59, (Not found),1b583de08eb74399b33f5350612f07ac, (Not found)
[Unnamed 840],,840,8950782ae56b4f965d5bdcbfeac7c6ec, (Not found),345f15e7b7f1098c03ae54893d88a0dd, (Not found)
[Unnamed 841],,841,432672518d477654ab20274443e2dff5, (Not found),6cdbc9a8833053482cbc9e6ba1c3a1f5, (Not found)
[Unnamed 842],,842,700a69f697b10b94cddb9c3eac8c128b, (Not found),a9b838abf362fd8d9eaa2e074d8d2ae6, (Not found)
[Unnamed 850],,850,27bc9800320a5402c61bbfc1a139bfaa, (Not found),2fef8a4e6a48703e5df4dfbbc1511d3e, (Not found)
[Unnamed 851],,851,cb91725ce064bdb84ee426a3da197782, (Not found),d5d44e2a3846f72c1dcedad899fe33a3, (Not found)
[Unnamed 852],,852,d0f9f3a54a8cf020fec471da3c5fc349, (Not found),facb52b950177fccd0564039b203179f, (Not found)
[Unnamed 860],,860,a7da503e7306d5ff996e1e98907edb66, (Not found),f4c584a64d6e9ec94b5effa752ff061e, (Not found)
[Unnamed 861],,861,4ddae639039c95aba81fee9e996441af, (Not found),d7c5d8b3ca4c334ebf878cb9f29948f0, (Not found)
[Unnamed 870],,870,e7b3783c2cbddd84771462c75ef7b235, (Not found),3b9d7f9893c11f3199da2841909f2556, (Not found)
[Unnamed 880],,880,f278c49e16b40b520a1d5d0cda50e1df, (Not found),0a8e024bc80a568849474dc6d6536ebf, (Not found)
[Unnamed 890],,890,d6cbb2831c0d6826487874011b87b82b, (Not found),79ce7fd35ea239acbc0769ee3c1560f6, (Not found)
[Unnamed 900],,900,3a0f0581d5f8d57a3ff3afea14556533, (Not found),9e93f0044608dea4e84139d8536cbcd0, (Not found)
[Unnamed 901],,901,bf508fe5c5bae235723c97d7bce9798a, (Not found),69d18f2ba43c385f19d8a2a535799946, (Not found)
[Unnamed 910],,910,944cb7de51195caaab9a01fae29a85a4, (Not found),6369070f4f929c4164a9b13f610fa545, (Not found)
[Unnamed 911],,911,750e54ad69b42452c17a5fd5cf142593, (Not found),3cb1d9e2398368523c330a9825626252, (Not found)
[Unnamed 912],,912,940f93074f36399a290123a82ea0b500, (Not found),97dcc3749a0e55b64af20be508a63743, (Not found)
[Unnamed 920],,920,03771f96856c31dd83763ac4835ee177, (Not found),640955b585b61a4a810abb59db0c718d, (Not found)
[Unnamed 921],,921,3537ced194fdd411943b0e7b3e631e4b, (Not found),4c40e4a6224ccecf06a08314f4f853f1, (Not found)
[Unnamed 922],,922,883fec6a9fab477623e1b289f40863ae, (Not found),30950825a14eb4529de7c4d821296dc6, (Not found)
[Unnamed 930],,930,67c92a76ac08268a17f7c81a5930f22b, (Not found),f0f5fe6c243947071e1a37418d93dfef, (Not found)
[Unnamed 940],,940,edd7c637ac7788aa65081302d5138f78, (Not found),688fc838967402a4d3cc2477f298c6c5, (Not found)
[Unnamed 950],,950,456a235b89420e27619ad57599584a90, (Not found),0f42d4c51eeeeb92481b9f19322fbb93, (Not found)
[Unnamed 951],,951,2a6293de194dc7be8df20188d0288ef3, (Not found),d8f645ed4cd397543e793c60d059ba9c, (Not found)
[Unnamed 952],,952,195fbf86000ea1e7671522fffe302057, (Not found),7352252e3cb1bad4dfc6e30b471fea98, (Not found)
[Unnamed 960],,960,707136c093c79fbc93b3bd5f2616a02a, (Not found),f7adb6f74ca7a4d02423b10e4d674e0d, (Not found)
[Unnamed 961],,961,d463cd0c4a65d707a7e4f29ce9c31e29, (Not found),b05e65ed595ab5e505d07ebd9b09dcc0, (Not found)
[Unnamed 962],,962,af9e63876e3043e556ed500fa732b722, (Not found),13469cbc1eb3f174cfaf7b7680657265, (Not found)
[Unnamed 970],,970,05f21c4109d834e91c724ff5a618f63f, (Not found),cdd9ace723c3919777c9dae097e36f97, (Not found)
[Unnamed 971],,971,018f3fe6665ef447e6f4cde40ec20c79, (Not found),d187129431f3a7769f52760e8f65662c, (Not found)
[Unnamed 980],,980,2f039dac785fd4387293519a1c21d33e, (Not found),89b337366dce03238a01b91518bdf9c9, (Not found)
[Unnamed 990],,990,74d9a7e71f37d0341acc249ca2d686f0, (Not found),6cbf5c26e34d2a5f404c92128c7c909d, (Not found)
[Unnamed 991],,991,364799c786aec2fa5410fb9f9e5741cc, (Not found),85fd80763b1ee404c1558f0aba5c73da, (Not found)
[Unnamed 992],,992,3f38f7cdb8d924af8a3108d65aa734b1, (Not found),83f2f29a9ff5add6deaccee3e9e488be, (Not found)
[Unnamed 1000],,1000,f3e29d0614fec1c3a20234ace24fe17d, (Not found),3bc4820796a1f8a56b05c1b4f1def28e, (Not found)
[Unnamed 1001],,1001,a3f6a0b861b5fa1b67af0a679b2632a3, (Not found),ab4906b309f110f41c69f88be7314b1f, (Not found)
[Unnamed 1002],,1002,4f769e68383060bfe00a4e8c71504cc4, (Not found),cb375735648c455cf6ab788f3c0f1f65, (Not found)
[Unnamed 1010],,1010,fcf65c2a878785de7769a6f0ee9734b3, (Not found),affea9698718732f2bcef04502eacff0, (Not found)
[Unnamed 1011],,1011,0e3fbe8a9edaace93ea696c1c64354c6, (Not found),2d2d85f2ee719c4228159606053e9ce4, (Not found)
[Unnamed 1012],,1012,7d22b19a3df177e76b627ae4549872df, (Not found),253bd24e046e61daeda9fe1a2981f555, (Not found)
[Unnamed 1020],,1020,2b558f4ce6096f8f40a540e34993594b, (Not found),8ea7ee490fd9fc983e89054284435cf3, (Not found)
[Unnamed 1021],,1021,e40b3e4387b42c534e723519f7e67867, (Not found),b5a4c93c715e5d1d4feda62a1679c2bd, (Not found)
[Unnamed 1030],,1030,4962686036edb7f2df05caef263e8532, (Not found),f1ee382e96566addeedbabdbdf68398f, (Not found)
[Unnamed 1031],,1031,5769094cabdd595be7c7f8969291372c, (Not found),1df8a19266344135c8dd14a9f4545d82, (Not found)
[Unnamed 1032],,1032,f6a4ea0e7d0aac459d7c3ddc55050185, (Not found),3ef1f8edfa11dc88886cca67eadca1d5, (Not found)
[Unnamed 1040],,1040,49c0540fc7670e9e1cbc049224ac759e, (Not found),d43de3b1f76df5c9c3ce46a3f93c5673, (Not found)
[Unnamed 1041],,1041,e75b7ff2f5bb46576640e2ab5a5afa7f, (Not found),6b6a6ac8bf4961dc6ec66f668c46593f, (Not found)
[Unnamed 1042],,1042,bebeefcba6ab76d114f4e43397cf9563, (Not found),5e673a7b671657a770925e8aa1ec3597, (Not found)
[Unnamed 1050],,1050,84cd3ebdd60474ad4f4a73e2b719db7c, (Not found),b4b3f85eda930c35fa373e460a9d0b66, (Not found)
[Unnamed 1051],,1051,3696616fe7058dd0e02a9991dea34035, (Not found),1a860cd7b013c56cccb003b6e506899a, (Not found)
[Unnamed 1052],,1052,a49465d29667edda660ea166b18b6d75, (Not found),f02b4adaca772e78a6a0509d8b3b0b20, (Not found)
[Unnamed 1053],,1053,282e5f79a560a13260a1c86f50e49f1b, (Not found),a31de4d9f8ac1a7278f9b746bfbde7f5, (Not found)
[Unnamed 1054],,1054,077c8142bd2a12690dc3d43d348c8b5c, (Not found),9ca32811ac9e4adf1fa8af3f6c880656, (Not found)
[Unnamed 1055],,1055,ec0713da6ec16ccc8ed038e72d5ba82c, (Not found),9bed838f415e358a545c18579fe07032, (Not found)
[Unnamed 1056],,1056,a3c67051dc5414cf6328288df5901644, (Not found),e788afae6844607f6ebf32f80ae3b094, (Not found)
[Unnamed 1057],,1057,f6d7ee3226f36d156047dd34d02f96fb, (Not found),3d379610b37c0f93c692a159220c5a72, (Not found)
[Unnamed 1058],,1058,052b04c442421d85f653cc993e7c2811, (Not found),a656fad11ce799b07fcb58c1d49d5e3e, (Not found)
[Unnamed 1059],,1059,387d319a76e1a92f3a7f7920687c24c5, (Not found),fc67fb5728cc5f2775e9566274e9b63b, (Not found)
[Unnamed 1060],,1060,c14d3e6d5af16bcc916c10e51708db4d, (Not found),02977e4fd9f59ec1ce3a9cc8ebc1b6e1, (Not found)
[Unnamed 1070],,1070,ea21dc5015ff32dc68d2992eebbe6895, (Not found),3771309f1a5be14392ba6c34bc6d41a2, (Not found)
[Unnamed 1071],,1071,ae736a43dd7fbe89b2c99ae6bf961083, (Not found),323880e8e27f60a74ae3208fedbaf7e4, (Not found)
[Unnamed 1072],,1072,0b3a16f2815049b44250dd07de25be1f, (Not found),0ac30bf5090af5ca33df7462452ac05d, (Not found)
[Unnamed 1080],,1080,4fbde3530ec50ee7dde0319e336ab2d7, (Not found),8e0c182418f58d463519086622e1323c, (Not found)
[Unnamed 1090],,1090,6a84fe982014b3836f3f071048666882, (Not found),2d7fca31258fa9e0993351ee4896fb84, (Not found)
[Unnamed 1100],,1100,522ccc116dc8a0df633dd48d616cfc00, (Not found),beefd3eed49721a5787c73a9c037f9ca, (Not found)
[Unnamed 1110],,1110,e545e5fea5960dfeb34e1c9d44bfc441, (Not found),4b1b073948b9bdc5b30c159232373fb7, (Not found)
[Unnamed 1111],,1111,72937200afee6bd48e2bb6e4296c27b6, (Not found),fba52529cd3783ce5ad4ab3cc59eb088, (Not found)
[Unnamed 1120],,1120,eb96734c90634907906eb98fa0e78201, (Not found),757e64fc3e1f06184382d3a8657fde04, (Not found)
[Unnamed 1130],,1130,89f3f0d05a45348911f3115ff58d46e9, (Not found),b4abdbd1a94e42257bb031c9e1241ab8, (Not found)
[Unnamed 1140],,1140,e11b2623c9cbe9f37c7a19ed7d7b8566, (Not found),5b02da7df0cdd2533720e981c196af85, (Not found)
[Unnamed 1150],,1150,29c30bded5d29a8db37c151ccb77382f, (Not found),b1a1e22c94286fbe4af5cf66b562d10e, (Not found)
[Unnamed 1151],,1151,eda953841d25ecd35925487624642540, (Not found),99a6fa8e481d0e659c17f7d33c03b577, (Not found)
[Unnamed 1152],,1152,d5aa71998c0e1e9e9c7d924e3e3cb5a5, (Not found),77ceb5d6480238c745997692e1c435a4, (Not found)
[Unnamed 1160],,1160,5d8b3b7259ced4a95f01e1e6d4e96f88, (Not found),c33124b9c92f1537d5b0f3a111e6061e, (Not found)
[Unnamed 1170],,1170,238823673a7d19072a1f4bb40fc81bba, (Not found),de57ef317d26330fae1f0fda76622629, (Not found)
[Unnamed 1180],,1180,8151252d75df47f81ee9d3651d516056, (Not found),38143b6cc2f8cf994d7c92ed79e84f5b, (Not found)
[Unnamed 1190],,1190,840f9fb535e57c18e0da8b09c5aa311b, (Not found),ebbce62e87dfb4ab18a41430bcb6d683, (Not found)
[Unnamed 1191],,1191,d4e0b87e8a84786cab0e8ae2e846cbdc, (Not found),c4157a0a53a10a44f7767d7afb5c0623, (Not found)
[Unnamed 1192],,1192,a363346c6400302c2668b75b3e39ed5d, (Not found),4355a32825d06587b7e80d01cc1b9990, (Not found)
[Unnamed 1193],,1193,628dfb1ccba24f3a66d35bb0f67f46fb, (Not found),8d8fa5976fa5a9fdabe2516efa396071, (Not found)
[Unnamed 1194],,1194,44b59907250d4f6843132a07cd22b0d1, (Not found),c0cbc0f8c3965f9cc036a3149ebc2184, (Not found)
[Unnamed 1195],,1195,852b76d9a226bba1770864352ed77224, (Not found),fa8c6651a197f57cb3dc025b83e829d2, (Not found)
[Unnamed 1196],,1196,ee54ff7be78a631f5332dee1e177ef26, (Not found),bbe2eed9a8fb2ca58f0a5727c8d9cd91, (Not found)
[Unnamed 1197],,1197,772b5f2f09ad9df74b4a559798566194, (Not found),05365bb71b536cac8b1978443eb3be94, (Not found)
[Unnamed 1198],,1198,b127711c6e405be03247b461071a7fd4, (Not found),4719aa1f4ce637c788d4070b4cc14e10, (Not found)
[Unnamed 1200],,1200,f358c43250dcd1a6ae9c7cd23e9c7b84, (Not found),8a4de84bc0b33e4fdbe6e840e90360b3, (Not found)
[Unnamed 1210],,1210,e281befd870f0da5fa3295721d923641, (Not found),9c10957a4b6c741e55e2597bb72709c9, (Not found)
[Unnamed 1220],,1220,ee9c3ea66156678e02c7bb99308afd72, (Not found),570e1114e4d82b701a319b097b7d5414, (Not found)
[Unnamed 1221],,1221,74b7e6800d868878e8ccb4bb008ac9d5, (Not found),1fa63ea7eb6abbb6cb5e6d8acc5872dd, (Not found)
[Unnamed 1222],,1222,7ce51c146de0cfecc712a909443e21f5, (Not found),fa8992c1a57d9d9c1a43df741e7b98d1, (Not found)
[Unnamed 1230],,1230,a6f09a53dd83830555e63f4d6c7c8762, (Not found),494da17a566e9b9e79aa950e4da05b8c, (Not found)
[Unnamed 1231],,1231,8884716d950ec3c6817885857681b5ff, (Not found),76560976afb3faa67548c04fc4d05af6, (Not found)
[Unnamed 1232],,1232,ecb84a4be7d5d09e46f25e3325a89e46, (Not found),34908a93c2f8bf49ebb6190575820517, (Not found)
[Unnamed 1240],,1240,12e467c651244196b2519188e6e174ce, (Not found),8ef6a6a6a5e3726787e867ae12578f3c, (Not found)
[Unnamed 1250],,1250,539304d49c9626b7c95cca52f5ce51a7, (Not found),340282ea00469efdde0128476f96ba4e, (Not found)
[Unnamed 1251],,1251,81eb084fb3e05686891d3776841a8345, (Not found),9fbc222b83d5449b200ebb52f4f4db0c, (Not found)
[Unnamed 1252],,1252,97c103334f189e9e7abbfa80d46b899c, (Not found),ac68354c293018ff8100b7f78ca65759, (Not found)
[Unnamed 1260],,1260,6d1745881daed46a7059491da96ef819, (Not found),69b5d812d6995e2ca616513bee18f4f4, (Not found)
[Unnamed 1270],,1270,bbf48a64847d4d2e56fce34c1d696821, (Not found),7570feae2120b92e7bfbecea86c11d10, (Not found)
[Unnamed 1271],,1271,9ceb086a72eb11a81fcc7be1fdafe752, (Not found),d67215acf587bf5b2f72898dc419d6e4, (Not found)
[Unnamed 1280],,1280,ad1813cde1ad66a5c7f42abd6f7ce970, (Not found),a9c224ba8ce022c3050f632bfe4d3cd2, (Not found)
[Unnamed 1290],,1290,2da09321a20941af5c2a1098bcdd567f, (Not found),96ed595d93a8f7080d0900520444428e, (Not found)
[Unnamed 1300],,1300,63c7e979a27f01fd760e323766de0310, (Not found),42f6e671c934312671906267420d6267, (Not found)
[Unnamed 1301],,1301,eb3d4c48cb4a0c0d5b74154e3e156d14, (Not found),3e536e47d397371c09ccba66d661a5d4, (Not found)
[Unnamed 1310],,1310,05f208c66fec6aeeffa9975c8e056272, (Not found),a096d12761b293dcb29e217129342c62, (Not found)
[Unnamed 1320],,1320,0fb10f8e87e9fa74750fa76feb0a02f6, (Not found),22ee98850254d996876877eb077d17e7, (Not found)
[Unnamed 1330],,1330,996d3d8d1ac961472f8e21916f01bcbb, (Not found),5588ec321625d7922e508ba840bf3d22, (Not found)
[Unnamed 1340],,1340,39e98041140c49c40f021b6c130bfca0, (Not found),b6112201baf225fbe0605c16196a6494, (Not found)
[Unnamed 1350],,1350,1cd50e7c72068a0dc99124086ffd921d, (Not found),297b17997000b7a5c763bf05351f9776, (Not found)
[Unnamed 1360],,1360,e78a5f01f90f8750367a3ea08b312a63, (Not found),ca71913204d9bc8311c6e7abcfa3f8dd, (Not found)
[Unnamed 1369],,1369,c2f5049e239ada9d7b84c3aac2b843b7, (Not found),2ae9d57411990cf385db5fa6967ed3b5, (Not found)
[Unnamed 1370],,1370,c1d19422f67d88e5daac089bee84e508, (Not found),9538af20240cdf8d70d0354a50f1ce5c, (Not found)
[Unnamed 1380],,1380,a8b92d7b31f8f12eb8731317b89d59d1, (Not found),0e743d8453646aacbc2b6a4d9012ab1a, (Not found)
[Unnamed 1390],,1390,58b4bb09b462c3c8a059272e68a8b72f, (Not found),a0eafabf8a925cf3c2be58317b9bdad1, (Not found)
[Unnamed 1400],,1400,9b9d9d6a92c8a3c1d4d86a7041675d01, (Not found),75f68913e49372abc9cee111fa07c2f4, (Not found)
[Unnamed 1410],,1410,abd6013d8dcea76a1d00049d6f18b688, (Not found),69a184b0cfd75c7153d16eae4283dbaf, (Not found)
[Unnamed 1420],,1420,2de79fba719f4d619a4197ac1e8bf84c, (Not found),9a0ffb9b3e661b0d4ccf2a8a7a21460f, (Not found)
[Unnamed 1430],,1430,9c237ecbd211d9283963423dc2cabc9e, (Not found),1f668e450233b9bcec2d06323e8e10e3, (Not found)
[Unnamed 1440],,1440,489f5914f4a475ce8839c0301b938242, (Not found),978276f04e2da62fcad08b1948066eea, (Not found)
[Unnamed 1450],,1450,edd5cb4f5f259882b4507c53dcf791cb, (Not found),e6b854969c2f2428eb14b0203bfe1129, (Not found)
[Unnamed 1460],,1460,f5d4ba263d185e171ee4dcbbd35177bc, (Not found),384373b63e8b107ae19da3ed85eb1d5f, (Not found)
[Unnamed 1470],,1470,4c6e61f3a4f80e46b98c235b7e42895f, (Not found),cb0a1dc82623ee5fd8f475f8fa901c85, (Not found)
[Unnamed 1479],,1479,cf294a6ed264526286708db097021f37, (Not found),c5a4bcc7b75170a4b2f866d9708cb1a8, (Not found)
[Unnamed 1480],,1480,8f7c804b12060a70547443bb1f83e690, (Not found),13478c67ec3342ca44b0f41b3fd250a8, (Not found)
[Unnamed 1489],,1489,4a6e8a74063a73bb0db73d1fcae85b1f, (Not found),24a8c0ec77b53e6e4aaadc25023304eb, (Not found)
[Unnamed 1490],,1490,6aa0d3f1009cf5ae32361bc2aa1bdca5, (Not found),bbcaf9addeadd579cfe3b685ba770fc5, (Not found)
[Unnamed 1500],,1500,d55fe5458cb8ba9f3dc2547998bf1582, (Not found),15537cd06b6635c0e619efbdb158e5fd, (Not found)
[Unnamed 1510],,1510,4b2969f03e968ad400e9206259f486da, (Not found),c0e25a5279450f18e7fc28a191cf820a, (Not found)
[Unnamed 1520],,1520,e2b49e619bbc9eac47e33945efecef13, (Not found),99219658b49f4bdd60922777c6bff459, (Not found)
[Unnamed 1521],,1521,6ab021c339ca080cc8860fe856559c8f, (Not found),0f5cb5a0f2728686e03c545a6507bd72, (Not found)
[Unnamed 1522],,1522,c59db2bd0e01b58527bd7ef1baf6b180, (Not found),1fe93cf5d00ac3b6ec6d20fba6e8aeb8, (Not found)
[Unnamed 1529],,1529,f56a9bc5d1772ed8f282ea4170da1bc2, (Not found),e301234d36d03b2f6634ab4af13bbc96, (Not found)
[Unnamed 1530],,1530,bf64d8df56d3f95ab5a1c8d36b8fbf9e, (Not found),fe524e1183617bf118d1665a167d5e8e, (Not found)
[Unnamed 1540],,1540,dc8fbf3d1fafc0f6b1596ea8d6bc57ee, (Not found),2355b1cb516d47c940c9efcc08681b2c, (Not found)
[Unnamed 1549],,1549,7e6c965f48ecea3c7a8a8b20e82d25a4, (Not found),2a39e6877ac16cb3083273f86d4b84c5, (Not found)
[Unnamed 1550],,1550,a87c5e8412056c32d056fee10aa2cb18, (Not found),326b2facf6b620fc75b7101cbfedf466, (Not found)
[Unnamed 1559],,1559,bc09ca504b3725e8bccda09f6143afd8, (Not found),63adfd760aa2562c4652e14641ebd222, (Not found)
[Unnamed 1560],,1560,c0273d0c0e459d0321bc38710e71613f, (Not found),6238dd4f713beedc55652c53375ae9af, (Not found)
[Unnamed 1569],,1569,7d601f1c617788613cbf495e5c564cd2, (Not found),ce3606fc0bf9207d7af7236863fa03cc, (Not found)
[Unnamed 1570],,1570,d3bb6a40baaa143541c354283d74b3d5, (Not found),72fd1fd70fe4d153887bbb66ebb17c18, (Not found)
[Unnamed 1580],,1580,f570fd1f622c99852dd37ada44102dfb, (Not found),af85ff3a80f8fe19b565fb0e046bbdea, (Not found)
[Unnamed 1589],,1589,5380bfc0ba4c0edfb9059c378cc33194, (Not found),55bb343e288edbdda6c9e25635eb976a, (Not found)
[Unnamed 1590],,1590,ea98f5a2039fd1056ec64de278d83be4, (Not found),1af947106a7419aaaeae1de1d20c6cdd, (Not found)
[Unnamed 1599],,1599,8901381194855067aceb93d55ad377ba, (Not found),f34453a7f11eb9dc6a3b7f29cef62563, (Not found)
[Unnamed 1600],,1600,163104f5ed619be428c5c1d7910f6fd4, (Not found),9fb8314fa4fc9633784a092d3d40ea29, (Not found)
[Unnamed 1609],,1609,bb6f1e5baed8e69c5e3ef9873b4a6c19, (Not found),bf134e4f8196357a7d5009c0af3d69c9, (Not found)
[Unnamed 1610],,1610,6663f8434dba359c552d2e274b4b1318, (Not found),2c780a7e596383176d0c04ee10b62a44, (Not found)
[Unnamed 1619],,1619,f9b1c7b92d92b06b1616cc5311f83210, (Not found),060958bd9aef03deadfa6da96c4ee269, (Not found)
[Unnamed 1620],,1620,472ec6fbf09bf4a12cabd2ea5b0c7a4f, (Not found),66938d67000246ccd13a3a58e5eecd34, (Not found)
[Unnamed 1630],,1630,58b266c99711771f51a93eaafcc8bce0, (Not found),be01e84667ac8456879f3edc60eb6a30, (Not found)
[Unnamed 1640],,1640,714f873b2dd3e9b0e32b8045bcf1dd6a, (Not found),3f38e030b9b8552ab082485d97f01d4f, (Not found)
[Unnamed 1641],,1641,213dbebc0942f85950752490cddb42a7, (Not found),c4753d15315efec14f5102ec65242292, (Not found)
[Unnamed 1642],,1642,c9b168843c2035223d6b8e50c68aec5f, (Not found),96e91d4316ad90fc1f3441bbf0bc4719, (Not found)
[Unnamed 1650],,1650,a7414ceaa908265002a6dbcb39d7c5bc, (Not found),c6289c89bc21405b985bc52404f09fd6, (Not found)
[Unnamed 1651],,1651,7126976288ca2d020dfc7fac89234ae4, (Not found),88fd7810d8fa3aad20aa3060f60306cf, (Not found)
[Unnamed 1652],,1652,1acb38d6d3ff0b7c74885544449ac502, (Not found),d1981ddc6dab71ebf818d5ed2d264576, (Not found)
[Unnamed 1660],,1660,b50fa74cada023b4960960ae732483bf, (Not found),7fa8846032ab53420b4776aefdbdb5a0, (Not found)
[Unnamed 1670],,1670,6205b1a3aba3e66bbae44e01d86eface, (Not found),a63f87c1d180d60a82fe2d4b8c55b11b, (Not found)
[Unnamed 1680],,1680,b1b8cb15fd2532e8a0dd0c283250ef81, (Not found),59ce8b98e6383039ba58689bb2897f91, (Not found)
[Unnamed 1681],,1681,b55eaf58769577bc25ccee133358551d, (Not found),6cefade89fe1dd8d00d766e4dfed5ba8, (Not found)
[Unnamed 1682],,1682,82bbcca1af45ea78665251249512c53a, (Not found),b74d5025bfab8feabdb29e8b0d740a8a, (Not found)
[Unnamed 1690],,1690,d0fb1b721ea6b8e64d23d1fc23e59ac9, (Not found),de41fda2af3e344d8a340edef008cb6a, (Not found)
[Unnamed 1691],,1691,2f80cb9eafa54a2ec5de40a08973d02e, (Not found),fee1f9f415b3c531fb64d6800009339c, (Not found)
[Unnamed 1692],,1692,a794011dc69564f84b4679207f6aba1c, (Not found),4db3a29f2eb0d16fc499320005e49af9, (Not found)
[Unnamed 1700],,1700,e3578a875a01abd06a89121d2ab6612d, (Not found),127b240a2edc5cb419ec148672c17934, (Not found)
[Unnamed 1701],,1701,073ef70c6580ed8c58aca24df7150e76, (Not found),f93fcdd88551c3a9b48b09d0d9aa920e, (Not found)
[Unnamed 1702],,1702,8d4f2fa611a178d1f8c19da514231f0d, (Not found),4dd4b4d62b6554841e1c0c4296eb0c97, (Not found)
[Unnamed 1710],,1710,7cdd0f7f68ef97e1bc4299b8aa3fabb4, (Not found),345c36f7416d10cea060920bf0d6433c, (Not found)
[Unnamed 1711],,1711,218bc03725eb4708db523e56a11da3ba, (Not found),505d1eed7749e86a1832b59012a28a41, (Not found)
[Unnamed 1712],,1712,c1641276041c47474e35b64cc3cbd0e2, (Not found),8579e55d553a08c3157c9e9349cb7a0b, (Not found)
[Unnamed 1720],,1720,97a45bf15309d9a6807673bd1470c474, (Not found),0c9803f23fd3554da146c14834d6ea7d, (Not found)
[Unnamed 1721],,1721,eed5a254c6589405b2f6c2c9b5bea59c, (Not found),b1cfc2eb600a6d177ea7a4c4a5db6476, (Not found)
[Unnamed 1722],,1722,6a038e27a7146eecdefd3f98be1b7acf, (Not found),9547fab12309c18b1a94f57571a63b83, (Not found)
[Unnamed 1729],,1729,e8f542ef253a2e89419a86ae70e228c4, (Not found),738d462d6cf43e8fc57be95f27e606e7, (Not found)
[Unnamed 1730],,1730,24eadf167cc0e2da4a73a0f1a780f9cf, (Not found),1db1c922564014992fda586a0a8a0480, (Not found)
[Unnamed 1739],,1739,879b5d49b7ac31a60cfa52b6c749b555, (Not found),b34df187c50488542ca1e76acd6726f9, (Not found)
[Unnamed 1740],,1740,0be45b585d2e4554524dd44f9471cbaf, (Not found),daa3e6b043ad916ed6ba63cd8ff7cf80, (Not found)
[Unnamed 1750],,1750,cecb2e8c6881eca3b4790ed06601426e, (Not found),d5bb6767eff13b469dfad4ed7f23537d, (Not found)
[Unnamed 1760],,1760,ee2e6e47db3850c76d8ec82818cc5c10, (Not found),4df6a4a678db24388579f46b2c58d5cf, (Not found)
[Unnamed 1761],,1761,4602fa05bf52432040ec51be33bae0ec, (Not found),9e700809a12af7a25a3b4db6de98df80, (Not found)
[Unnamed 1762],,1762,39da50f7a110fc6cb3522685ef30c694, (Not found),4c14221e0d3d7549cbb6e71c22a89ff5, (Not found)
[Unnamed 1770],,1770,1ab696dc35088355b418baa0438570d7, (Not found),87d1a9484c261bd345fa76ec4d34606c, (Not found)
[Unnamed 1771],,1771,5a0701c2395d7281a6b66d3f6afa4f18, (Not found),5ff673d2dbca0efe0939b74d67265a46, (Not found)
[Unnamed 1772],,1772,4a816f04eecd0c2538762f597e2b1799, (Not found),5dd5f4e700271cded44ba5a921ebbdea, (Not found)
[Unnamed 1780],,1780,5f7c2f52612224d1f2e779cd52702319, (Not found),4e990e7515e2fc52858b91bbe3d443e5, (Not found)
[Unnamed 1781],,1781,4023e541e5ac50eb73becb53f399c20b, (Not found),250c267cd84d5a074ade0114d70bf859, (Not found)
[Unnamed 1782],,1782,eed90ac7546f383b3f32ad653f88bb48, (Not found),bd4edd2a643dc806c77b8569eda0977d, (Not found)
[Unnamed 1790],,1790,c12afe904fd5c0ac4001bb39315cee32, (Not found),4412d52bc9507fc6631c3df8e57685b9, (Not found)
[Unnamed 1800],,1800,ed8e47a40ff54eee5d1758b6e5901ea4, (Not found),457a369927925595c4f6948548a86224, (Not found)
[Unnamed 1810],,1810,6cdf00a9d5adc2aa09d6f05dd96fc391, (Not found),e8b36dcab7ffd55ea3266ff4b1cbb0f0, (Not found)
[Unnamed 1811],,1811,de2704471b591b7b57f2944dd040ca1e, (Not found),6bf4587b19b03f8824e16aaa3516564b, (Not found)
[Unnamed 1812],,1812,28bd3bf3b4b3ef00cc4ef679f7bb9582, (Not found),6d235a683789b29ed478f8cc448a6e77, (Not found)
[Unnamed 1820],,1820,c750f6020932255358e32ffe0b886b54, (Not found),03af6f08b22a1a1cd4381b561059e1f4, (Not found)
[Unnamed 1829],,1829,dfec24254e485046271a4df050ca98b7, (Not found),e9feda17366c852ee5fd15a05c0adf99, (Not found)
[Unnamed 1830],,1830,826b6fe50c9192f64f7415eb9c1ccf4a, (Not found),494356fe99db41658bf86c18b647d172, (Not found)
[Unnamed 1839],,1839,fc899bd30acb2cd6726c454258adeda2, (Not found),721984527f1b5454ee77f2a508160804, (Not found)
[Unnamed 1840],,1840,23e4c402030d1b8816c88765454ad6fa, (Not found),c0c6ad9bd66fbbd32c738d219d84f484, (Not found)
[Unnamed 1849],,1849,05ec2bc20bbac6dcc76e6ac0bac8cf35, (Not found),cb8601cb54dbe9da2daf47c78aa9020c, (Not found)
[Unnamed 1850],,1850,7165aa53a2d23ed2780a95eec3367183, (Not found),cc4790bc2622b575050569977ff90714, (Not found)
[Unnamed 1860],,1860,1e318b44c40f76b26c2f64b80d1470db, (Not found),a0680c06232ff013c8eed3893863582e, (Not found)
[Unnamed 1870],,1870,60a27b97eb8b1b0cfa9498a4a9d12364, (Not found),9f706cf86ed54fdc63a2a7deba4df491, (Not found)
[Unnamed 1880],,1880,b2b55f3d6dc98149f9f1c86c10c23b46, (Not found),a498a48b4b1d2c61ff81d0b1c9b47471, (Not found)
[Unnamed 1890],,1890,365f321a40c20e2ec02e98a3cc71bffa, (Not found),5f426b142b2a118d4ef0840d34b0df61, (Not found)
[Unnamed 1900],,1900,5031b58668d6f35a3fcd204d8e3bf5aa, (Not found),b201231778bde6db08633ca697c3cb95, (Not found)
[Unnamed 1901],,1901,16394da4cfff38f2660ac7079278ff73, (Not found),fd156e9d9e4a29f4bb1b7a08250b8c54, (Not found)
[Unnamed 1902],,1902,e96cc7be95c88fe64294c7b04ec641e9, (Not found),dffe51b9e552556b2b1f903acf125157, (Not found)
[Unnamed 1910],,1910,5bca8916366e4858839585274addcb45, (Not found),62d67f6e72a2b056a01bd495b871cfd3, (Not found)
[Unnamed 1920],,1920,bae5db099084dada3818a8a67ecb3654, (Not found),ae80c99e74abe292c70f651284f0be91, (Not found)
[Unnamed 1930],,1930,6874eb1e35ad78fb5a8ee38f36debf3b, (Not found),38c0d8ed0aa6398e60f3a3261ce0ef28, (Not found)
[Unnamed 1931],,1931,8e5ee16b4fb6e2e35e8f9b113ce08ff2, (Not found),201595165e3c0afeb36dab960c72c09a, (Not found)
[Unnamed 1932],,1932,ba88a5063ee8667d0c8bd6f7fdcfdb67, (Not found),a04f6f26db26bf1f864b16017b4165fe, (Not found)
[Unnamed 1939],,1939,972bc75e5b2a405a8c08e0f28f46635c, (Not found),f9477a59ee717f0001b082751c84a7d1, (Not found)
[Unnamed 1940],,1940,283ce6d0e54eaa06c72d3371ae1ad4d0, (Not found),58cb996f81ae610775df6b06a1d04574, (Not found)
[Unnamed 1950],,1950,6ca0d4e8527c6e7f4c19ef151660f17f, (Not found),14a17f116c71a430c8362658931fd76b, (Not found)
[Unnamed 1960],,1960,5c327b62fa3ab3b6f56fb11ae48f7f01, (Not found),b3e4c858adc1fa3afc109658efeae011, (Not found)
[Unnamed 1961],,1961,104af914f5825e16177df15b4b91f959, (Not found),e3b5b97a0fcd48d009a37483961ceddc, (Not found)
[Unnamed 1962],,1962,536d30246399def204d689abc0ee1063, (Not found),8d2007a9fbd83bc2eb28b0bf57ae9065, (Not found)
[Unnamed 1969],,1969,d1aa3a6cc3da0188bd55145ef23c0bda, (Not found),738d3e3088a7f0cd952c11cbbf0fe7cc, (Not found)
[Unnamed 1970],,1970,93f02a8b10736eac7fdbb74e667bd360, (Not found),7d19ee01ac50a85d12a0c3b29a4a8989, (Not found)
[Unnamed 1971],,1971,8bb914fb08c80b81fed3c1602375b79c, (Not found),fa20b5edfcd060daa7c73a6a2cda05d4, (Not found)
[Unnamed 1972],,1972,affcef04a4fb2c49605d1b27fa81bc6c, (Not found),571623f4f06e2ea3bf9c82e937b585fd, (Not found)
[Unnamed 1980],,1980,4789388e35ab64d931ff13493c7d6c8e, (Not found),93dfb3d9603ee03ef14499b501630d86, (Not found)
[Unnamed 1981],,1981,b43cb4a6052e75c867fa89440aafada9, (Not found),06bd92fad56603034ff6301c5618c1cf, (Not found)
[Unnamed 1982],,1982,0cfe31d9c26ec52c0630cade74f55ba5, (Not found),76b8f9ce29a0d9bb1ada8d2f6643d8b1, (Not found)
[Unnamed 1990],,1990,4ed073e7fa16add330e7cf044a99b424, (Not found),83754dc6aadde55af464eb5a84c1fded, (Not found)
[Unnamed 2000],,2000,099813a183d1c12f09c752d04d1c2fcf, (Not found),d204be9edd59b7de5356403ff50b152c, (Not found)
[Unnamed 2001],,2001,3e25329d0383990e98e1ee6134b745d7, (Not found),a32a1b3eb1be1083a8816781ebaa04b0, (Not found)
[Unnamed 2002],,2002,33f8575da1ad423a2e6bead7fbf71396, (Not found),f550b98b75745c7731d5f3f99a18ad1d, (Not found)
[Unnamed 2010],,2010,8dcc9c4f2d20014abc4be8dde6a2a8f6, (Not found),e76e02d91d2aae4ac1b5f38d93f59960, (Not found)
[Unnamed 2011],,2011,6ed278ffa106c6ac8959d2b8db9ff7b5, (Not found),e07dd78c347df4dfea34a00be99bb45b, (Not found)
[Unnamed 2012],,2012,98d087ab692193075384a8616fee616b, (Not found),ec26630fac413041281ba4fc268db0be, (Not found)
[Unnamed 2020],,2020,8fe61f0da1813ed2266396278aa9f394, (Not found),a32a47ab5770f6e5fafe19dd26573863, (Not found)
[Unnamed 2021],,2021,dac092e5598e45828d5b42e065b63004, (Not found),0b0a7f62c14880a5cdb933e75d5f56d4, (Not found)
[Unnamed 2022],,2022,a4e0e1f26f41b46250d7acd30b548e9f, (Not found),43d6d10e3a52f40bdaae63d90295ab77, (Not found)
[Unnamed 2030],,2030,57f2cd7907e952136389f74c1e963dfa, (Not found),674615e615c36ad1fc5fa3e1b6d0b931, (Not found)
[Unnamed 2031],,2031,0cb41d27e245b9bd716fcb860d7a7903, (Not found),fc7875804bd823e93fe050ece9615f77, (Not found)
[Unnamed 2032],,2032,19be6acf27add1ee8683563c620d7725, (Not found),05d73ddfa90b876e57d5bfda46794fc6, (Not found)
[Unnamed 2040],,2040,02b14c7f396bf41a1d33d4fa5c99e129, (Not found),a25fa0ae267654dfd79874a3084da15d, (Not found)
[Unnamed 2041],,2041,c908ddeb5a8dd6796e4d3aa71056b987, (Not found),d54978df74bde2f2b0381f7ba0811397, (Not found)
[Unnamed 2042],,2042,020ba5c71860d62d81b77270c4aef1ab, (Not found),e1eda6d44e6ec0c289e1c7e42bb9b399, (Not found)
[Unnamed 2050],,2050,03e787358323c21324f004d21d365877, (Not found),5163a5051e637ebb45fbcc0c0969298b, (Not found)
[Unnamed 2051],,2051,ec5d346e4c3ff89e3720012e983d0625, (Not found),74080f02d050029f627889df3f5aa635, (Not found)
[Unnamed 2052],,2052,32fbd5eeaf54ab9f989b33cddbd4cddd, (Not found),37c30d5e8f4c20751f6425ddaf22359c, (Not found)
[Unnamed 2060],,2060,5edeb296d4a52cab4bcb3afe766c65c8, (Not found),41430f97d9c1f7e4f358afc1096b3549, (Not found)
[Unnamed 2061],,2061,8697efb9b84737cbef1f90dd433187e7, (Not found),c714f249659f5da6bdc2f045a2553566, (Not found)
[Unnamed 2062],,2062,b4a73f48d33901ce9ec6cf732c38cdfe, (Not found),97a62509b7650a253562455ead2d602f, (Not found)
[Unnamed 2070],,2070,3fefa2a3653bb5d013ec14bd2089fa1a, (Not found),f4d5cdc189e625011d828a719f1e3df0, (Not found)
[Unnamed 2071],,2071,6994e63fdab0539364134beee277ce5d, (Not found),3a0b88cfabffd2452ac7f6fc452a3cf3, (Not found)
[Unnamed 2072],,2072,9b208b201627bce769f18c7098a92a8c, (Not found),927a5b5c314786cfb1d45a10d42777e6, (Not found)
[Unnamed 2080],,2080,89c5b8eeca52d693de3e54ece5d5d91a, (Not found),41263fe63001c857ae562f772c060dbc, (Not found)
[Unnamed 2081],,2081,45e5366946addb7442bed5f617add3d7, (Not found),b8021bb237f43fa5c90369449e2a7a02, (Not found)
[Unnamed 2082],,2082,180cba68afe92df299870673769c04b1, (Not found),11aa74a245b17cae36a96eea0b660bca, (Not found)
[Unnamed 2090],,2090,488558c9faa00b7806e4a2e6b96ffbe7, (Not found),e034770b0b88c749874ac493a7bdcf3d, (Not found)
[Unnamed 2091],,2091,48ccd7bccc14701cb4f7e2bf140624cd, (Not found),81c3da01208074162566778c279b0311, (Not found)
[Unnamed 2092],,2092,22f4f82844267af014a8e601f401830a, (Not found),5ee7915df94632d3fdcf15a2eadd9450, (Not found)
[Unnamed 2100],,2100,7914089fb744938244f0635dee428dd3, (Not found),fda65d80cb74c05c32e5b0c2fecfb866, (Not found)
[Unnamed 2101],,2101,e8e3595f4374ee55757ee2cfb0942fb6, (Not found),7314ff815ad350f71d8fa85e8d68f4b3, (Not found)
[Unnamed 2102],,2102,015972272e7a09638bf2d68703f6d3b6, (Not found),a72e2374b4856dd2e8f79e7f59da93c0, (Not found)
￥端カラー　黒,,2110,07724e96b4ce97cf634dea6fc17f15df, (Not found),7a0e533b9fcf11bd5864b0cf302d1440, (Not found)
￥端カラー　紺,,2120,1ffff0434f8393751cbe0285f28e9791, (Not found),5249b075b9dcb5c804afa42ac08d0aa9, (Not found)
￥端カラー　茶,,2121,ef64d079d5d0f07d9eb097f38418663d, (Not found),764733ebff0ee1b2106fd5759c8176bb, (Not found)
￥三角まつげ３　黒,,2130,1623bcdbf21eee2f21527c41c703aef1, (Not found),e4df557a484e37689f784b79be4941fd, (Not found)
￥三角まつげ３　紺,,2140,50c522f9be87b24e7213eba5f741178b, (Not found),7cb49d6a520ee1c98535aede5e622e68, (Not found)
￥三角まつげ３　茶,,2150,806e4843bbceebf9f5f0dd48cbfa54a1, (Not found),0da59f607571401124607f4fd41d6ea9, (Not found)
￥三角まつげ３　白,,2160,a037ffa2155f906dd167806d62481251, (Not found),90010e8f55a4e5e860412d7e0bcb2c93, (Not found)
[Unnamed 2170],,2170,54a9ba307a332c5d929231ed32e4ccc7, (Not found),b9ff291880a32029a257417374694291, (Not found)
[Unnamed 2180],,2180,0011b0f6b6eda95cc500eff9107eccb2, (Not found),603702e1e05535f0f75b5dc72890df61, (Not found)
[Unnamed 2181],,2181,60a1845953229f772e960ad7e33cc718, (Not found),f1b1495b57f79b5580e8b0928bc635d0, (Not found)
[Unnamed 2182],,2182,6e341d9dd4b87f09b1f487af7098b56d, (Not found),96fac6c6a73cb22981e2dc038d5e491e, (Not found)
[Unnamed 2190],,2190,e3cb7753cecf9a7edd626c2b1d25024d, (Not found),f2108a234495901a32d087ce30feb8e2, (Not found)
[Unnamed 2200],,2200,7508155351bf3c0559f70de2b94e20c5, (Not found),c478933278fe3be10e6f6b1ceafbe3a5, (Not found)
[Unnamed 2210],,2210,0660614aa4d36c49380af911abc1c9b9, (Not found),1963866741dc49664077319140be4401, (Not found)
[Unnamed 2220],,2220,00bc9b4e55ed33e2d07163831bebd36c, (Not found),7a63477701604b03763f6abd8674e42e, (Not found)
[Unnamed 2230],,2230,c2a712afe8f1db21e54050a50e7f9903, (Not found),611e6398d6a9506c4074e31a0d4581c2, (Not found)
[Unnamed 2240],,2240,b0209d7b8104a18d3937502220d9aa96, (Not found),3a65454611ac9b33ab68efa2db3f5730, (Not found)
[Unnamed 2250],,2250,82f5b9f4f059c7a57699ee544a795d15, (Not found),e40a9eea7f55e97c051a62603c5946b2, (Not found)
[Unnamed 2260],,2260,e822ca2ebfedb6642824e8ad83d649ca, (Not found),168b55e0b59d104053b70a1fecaeb39e, (Not found)
[Unnamed 2270],,2270,608eacb4edf89272e923553094159f53, (Not found),9f0be9191658a571128ec5592a1f8912, (Not found)
[Unnamed 2280],,2280,f482890c3c2ff42cbb486d95203f6203, (Not found),5f8a25d2608ac4c3d9e1cf8f86542ba1, (Not found)
[Unnamed 2281],,2281,433b14cf490c42ee57eadbe3ed1473e7, (Not found),135d3f0e18e6ece462c0d45ca82aecb9, (Not found)
[Unnamed 2282],,2282,df5d95e35e76f171323e9f53a1861d17, (Not found),efa2ba105b1608ed420c36c5f35e8b2a, (Not found)
[Unnamed 2290],,2290,373cb83f9a704a0f470d71cc03d034d0, (Not found),2526351125310eb6e553c03e7dd8a133, (Not found)
[Unnamed 2300],,2300,065039313663ffe2f81f01493addc390, (Not found),72a4767915048d173d91d95c2225de19, (Not found)
[Unnamed 2310],,2310,0262c618613f3ce7c130b27b6ddf2b2e, (Not found),f32048abbd87274b7287f8fecbfe4c8e, (Not found)
[Unnamed 2320],,2320,2b7486e22eb8cb5bc0b4dbc9126303d8, (Not found),e4628fb4f8139ec4c535c69f1f3717b0, (Not found)
[Unnamed 2330],,2330,28016db5b327476e1c2c5eed30706451, (Not found),e1836323d5af6a186e1c9e64de39b639, (Not found)
[Unnamed 2340],,2340,109c98a278a6dfb166a985c368cd033c, (Not found),c3ece62a09fd9f1810847799817c06ae, (Not found)
[Unnamed 2350],,2350,c173b128b27fda1c829aec4db8f19dcb, (Not found),d52e5854af5f70598b1518d164c6888e, (Not found)
[Unnamed 2360],,2360,99a56e09f9bd58bdac5cd4e67e8c3181, (Not found),d3a57fe6f909c9ff63d1ab25151a5224, (Not found)
[Unnamed 2361],,2361,267cc197903e4afb2af6d836c5217f85, (Not found),06b48b67940e1f4321bd8968d3bf8b42, (Not found)
[Unnamed 2362],,2362,80a877262e17e20b4483419315d87b82, (Not found),f67f17249bfa3b60b2ab8837f6f90825, (Not found)
[Unnamed 2370],,2370,6b3842473cdf27760308c5fe6532e7f4, (Not found),b7c4d8ca4ee532b4b244cff357802c77, (Not found)
[Unnamed 2371],,2371,449ef29cba1ae641df7c3d31410deb05, (Not found),6717d61d107a0507a3f66facca965589, (Not found)
[Unnamed 2372],,2372,4d3e9e0458c998a4ff9154326bc14fec, (Not found),56e44227342f13dad5af4e3af3ea319d, (Not found)
[Unnamed 2373],,2373,6981a7c403347ff3b1412dd73c72ab65, (Not found),83f900ff72b91f3cf904de4909b645a1, (Not found)
[Unnamed 2374],,2374,ad70b8e9df6ffa3a558e728b43df16a0, (Not found),8f7e4bd78f8995e60f1049b5bfbcf56b, (Not found)
[Unnamed 2375],,2375,5753c3e091cbdeaadef25de24fa1a8ae, (Not found),c77d7b0ad9b070bed6b5f5844f434fd9, (Not found)
[Unnamed 2376],,2376,acee2c0da85e1c59a9cd306fe8cdc39a, (Not found),edcfe20ad4d50119e674025c89abcf16, (Not found)
[Unnamed 2377],,2377,7f49fd27221a845e975f5b464155d497, (Not found),9e5e5763265deae039cc25de1efe7b3d, (Not found)
[Unnamed 2378],,2378,6296e4c37a4071d2ffde34b2aaad2f77, (Not found),af277b8a5396f3571c23493b8b7b8e59, (Not found)
[Unnamed 2379],,2379,2507b6c9890e639b30a84ab9366953a0, (Not found),b51e4dfb80a37c7df17dd34b4b01aaf8, (Not found)
[Unnamed 2380],,2380,bc246d535356a6c452e6190edb425c09, (Not found),893b8cdd1c2042a03405606b6be9e8c0, (Not found)
[Unnamed 2390],,2390,977d6edf5922538e6a9f7e7e5af7911c, (Not found),edef8fd62603d2a496b830690c14e0f7, (Not found)
[Unnamed 2400],,2400,fbb795a2905abdddbe29260d597071ce, (Not found),ae1f9799f42e89f6821421a0fd50957f, (Not found)
[Unnamed 2410],,2410,00324db94526f61b7c5710826b513fe6, (Not found),05b379c8682984993df258138289725e, (Not found)
[Unnamed 2411],,2411,2240ab84f50719a2519ca70a835c1c90, (Not found),18f19cb847e0dc7ed34fdf702976f344, (Not found)
[Unnamed 2420],,2420,bc2ec92b2de86c5aaff3b2aa59b91db9, (Not found),876b140ebbfdc25ee8a908ff3dc0b12b, (Not found)
[Unnamed 2421],,2421,90aca2517f568f298e6d74acb8edd211, (Not found),290f37d8f18ff008e2f6642741184678, (Not found)
[Unnamed 2422],,2422,37f42256ff9a2fba361825f306bbac4f, (Not found),61fb05e1b168bf1d2014ceb9fd1b7a57, (Not found)
[Unnamed 2430],,2430,8b11e3486acec7e969343c4ed7b37de7, (Not found),127c836caf5ba5a0a32902ef898353d3, (Not found)
[Unnamed 2440],,2440,e819a58e9468695cc11d7f43b81b9317, (Not found),3ebf94da958cb6456801df701c114b28, (Not found)
[Unnamed 2450],,2450,9a5c94b3eb0135cb75948c2a8c0938b4, (Not found),15c13f92e5281d925be4dcbf487a6b0f, (Not found)
[Unnamed 2460],,2460,3f631cc6378afe99312a8848b76e2a7b, (Not found),3c4dc1f65f8bc00ed360f7d6818bd6d8, (Not found)
[Unnamed 2470],,2470,236e63c9d9b070784ccbe9e95ac7fa9e, (Not found),cac948e1ea65243e1277727f364d8d37, (Not found)
[Unnamed 3000],,3000,65b032de9c2fc8161b0462fe2b3b120d, (Not found),46d7791154ad566f771ed5c24d7caa9c, (Not found)
[Unnamed 3010],,3010,517e83233ccadb27721287b572acfed5, (Not found),00b30b3a6707e682e424b62eccd5bf0e, (Not found)
[Unnamed 3020],,3020,58889c2d53fa3155422cc98d52ba41c6, (Not found),2199b26d3bb01f1c22d71691824862d8, (Not found)
[Unnamed 3021],,3021,0e232e2c37b6990c8f4fd4f8085ddc9b, (Not found),7f52dc894c096f4ee3b4416b2ad587e6, (Not found)
[Unnamed 3022],,3022,69f5eac716969b2541779ec93b8d1bd4, (Not found),7c2dae52532a422e3d736c11f8f9553c, (Not found)
[Unnamed 3023],,3023,6a4f0b0b83993372e912c5bacc3f6ed0, (Not found),5d38d539f4aaddc34372ea84f5487ee0, (Not found)
[Unnamed 3024],,3024,506255b4e92a9af5b717027dc9bea6fd, (Not found),194e1c06d536d7c3b44649c01c8dde89, (Not found)
[Unnamed 3025],,3025,d5ed4ac45a244b7618f2542ad98a04e2, (Not found),6b632ccdf213bc720fb44c92b389cd26, (Not found)
[Unnamed 3026],,3026,2767cb2693f2bde3d542d0c12fc2f572, (Not found),dd48ce581c87f082b25d251d20b5ab01, (Not found)
[Unnamed 3027],,3027,42bb7139c7f78c6d62e0698344f34524, (Not found),b863d3a25d3e065946d670a53dd5ab17, (Not found)
[Unnamed 3028],,3028,29336eab51cd30ada48b2e2eb7cdf7eb, (Not found),1cad3ffff68f68640a7a1315a2656ee9, (Not found)
[Unnamed 3029],,3029,d8b8a6885c823346df5c1d142b8a3451, (Not found),2ef79e1004453b77b3aebe4ce2feb9cf, (Not found)
[Unnamed 3030],,3030,919a852542893a720c5e299c16069c3e, (Not found),97f46016f2122b15a62afb75c208e97c, (Not found)
[Unnamed 3040],,3040,02582a783ea25c77caaaeba177f5dcec, (Not found),4ea220e985373e4cf59f040d87c66fb4, (Not found)
[Unnamed 3050],,3050,f8ae52503a9a62e01cc5f74302913274, (Not found),a5f4a03ed6e45a7e7245d6b29e14fbc7, (Not found)
[Unnamed 3060],,3060,1472cea5ec15127e5e6c3aacff94187e, (Not found),ab2857147d34eb3ada7ddcd7bf440624, (Not found)
[Unnamed 3070],,3070,8ca52ce1e0f2ac5a4b12a5dbe0971a79, (Not found),8f206979996f4c08a104df96f6d7afe3, (Not found)
[Unnamed 3080],,3080,b3e8927b72438b86d7579aa20a18cf51, (Not found),22f37194a5e5c623223a148dc525510c, (Not found)
[Unnamed 3090],,3090,ffcbebfd506ad0f0c0ee50151dc92c69, (Not found),99078209b27beac7762d4b73bb7ed694, (Not found)
[Unnamed 3100],,3100,7f4ac00b5bec0fa4d6ee380404a33c59, (Not found),9cc5c3255d9fe2a2102caea56ccd7674, (Not found)
[Unnamed 3110],,3110,4d42eea4e85c8446c377113dae6d9f84, (Not found),0302b9e7bf3f6f22255a85b5d5648fd2, (Not found)
[Unnamed 3120],,3120,9f49ae4f6c54cbf77f9aa54f8141825e, (Not found),27a055ccce5d8110167b0e6a6bc1228a, (Not found)
[Unnamed 3130],,3130,45f978f3549ee4a94eb8d280af5d5451, (Not found),51b97e7318e85cb149853c705e353c7d, (Not found)
[Unnamed 3140],,3140,99b19cd362082c05b5fdd4d2876d4d76, (Not found),33908d79fb3bc98922c55dbba392b965, (Not found)
[Unnamed 3150],,3150,345c5925ef75164227fd997e9765d7eb, (Not found),0d6bba4a8f9605e16e6349d39ce71d27, (Not found)
[Unnamed 3151],,3151,6201c8f0a65d4ccd55c4734fc71b1903, (Not found),a81d2d954dd615db4f7400986bb24222, (Not found)
[Unnamed 3160],,3160,25d122eed660a98607b3bb51f9fa8ac6, (Not found),fce81d521be1e43d52960a3306f9fd3d, (Not found)
[Unnamed 3170],,3170,ee3a5644f9dcd2b22a82598e31b4a993, (Not found),4a25ee8e1d8b81b9475da97e2d76a27a, (Not found)
[Unnamed 3171],,3171,18b3ed32d655775842abe1d49fcfa618, (Not found),2513ca4840407d579f5e1178646c3fcb, (Not found)
[Unnamed 9990],,9990,1d0c2a2ba0015fbcdd4b01f6f9e2ec68, (Not found),225b3e7948d19f900ea5157c95d16858, (Not found)
[Unnamed 9996],,9996,ea11349e9b25e26847fac56f658bd652, (Not found),5b27f74bf6d1f13d71941fde9ffc0540, (Not found)
[Unnamed 9997],,9997,1efa7c88d9ef14605e4b1d5e992b3a48, (Not found),510bdcc20d5771392c052946c88317db, (Not found)
[Unnamed 9998],,9998,6e05728f8dc97e4cb36857fd7f6e726e, (Not found),d0a039a4a2b5e15e4e9a6890a3f4fd78, (Not found)
[Unnamed 9999],,9999,179d2c820687219172cdf01173803b99, (Not found),038b1920068e8ab8b852541b37772c9a, (Not found)
タイプC,Base Eyelashes C,10000,38bea6b50d1cb6e72c2be71c2eb63ad4,180a826366608bfbb0fb4d3a7c72522b
タイプD,Base Eyelashes D,10001,d798935c3364278209b95a7dc45fa37a,6cafc4c4a9e99cd7958556bb49008edd
タイプE,Base Eyelashes E,10002,2246d5a2650b1d9435ce099e4436c1bd,2b70edda7ab8a6bafa8d33a8bca56da9
タイプC　白,Base Eyelashes C: White,10003,cf1fa548b03b9a0a54e6de5e0aa2101e,914699daa882bf8dea8bd24cf29433dc
タイプD　白,Base Eyelashes D: White,10004,853f36c7e31b0f506826b85280252b31,2642ec2160761f98c3f73a8af7a4860d
タイプE　白,Base Eyelashes E: White,10005,4e7a707549e10120fc9ceb83aed3a202,30344c6303b76d53aad08df386344525
タイプＦ,Base Eyelashes F,10010,fd751f6dd97067d051b5525ea0a0f16b,da4cbfede9182e5cb4cb8a280b1928aa
タイプＧ,Base Eyelashes G,10011,90e1ac72f7e104dc75e92a427971f893,a542b0cbcd61390fd59722541ef7da6d
タイプＨ,Base Eyelashes H,10012,ec08c9e3e68bf2a928f8b098ed4065e7,0bc8f4b20bebe8e09f81a7b1b38d09d3
タイプＦ　白,Base Eyelashes F: White,10013,245985c59dce3c22e3615fbec1218cc2,6c39c9b2e95e283ebc165b908155db93
タイプＧ　白,Base Eyelashes G: White,10014,115b4426895a592239f78cf25ca34df3,009bf21ed75f7e297180fce5de898e52
タイプＨ　白,Base Eyelashes H: White,10015,5ec92140be51dd1f3572ff6405db3cc9,be3342e081a9ca15fa11bb084b7b3de3
タイプＩ,Base Eyelashes I,10020,97e2a994ba873b2516bcb5404890bddf,cb6e45dbee8a3f5a94e904a56ebc333d
タイプＪ,Base Eyelashes J,10021,f5a96df0588fffe220da0bc8c1aebd7b,115deeb5bbb45d28c4e042f435b0528b
タイプＫ,Base Eyelashes K,10022,d161212fe3e21e50001a83074b541e42,bfb0b0e557737b8ac72e5a7e39e28d20
タイプＩ　白,Base Eyelashes I: White,10023,de289daacc9e487e1d8e0390aa014ba0,ab9673d5cc546096aad68f0891aea4a1
タイプＪ　白,Base Eyelashes J: White,10024,8115cfdc88b4eff389c4e639a678dc5c,f0c47c70bfe14af4b00983db4dad480a
タイプＫ　白,Base Eyelashes K: White,10025,5ed7f83dbadc2aa2907ec043f7afc4ba,a2cd27dc965b2ca0fbb74d0e0506c76e
タイプＬ,Base Eyelashes L,10030,a130450e6242bc68855f8ec23a7f57da,8fc3bd292a29f68322af38470beae28a
タイプＭ,Base Eyelashes M,10031,66a13b85b97488980aecf703c80761a6,9dc642be709ec5ac188e4ee4c77bae28
タイプＮ,Base Eyelashes N,10032,21ab43b79404706ba9a1e4fb4f7ba4fd,1598a7df7b8ee8be9374dceed78b76b5
タイプＬ　白,Base Eyelashes L: White,10033,950df04e6fe74cc82ddee1f64cdf1de0,1c33a8e36b04f799e6fc49842009b5dd
タイプＭ　白,Base Eyelashes M: White,10034,719638c5c7d04617d719668ff9f88cf0,fd7bf6d8d1ba68689128f1093f6e0ac3
タイプＮ　白,Base Eyelashes N: White,10035,a78796d17010bf7d6a80ba3a29e4ca24,77bc92ddb66d11e39da650753c86ce20
デフォルメまつげ　黒,Anime Eyelashes: Black,10040,dc6d6453c2cba910c66fba4a00691f43,e97550e7a9b66264705037fa21e098a9
デフォルメまつげ　青,Anime Eyelashes: Blue,10041,9f3feb3b3647f97bd414eb3cf8208ff9,e95182badc04eb2149ceec7b4e1388e9
デフォルメまつげ　茶,Anime Eyelashes: Brown,10042,c667911c70bee7607f6741b22d77293a,5d276d895544bded2c900e242f1a7655
デフォルメまつげ　白,Anime Eyelashes: White,10043,f25de5e91d2ad82d4390c536b89f1cba,f172464e49260204b345b1b174c69b47
くっきりまつげ　黒,Distinct Eyelashes: Black,10050,7c60b0df16d461c68b499c54d8060d08,ff02e630fd72a93fc8c73ed8dba938ac
くっきりまつげ　青,Distinct Eyelashes: Blue,10051,e7fc4f07132734c4a3e9287b5e6c6b16,28f2d63aac47498521eceacaea186b0f
くっきりまつげ　茶,Distinct Eyelashes: Brown,10052,db1345e429ffa87928dde7de8407364b,d7f8ccc122fc0796183865758a15fd56
くっきりまつげ　白,Distinct Eyelashes: White,10053,a519abad81037ab5a092a5f327e356fa,a91f4834c7c26cbc172a7326acafaa1f
二重まぶた　黒,Double Eyelids: Black,10060,2e18db3bc55b843a1e284d5c6953c8e0,c64ced18aa1b469a0b70ee97b3a7ab06
二重まぶた　青,Double Eyelids: Blue,10061,c0f7068b2df83551ca67b0a7a1d04d87,60e33c8920111a24aae73c3ae42ba3af
二重まぶた　茶,Double Eyelids: Brown,10062,cf45c8f67ed370d6ffb982759fd82097,960c10a66832da518c5bdf2504c35516
二重まぶた　白,Double Eyelids: White,10063,fc82fe6043c6f33e521cecd88313cb8e,91edef49dd88a2197d164df07529ff66
派手まつげ　黒,Flashy Eyelashes: Black,10070,6d882ab666d3ade5abb8bdd1c17ac0e7,a96f65b5aaba02402d443dceb684c01d
派手まつげ　青,Flashy Eyelashes: Blue,10071,60c88cdc79b309f4c901d3ffb7764752,183b7ab589069f5ffb6c2f2a3eec3cd3
派手まつげ　茶,Flashy Eyelashes: Brown,10072,829b7c2b9d464c09d5250aec6bfedfb2,eedd4475e200cfc39d35ceec945570df
派手まつげ　白,Flashy Eyelashes: White,10073,21f5e9c4189d9cbb7d20e93a175096b3,83d15a5150ccd773e52cee77e8ac52c7
細まつげＡ　黒,Fine Eyelashes A: Black,10080,ea59cf8b34a080ddfcefdb789bbe9e0b,bd06e887e335eda921a1a4b0a4c8ae26
細まつげＡ　紺,Fine Eyelashes A: Navy,10081,791b3e30b800b539b78badae218aaea9,f9d46e5bd477464a1fa95d99c7dde1c6
細まつげＡ　茶,Fine Eyelashes A: Brown,10082,1a5dba1b129c70ebee492aa83292998d,ee78e1fadeb459a48837c2fbdb20cc37
細まつげＡ　白,Fine Eyelashes A: White,10083,4d7c3413500ee6c8439d3dc6fcd5dfe2,fcd744549ec86ee7777aeaa3b32d5ec2
細まつげＢ　黒,Fine Eyelashes B: Black,10090,0f900efe7a2b23bce718d4d439872efc,e32c99c098247c8baa258e076e4ca658
細まつげＢ　紺,Fine Eyelashes B: Navy,10091,1f80cefa67e97a07cab84462538cc5df,46e8d9fc14ad706f0caf45be5176f79e
細まつげＢ　茶,Fine Eyelashes B: Brown,10092,74b8c6b68681a0a3e232c3bfe7853b07,65683b28362c0cf48eca035fc1bab634
細まつげＢ　白,Fine Eyelashes B: White,10093,e4d78232175edd939706bba37823da83,cbcc6452ef70755cf412b43157fcb023
強調まつげ　黒,Accentuated Lashes: Black,10100,ec3285e10560d7465b834a26e9c43465,4e774dce669b6d21d3f408f7a8607699
強調まつげ　紺,Accentuated Lashes: Navy,10101,57ce18eeb78e4b541c104d929116cd7e,7dcd903e843dc2ee336cd8aeb87f2d8e
強調まつげ　茶,Accentuated Lashes: Brown,10102,b44c8388265861804f0c009cfdfacc4a,279c1aabe9a700838ceb031f7708b693
強調まつげ　白,Accentuated Lashes: White,10103,d2a03c99675be73ce8b64a7804da541e,e40169599d004cdd6d58b2db77786591
ふとまつげ　黒,Thick Eyelashes: Black,10110,32c6af310f75b7092585902ff50e54ec,ac6b9bf6e7759b6701fef375d08571fc
ふとまつげ　紺,Thick Eyelashes: Navy,10111,6746275b49156a77951244387a668da0,2b268074a077c383fa4c2802a13fe206
ふとまつげ　茶,Thick Eyelashes: Brown,10112,8231aa821552f6788ef90d02b9eeddf4,92de94c932387885fc98e2a2c7bcb6e4
ふとまつげ　白,Thick Eyelashes: White,10113,b2f8e2a4e1db89a4912f14f8529814d3,78d2de702e87967b81aac6b778b4c82e
薄まつげ　黒,Thin Eyelashes: Black,10130,807b4c4c610198c7ab7f3ce172f001f2,e3b98f0a49c5a17b5c45f11dfda40385
薄まつげ　紺,Thin Eyelashes: Navy,10131,b8c12d4e95543a5ad34ebdb8cb2f7995,bf54a3f861843d7f9734452b1ea12569
薄まつげ　茶,Thin Eyelashes: Brown,10132,b82b8329e3400aa461d240149fd93fb4,aff0d31ea889fa1f55026ebed86defff
薄まつげ　白,Thin Eyelashes: White,10133,11917f0003dfc320d1e2cf740150e316,149c52f2851ab054904c4ba1ad305294
スリットまつげ　黒,Slit Eyelashes: Black,10140,35107c1069b6e30b5c2e76d6b2446f57,a061ce13d25542b5937724a3761b75e4
スリットまつげ　紺,Slit Eyelashes: Navy,10141,f5e892289ab15a9b287e642480ced2ef,38a28bb316258a90c6a154235b2f7295
スリットまつげ　茶,Slit Eyelashes: Brown,10142,40be6e4e83db16ad386d997fc4eacc6b,be47290e085f4fa1ba8f268384da1d72
スリットまつげ　白,Slit Eyelashes: White,10143,c0997a70d32ec374d20123236975a2c9,3cefbc49aaf3003e1c30d9164df99ef7
二重デフォルメまつげ　黒,Dbl. Anime Lashes: Black,10150,eddc56ab5459782c374a261ded9f5d10,5ae4e69b538707ef097748cae6f894ce
二重デフォルメまつげ　紺,Dbl. Anime Lashes: Navy,10151,05e9f8d51b9fea3bbc799f433250effc,e1d8b03ba95897501871653cc267d265
二重デフォルメまつげ　茶,Dbl. Anime Lashes: Brown,10152,c3a9c8af9fe7d7544d2e8475a8fb6c6d,079b7f4d27e9bf52b3cb1599003dcb8e
二重デフォルメまつげ　白,Dbl. Anime Lashes: White,10153,76d3c1bae452c72eb94f7ecb2083fb70,a77a83ccc5c8ec2f7662312665d331b2
下まつげ　黒,Lower Eyelashes: Black,10160,262eeb25398c094eb6e5432c405cbb31,de729a798d890fd466f8b642437f5ed9
下まつげ　紺,Lower Eyelashes: Navy,10161,425a4d4caffe2e7d2c5478cb4b8be5bf,24e91ffdb2753c371d5847e2e053b276
下まつげ　茶,Lower Eyelashes: Brown,10162,77ec356b0ff1cb8466a07a7aafb2cfa0,b549a1c0d0fcb9787203d4b751047b69
下まつげ　白,Lower Eyelashes: White,10163,7799996ea71ef4fee281e1a855065c82,b01b67f2d6e41a87130851e7dbf9466d
シャープまつげ　黒,Sharp Eyelashes: Black,10170,18815b6220964548e6daa4b9e654f4d6,3a48a59dfc33e0c048195d54c164a8cc
シャープまつげ　紺,Sharp Eyelashes: Navy,10171,7e8907e961992f757f0c4f0bbf65bd9f,82699a1f3cf51c6174a0d3f1300e29f6
シャープまつげ　茶,Sharp Eyelashes: Brown,10172,65928c9871362da8f7e7b849cb1404e1,5dc2588c16a6caf710fc67394d9863fe
シャープまつげ　白,Sharp Eyelashes: White,10173,8db3f9e0368141aa72232704ce19c006,89ff8225bd6738d9960da8894f1fce0b
ルウまつげ　黒,Lou Eyelashes: Black,10180,285cf9be548afd26d27044f7abd28552,524985f8e5dc33ddbd6d5d53266b7c8e
ルウまつげ　紺,Lou Eyelashes: Navy,10181,def7b5c1d6be92511ccc7d20a8dac5df,84d4fa128b6f4d6ec54c5e3a60363de8
ルウまつげ　茶,Lou Eyelashes: Brown,10182,fab43076bbbc33955b13da7d92880e82,26630e1be3d168725d6e71bc39c0a146
ルウまつげ　白,Lou Eyelashes: White,10183,86ee781bef43d0fe7779e4a1bb75e9f0,fb67f3a7d479367f0516ee19ac5bc294
ペイントまつげ　黒,Painted Eyelashes: Black,10190,c2066bc77d81ff47ba4c2f5dff3d7373,7bc9a836d4a9fd615d8e9449832196bf
ペイントまつげ　紺,Painted Eyelashes: Navy,10191,b7b925179666bbe221ff38813b19aeb3,30b19253d9e9da25c75c76f09705d00f
ペイントまつげ　茶,Painted Eyelashes: Brown,10192,d8d6339fbe213b3fa7612bb73d1902cc,f898b59c566cab94a47c78a68b958c8f
ペイントまつげ　白,Painted Eyelashes: White,10193,b7557cca9eadd36c033df0ff872269a0,fbbaa7f26553210797e745be88b6b130
細くっきりまつげ　黒,Fine Distinct Lashes: Black,10200,f5f15c6530e6123302e092379bc575a6,52ecf23802718e55fd8d10fbe875ed40
細くっきりまつげ　紺,Fine Distinct Lashes: Navy,10201,576ac498dcc402a8b2924978e9a6f45e,e58d8bdf4288dcaee9bd42e9530550ed
細くっきりまつげ　茶,Fine Distinct Lashes: Brown,10202,c69f5d5a49d49b23c81227713a076aef,eafffc4605144f032d84b0684f9f629a
細くっきりまつげ　白,Fine Distinct Lashes: White,10203,3b70d3a238fc3f80af5d6f48025e8b9e,e1922de82da31639e735e9ca9e8fad8e
輪郭くっきりまつげ　黒,Lined Distinct Lashes: Black,10210,c96a9d48cfa0ae797bd10022285441f3,6b39640b36bda430aa76496d4a118702
輪郭くっきりまつげ　紺,Lined Distinct Lashes: Navy,10211,2ef337e605d576cd8d596f5e81b3fa40,69c70c24796e06fa37bf8ef688cd3f0b
輪郭くっきりまつげ　茶,Lined Distinct Lashes: Brown,10212,a0339eed6dbdb9aefef35c6e388cadc3,72159874003b239274116827d9ca8b53
輪郭くっきりまつげ　白,Lined Distinct Lashes: White,10213,36d517b8b79a5fe781076813f6faff70,4c1be96131fee9e10c221b094a5c2131
上くっきりまつげ　黒,Upper Distinct Lashes: Black,10220,a02d43b79551eca05c451acbc6fd5c68,4da518fd22155053d3d223eac5ed45d8
上くっきりまつげ　紺,Upper Distinct Lashes: Navy,10221,2078103de24ce367385d0814a3dc3d1e,95970567eb06f4fd54779313240dacf1
上くっきりまつげ　茶,Upper Distinct Lashes: Brown,10222,a0b43d47d9eec5d958bdcc93b5b6b728,7dd4893065c4e83c909822bc45931223
上くっきりまつげ　白,Upper Distinct Lashes: White,10223,e02d87e176d738c417903c3a6ff0f712,c05a6f38b2d3618ae79f0373ce83671b
フサフサまつげ　黒,Full Eyelashes: Black,10230,35886c9aad16e279084bb5042557621b,7dcffeb87e2a6e14f70b7968ed2def9d
フサフサまつげ　紺,Full Eyelashes: Navy,10231,4ee169a57ee50a07fdda9b737907c207,cf3ec2cf07c1f25ab4775e826f7a39bf
フサフサまつげ　茶,Full Eyelashes: Brown,10232,a5e76a410fc28fe16d4ce8fe9a44d018,f8a0cb5da060d12af4c5013c1433dbbd
フサフサまつげ　白,Full Eyelashes: White,10233,dbba7a2acb0db858ecca5d76dcf8cf21,345f93ee92c80959f6607c251882420d
フサフサつりまつげ　黒,Full Slanted Lashes: Black,10240,24a276d34d9a7662b12fc87a4658c810,f074013c951d4408a27b6f054cb7d729
フサフサつりまつげ　紺,Full Slanted Lashes: Navy,10241,017170e43aaac457abda3a1757c7ac3d,7cf3cf1fc0cc4c7a6c6470c2278d8080
フサフサつりまつげ　茶,Full Slanted Lashes: Brown,10242,4b076974e8fb50eb7954880bb114e6c8,9a4bf1dd15c6798640845f9bfc162e23
フサフサつりまつげ　白,Full Slanted Lashes: White,10243,d0c6d666827d2a834ba605ab1d0e2afc,cc8ceb3c8395b4214e0d911d406a12b9
パッチリ二重まつげ　黒,Defined Lashes: Black,10250,add98f6fa6df3e102dbe5bbdca4040bf,615219c0e9c9a59dda003dfabc04296c
パッチリ二重まつげ　紺,Defined Lashes: Navy,10251,2ae423c547d1809b10d609bd3750845b,0a90d8fe333607e62a902dc73f38c450
パッチリ二重まつげ　茶,Defined Lashes: Brown,10252,6b863819a74f889e6d5181c72dd350a7,ebbac7441508c58df600195038d6d758
パッチリ二重まつげ　白,Defined Lashes: White,10253,4d3430d029203b407f1b901585e0aa87,297d9f5ee1a88b760e839945c652fcbf
細スリットまつげ　黒,Fine Slit Lashes: Black,10260,2e696f79f9f5ef6d444e90c9019b7333,811bf5e7e85ed0a3ee4fa9134422b7d1
細スリットまつげ　紺,Fine Slit Lashes: Navy,10261,82af56e5c948f85eeb4c23061d7fabe8,55b50c44a756e5e6c6fa447642e9c3ce
細スリットまつげ　茶,Fine Slit Lashes: Brown,10262,b8697a04fff9496c3b5893d217b2b721,eed1f0b793325cecfc997f5c51e1b211
細スリットまつげ　白,Fine Slit Lashes: White,10263,ef941840fdef79c89cdc55677ba0c0b4,a7db8955a92f00ce99cc916960b377b4
ふさふさ二重まつげ　黒,Full Lashes: Black,10270,c26d23f758d54da21780dde5186ae5c0,dfdc40fec3fe08b96b975794b435b963
ふさふさ二重まつげ　紺,Full Lashes: Navy,10271,b846680f1e39ad66b0047c7b28ef9e87,20fb2827d759781297a8a89b940b7687
ふさふさ二重まつげ　茶,Full Lashes: Brown,10272,54a50636c4cc754295a0667013ff27f3,f749170371b9de6f85b7e180c3398e9b
ふさふさ二重まつげ　白,Full Lashes: White,10273,78aa8c74a3d8b04f99bcb0d54ba60afa,84465907963c458e67fa5fbc44771811
イラストまつげ　黒,Illustration Eyelashes: Black,10280,e1413013306ea7221bf8e9edf8e87a4a,43f78e5f38cbf1ec1ef84abd67505a5d
イラストまつげ　紺,Illustration Eyelashes: Navy,10281,aacf62e4ca52cc31bc76d890d833def3,427a3b7387773ed0ebf7998e062977e3
イラストまつげ　茶,Illustration Eyelashes: Brown,10282,ee04cd0c1ebf3fb9f082233d0123dbbd,263eef8055b5b5b2e20426bd9d665db4
イラストまつげ　白,Illustration Eyelashes: White,10283,577bd82eb05d6d22427be69df5446484,ce7f6b965a8e5777b85d5f7a8430df8c
イラストまつげＢ　黒,Illustration Eyelashes B: Black,10290,338aa3d22033139d1f7755c88546f1d9,e43e6124a6b78be75483c27f89ce0846
イラストまつげＢ　紺,Illustration Eyelashes B: Navy,10291,6000eef4458fb08116bc8442023a5d1f,f3884f656ba02eab51f97275341e21a2
イラストまつげＢ　茶,Illustration Eyelashes B: Brown,10292,7f1a19d2b6b0d3aac024ba18db13ea09,f9ea1c5511bd48a8a4142198051c369c
イラストまつげＢ　白,Illustration Eyelashes B: White,10293,86ded3b767f9040485020b6bad5e1b5b,2eafdaddfd4e47973341735dcecafd10
ＰＳＯ２アニメまつげＡ　黒,PSO2 Anime Lashes A: Black,10300,1be072ea1e8d7dc0d7006434cf5c4dca,7b688f48f385dbbd1bdef43efde6dcaa
ＰＳＯ２アニメまつげＡ　紺,PSO2 Anime Lashes A: Navy,10301,afa7eb4f94d86e0305f625abd78e00f9,28eec967337fca4acbacede568b43b84
ＰＳＯ２アニメまつげＡ　茶,PSO2 Anime Lashes A: Brown,10302,df07da8f3487fc259c9b01f80b62254b,139064cbc1337b0d59a7b29f1eab9a75
ＰＳＯ２アニメまつげＡ　白,PSO2 Anime Lashes A: White,10303,62f2b7f6c90437670e64c9647deff70c,f842c0196d1d0a0ac77dba84e9b1b056
ＰＳＯ２アニメまつげＢ　黒,PSO2 Anime Lashes B: Black,10310,6453fdaad1e596212dec5e5e4651b72e,d776cdef48a1cd876ce4cf1347372a59
ＰＳＯ２アニメまつげＢ　紺,PSO2 Anime Lashes B: Navy,10311,cdc6121b1808ed2645df96f42ff9d579,304987fd99f2349fe44313497086b213
ＰＳＯ２アニメまつげＢ　茶,PSO2 Anime Lashes B: Brown,10312,e3c8f22d61aeb64226ae872c797b91ef,399a95996baf90c3926aa830de6470d9
ＰＳＯ２アニメまつげＢ　白,PSO2 Anime Lashes B: White,10313,855f83317233fc0769f7eeb194e5215f,5cd823c825a3950a6fb1b81d434df1cf
太下まつげ　黒,Thick Lower Lashes: Black,10320,ca0efc14637e34297582af0953a7f39b,17537c867ff95986a2a83a14621cab6d
太下まつげ　紺,Thick Lower Lashes: Navy,10321,276aaf34c7552f778404ecc2ab36232c,d8a26ec62f093ef29c49e41d11d20fcd
太下まつげ　茶,Thick Lower Lashes: Brown,10322,1f8a7d24a3049f32877b1292fe671173,c563aa8eeafb2b5ce6e46a220286f0cc
太下まつげ　白,Thick Lower Lashes: White,10323,76ba05f0a0ab81dfe8454bea76ce2907,2c7b40d62c22210ac8e230af47e9033e
ＰＳＯ２アニメまつげＣ　黒,PSO2 Anime Lashes C: Black,10330,9e9107548576e2d0e6072223729b2bf9,9f2557102dc4c527459d36b2e9bb8483
ＰＳＯ２アニメまつげＣ　紺,PSO2 Anime Lashes C: Navy,10331,2241fef2ea37c0857e3ab99b9f75d458,0d1daaf365ca806574a5476ce192cc10
ＰＳＯ２アニメまつげＣ　茶,PSO2 Anime Lashes C: Brown,10332,ad7816297326d2578500aa054e5e75cd,c4594a2fe1e6684ff3d6aab202e75944
ＰＳＯ２アニメまつげＣ　白,PSO2 Anime Lashes C: White,10333,982f151643821340fd022bde018efaaa,c0c1fd91b6da241177909a5acc4a1189
デフォルメまつげＢ　黒,Anime Eyelashes B: Black,10340,a6621b2beeeb11c257a14a8fc476e6b4,899e970718b490c30a6da56bcb921b5b
デフォルメまつげＢ　紺,Anime Eyelashes B: Navy,10341,8bca1f2da45ec361a77a33e92948ad28,b8503540b2ec5cc91f23e525a0ee1eb8
デフォルメまつげＢ　茶,Anime Eyelashes B: Brown,10342,b4c0f152bd88b48029c780f6d5ae1b15,cac98fe4b563599fe2eb9be372ee2cbb
デフォルメまつげＢ　白,Anime Eyelashes B: White,10343,24d2ef6ac606f45c6b9fa8010ed452e5,2e6c713acfa15e4abbd676ed0ce5ddd0
シャープ派手まつげ　黒,Sharp Flashy Lashes: Black,10350,924294dc3b9902063b2ddd177ab97374,cc3273ce75677f88324f6139a638c9f5
シャープ派手まつげ　紺,Sharp Flashy Lashes: Navy,10351,718e4f279c0db91de9ece83790a2d737,649b711fba8afcbb1a3229fe8d7d0baf
シャープ派手まつげ　茶,Sharp Flashy Lashes: Brown,10352,a12dd09db7a80cbb7bcba50cc3be1278,9cd4dd0d97109a04223a432f4fe7fdab
シャープ派手まつげ　白,Sharp Flashy Lashes: White,10353,272e398d4b4986a51e3854724e3fd809,34128d13a3910f81a8f6972fcfdb6ebd
イラストまつげＤ　紺,Illustration Eyelashes D: Navy,10361,3b05396b1711f8163de081752994615d,afff9e1000eb597c4725f3f9197e57ce
イラストまつげＤ　茶,Illustration Eyelashes D: Brown,10362,bb069b8161c0713b13121a4ac2ac02b1,ede65937cc910668cea1338b505af181
イラストまつげＤ　白,Illustration Eyelashes D: White,10363,9ba88d7d152e522776766e210996e4b4,8437ab3c2f11af92716d18d678cc1707
イラストまつげＤ　黒,Illustration Eyelashes D: Black,10364,f40a6b31da447a377dea881ee7564360,a3acf27f9ff4579e530f479e7a7f801f
派手くっきりまつげ　黒,Flashy Distinct Lashes: Black,10370,306b9bcc9938688309b0a6672d66f79d,58b8139a7e18fc24321a81cb54b23a70
派手くっきりまつげ　紺,Flashy Distinct Lashes: Navy,10371,90d7db2eb5fbb9e06b60aa76a231a55d,14c6dd5e50979140110e46f1969a0fc3
派手くっきりまつげ　茶,Flashy Distinct Lashes: Brown,10372,1ea91e5e55d56fa09f91f85012c45d1d,47caae5bebf24fb673062b5dd118c66a
派手くっきりまつげ　白,Flashy Distinct Lashes: White,10373,da8777017e789ce5e2ea9a4e6756c32b,1fe326f6953ff95d359b2ee1233d1e77
二重デフォルメまつげＢ　黒,Dbl. Anime Lashes B: Black,10380,f4d4ad45abc7e887ba76376ccf81287a,5387759617e2efd1c7d961d1d1a13422
二重デフォルメまつげＢ　紺,Dbl. Anime Lashes B: Navy,10381,5064b2316489242bc62df9e78da81d95,4fa939e7e457b8836f2047310e74ef3a
二重デフォルメまつげＢ　茶,Dbl. Anime Lashes B: Brown,10382,683f577dd7120d1cf0d8ccbef02d8ddd,07c80e6d3346a2e7292020dd60d12101
二重デフォルメまつげＢ　白,Dbl. Anime Lashes B: White,10383,0aef0bf07775e8c7c997fd2692375960,8b13a1b1988a8aa285c7893b0eaa193a
イラストまつげＣ　黒,Illustration Eyelashes C: Black,10390,03cc11d878f2c93541e1003d3d9dad58,7ac0db4a1b95b4897eb254cfedc6a075
イラストまつげＣ　紺,Illustration Eyelashes C: Navy,10391,7b58efd4f8b31d1010efa0ae14c614d8,1eb258f5cd4967d18d80b26564e79e2b
イラストまつげＣ　茶,Illustration Eyelashes C: Brown,10392,db0e4422ac34b4878443ff67adfbb5be,3c9c78d06436d1890b7af4167934c6c1
イラストまつげＣ　白,Illustration Eyelashes C: White,10393,0db6efaca2270dd88b0c7c77e64ee2d8,45f301fe5da785b80cdc074ea4fec8f6
イラストまつげＣ　黄,Illustration Eyelashes C: Yellow,10395,e99a6ee92fb2844c8bf25688f6fa2fa1,7318b64feb279c78d1147d7aa9c73639
細まつげＣ　黒,Fine Eyelashes C: Black,10400,7914053a0bf73369fbb35faea24b1d90,8cc126d766c8a7ea0a3fb0371771d5d4
細まつげＣ　紺,Fine Eyelashes C: Navy,10401,15741dbbec9a2d0af2ac67ad3f8dfaf7,735cef38e2030d9a101ca356b453774e
細まつげＣ　茶,Fine Eyelashes C: Brown,10402,1360c9713e2db15b6d464cf530c7646d,7cb585f44fdb68f67613505183f3bf6e
細まつげＣ　白,Fine Eyelashes C: White,10403,ee11d2d84ef1a4aea382ce7bdb1a4576,eafabe1703df8ad72821947f887c287a
毛長シャープまつげ　黒,Long Sharp Lashes: Black,10410,bb67fa459b7fefaeee20fbb4b5e47e14,0a4f727ed4a735709d9a2efe9dd9a9c3
毛長シャープまつげ　紺,Long Sharp Lashes: Navy,10411,67d200f53c555a46d01157a26641ab25,8f50e1a2db6b8414913e90bb299029a1
毛長シャープまつげ　茶,Long Sharp Lashes: Brown,10412,91f8cf1b397fd221154c0e9cabb05b00,4e19fa13acb8ceef71e0bdf45bc30dfa
毛長シャープまつげ　白,Long Sharp Lashes: White,10413,d312530197f0fe2aa818d688895a42b1,c867194e77042946cec45e91a2f2336c
派手くっきりまつげＢ　黒,Flashy Distinct Lashes B: Black,10420,e5352dc393708fa798b30cde4fa1b0f0,b1b04ef3be8e8c57f0e0aab39da67528
派手くっきりまつげＢ　紺,Flashy Distinct Lashes B: Navy,10421,9db9b2a03f0475d1150c054d81ef37b9,7b5ad5333447b330da1b5534753ae7ca
派手くっきりまつげＢ　茶,Flashy Distinct Lashes B: Brwn,10422,c6a6c2a0919184f546c93a1a81628658,50f61c9efa11df8378fee8bc2e910908
派手くっきりまつげＢ　白,Flashy Distinct Lashes B: White,10423,e594e9a5b4352092e5d1e84db0abaa01,95443e7e4f925bf0725b2b5399c7464b
輪郭くっきりまつげＢ　黒,Lined Distinct Lashes B: Black,10430,6f24c5c792a109a594945512c2a49fe2,0628cbcd59435e01ee1da99b3d42139c
輪郭くっきりまつげＢ　紺,Lined Distinct Lashes B: Navy,10431,9c0f309a4b7d6ad2b4064d6332077f88,54b29f90fe82d011f5a828de3ce0321e
輪郭くっきりまつげＢ　茶,Lined Distinct Lashes B: Brown,10432,e42c30d535752bd6466a26d48b076326,3e21e88583211ef9b13928cfd049f4b2
輪郭くっきりまつげＢ　白,Lined Distinct Lashes B: White,10433,d02319196e07578add043cc49901f187,177aa61406aa76c9a47cd3702b727d64
デフォルメまつげＣ　黒,Anime Eyelashes C: Black,10440,4a11724060e3ed57a63ea25809e57153,aa8b9093a0b3a20b474550fdc54838ad
デフォルメまつげＣ　紺,Anime Eyelashes C: Navy,10441,610b625c3be5adcdf43ad574a5fb5cd0,7e8fafd30a6b314e52c651707bded1f5
デフォルメまつげＣ　茶,Anime Eyelashes C: Brown,10442,5c597367a39906eb00632ed5da35c4f9,795af750c0fd9b4509c6095553b42f99
デフォルメまつげＣ　白,Anime Eyelashes C: White,10443,cdb8eab7c73ed493de7af86d3b33b205,14d82fee204f1ac5a9e2c82a38f6d2c3
派手フサフサまつげ　黒,Flashy Full Lashes: Black,10450,2c076093b763116da8743cbb66729b84,ba2d842e251a76877f13b727fd10f487
派手フサフサまつげ　紺,Flashy Full Lashes: Navy,10451,a47e8293307638ed560a97e492476731,7b26b6592ff3ef945ccfacf947deeb95
派手フサフサまつげ　茶,Flashy Full Lashes: Brown,10452,c9eff90ad9047e3087236386dca5581a,2652ab80a196bbec90a4d220316215de
派手フサフサまつげ　白,Flashy Full Lashes: White,10453,609e9f272efda7db33e18153b7354d16,93de0ef246d9243f771a07c939151413
フサフサまつげＢ　黒,Full Eyelashes B: Black,10460,34cb3d205fae7a3be250b2c7d494dcb0,e479c99b96fc3295f123721c632e901f
フサフサまつげＢ　紺,Full Eyelashes B: Navy,10461,a62d579b870dd46575bccffb16e8959e,fb1584d2773d4a5df4e7b4a61583c8fb
フサフサまつげＢ　茶,Full Eyelashes B: Brown,10462,6ac539508db564967f6f13704f75dae8,5b1639efc7fb53ea14c301f60c1947cc
フサフサまつげＢ　白,Full Eyelashes B: White,10463,f60311e2f18c62867b1c01012671f4ad,fa63b74a73c193cecd597e27a163abc0
イラストまつげＥ　黒,Illustration Eyelashes E: Black,10470,91af949cbfe2890a587d9d27401c42ef,fe3e29cdd220382121526bc28cf8a78d
イラストまつげＥ　紺,Illustration Eyelashes E: Navy,10471,7ce7da5605ec5c1df28c40b14076288c,df991e8b01d864495c501570c816dfa8
イラストまつげＥ　茶,Illustration Eyelashes E: Brown,10472,fa62cef9e626480de15deafedd3bd919,0e12637394cd2f58f11fb31d9048ea0a
イラストまつげＥ　白,Illustration Eyelashes E: White,10473,4407a6e63015fcae1d66f58757d5caf7,d90c41c92707b53c66750bcf269b54a2
イラストまつげＦ　黒,Illustration Eyelashes F: Black,10480,55bd9524c214e25a5023796092eb80fe,303971938f59e44f1e71377cdb83522b
イラストまつげＦ　紺,Illustration Eyelashes F: Navy,10481,e4ea608d9032ae300b75285cd9cdb897,cf457fdf501d9c40f4c18b0ecf593458
イラストまつげＦ　茶,Illustration Eyelashes F: Brown,10482,da3cb7154d1c592aa8ae5e3407887e91,62c87d1f490808a4baf8c9577fd69f14
イラストまつげＦ　白,Illustration Eyelashes F: White,10483,e9deee85fdcf9e7beb54ad2fe97647cc,ce0fec19f9b91d7b70fe4efb1573e4ca
傾花まつげ　黒,Keika Eyelashes: Black,10490,201d1520708af617f50fca35cff94512,d730413dc3924fde17edda196d846e69
傾花まつげ　紺,Keika Eyelashes: Navy,10491,c595606c29c1646470d3f72ca76a1f21,eb1e3bff68759f3d139577492bc10c62
傾花まつげ　茶,Keika Eyelashes: Brown,10492,d6e222202d41977c87e0ae3f872f27d2,25269c16bed0e0e4ee74e32bc7676681
傾花まつげ　白,Keika Eyelashes: White,10493,72086cb96d8009544ae3bfb1a6b47513,1154aba9110b540d8bf602b3ec42748b
くっきりつりまつげ　黒,Distinct Slanted Lashes: Black,10510,4f7698a5c1cb40f9d3e64030d9b415eb,09e81f191e9ac3016316a0be152fac85
くっきりつりまつげ　紺,Distinct Slanted Lashes: Navy,10511,4b75d82d79c27df46ef9b3c74e7a9019,4d82d52ba2695c9a69c1f3d927b9d5f9
くっきりつりまつげ　茶,Distinct Slanted Lashes: Brown,10512,3020a8a34022fd0efec28433e36c6eb0,bdf084315ed3d7fef3838178e76c4682
くっきりつりまつげ　白,Distinct Slanted Lashes: White,10513,66a6cb61c698dbdc5aad6946ce10cae3,8252f919cd8e106af5fdd18b681d420d
上フサフサまつげ　黒,Upper Full Lashes: Black,10520,270736653ddce9bb5e30042e6bec8b5c,f5769254fd75627d539c8ab142441677
上フサフサまつげ　紺,Upper Full Lashes: Navy,10521,23ecaa27902f5ea95d86085a009b20d0,1233a59543d71becb5be2123a39a86f5
上フサフサまつげ　茶,Upper Full Lashes: Brown,10522,0f8185b45a3b528563bb8fd79c7de206,9bdbf073bf514c94c35431ae381f7441
上フサフサまつげ　白,Upper Full Lashes: White,10523,5a2e1bc8ff0549f2e88c13583f3f3ebc,a3a17db22e9babaf86d147e9f2743b3d
ロードまつげ,Lord Eyelashes,10530,029beef4093edf3745dcdfb722f6e140,61635558917e77064beeb30b7b8f0eec
薄まつげＢ　黒,Thin Eyelashes B: Black,10550,da6f1651a98cbf47df0578e54e7f2370,106faecfecba3c4ac16c8ed42b116c16
薄まつげＢ　紺,Thin Eyelashes B: Navy,10551,7e9f5628f16bfca77040c86cc8b61861,cb53ef9d92f51d578f1be205d37aaec9
薄まつげＢ　茶,Thin Eyelashes B: Brown,10552,0d06a07677011594843c2101c8b5773d,f06941491c20c6e34c473f43fa1ceeaa
薄まつげＢ　白,Thin Eyelashes B: White,10553,5b75119c533af6d9f6a11988375be868,8f80576597434049b7a29a6da99761a4
にじみまつげ　黒,Dyed Eyelashes: Black,10560,dd51085eab0e89f6e3f94af74510deb4,5796667cbcc36a44e176511fb8ec0caa
にじみまつげ　紺,Dyed Eyelashes: Navy,10561,b99873c6ba87d40c2394a8357b6b833c,b055a35b53c37112bd80a34be9ba1433
にじみまつげ　茶,Dyed Eyelashes: Brown,10562,8d0f1c714698b1bd1c5433d9607dc812,6ecfe3ed9f972ddc62dc17d51077f12b
にじみまつげ　白,Dyed Eyelashes: White,10563,95ef7f85fdef401c608c61b88e51d269,92566ac896fbc0b11dcf68496a3fa07f
丸まつげ　黒,Round Eyelashes: Black,10570,0a6c6d2b1a32d020f070a8b2c9d752bb,a3a76420b189fc529a8c9676e1adf954
丸まつげ　紺,Round Eyelashes: Navy,10571,113d4d0632843beb818d026e1bf373cd,31e16bec71a7718c24e546aebf8e3f1b
丸まつげ　茶,Round Eyelashes: Brown,10572,0a539d03a28ba35d657833041d7443d7,1b296f7bec03bb63b404c61a6b7074e5
丸まつげ　白,Round Eyelashes: White,10573,9be13cd1846684995ca6b34e8730e125,3c17747d628a909b675f7f160180c0c4
長くっきりまつげ　黒,Long Distinct Lashes: Black,10580,52a20df2a9b32f95ffa16d59e2db3ce7,b9501922d61ad58b51ef94c5fe6237b8
長くっきりまつげ　紺,Long Distinct Lashes: Navy,10581,963e4d0687f6bb8f213ff888622efb61,283afd3dbee8302056dafc9cd346871e
長くっきりまつげ　茶,Long Distinct Lashes: Brown,10582,85ad360275786f4fd3d0339f6f0ffd14,cd8e4fe5dfd24b505ac337d5f539a3c1
長くっきりまつげ　白,Long Distinct Lashes: White,10583,70b3faf56d1fecad4b08b7feb1b77d1e,07723c87938d5208f7159507757ab003
セクシーまつげ　黒,Sexy Eyelashes: Black,10590,0137d1d6eac04905a90627bb9c5130f6,578657614c995ee3a7ed209543bfd633
セクシーまつげ　紺,Sexy Eyelashes: Navy,10591,75d0beb169e864ac8d6e0be0072d04e8,8bf42bd63b075ba401ff25254416257f
セクシーまつげ　茶,Sexy Eyelashes: Brown,10592,80c75282af65b116538b4cfe8fede4db,0dffc79ee023110347c855ce30ecd997
セクシーまつげ　白,Sexy Eyelashes: White,10593,8fe406be5ee3755ccb58a088ddedd607,bcefd2003d51fb3dc9c1da0e5ccd907e
ピンまつげ　黒,Pin Eyelashes: Black,10600,8f4acd778d4a0beec8a2f1d441f64a70,39b06a1ea23554c4a82f1f98aff118ab
ピンまつげ　紺,Pin Eyelashes: Navy,10601,27b500bed2cb88503ac6eba776a4bd96,55482ba9ab79bf02734b02c1defb67f7
ピンまつげ　茶,Pin Eyelashes: Brown,10602,f7b7df5933f054e1c59919f6db91d295,b3002f366f8dec5f05e391926ca15a4b
ピンまつげ　白,Pin Eyelashes: White,10603,b4694fa06ec11c87963b007fa7590062,ba28da9c4b28e320566e9fccb6b74fd1
デフォルメ束まつげ　黒,Anime Bunched Lashes: Black,10610,513f06d9b4b6de8a6210c473ac4a0d0a,05a29f6b0f094055b35d1c384cb9a7f1
デフォルメ束まつげ　紺,Anime Bunched Lashes: Navy,10611,5391aad40e7c65cf7f03cc6200b4e5ec,c86f7b61527ccb3c5407d9f7d72862a5
デフォルメ束まつげ　茶,Anime Bunched Lashes: Brown,10612,48862365466b15e7b094e07afd03a4e7,ec661cf70115080dee509ffc6f16242d
デフォルメ束まつげ　白,Anime Bunched Lashes: White,10613,f24c2621f5c39a0e1e6fc8ea67997c23,d327ef59603087de012a88cf0aa2b1e7
パッチリまつげ　黒,Defined Eyelashes: Black,10620,538a789d2a8fadb249e684ea40b200b8,378cd89fc8aa3dfb08bcab8c34b3a459
パッチリまつげ　紺,Defined Eyelashes: Navy,10621,14e10a9453918aaefe97ab9a2dc12d71,ac7550056d01440f118135f8eb3fb558
パッチリまつげ　茶,Defined Eyelashes: Brown,10622,bd7a9fa2ba0ec176cbcbd4f596e6f5d0,3e495323c5a2dc50f8248247cc8f5484
パッチリまつげ　白,Defined Eyelashes: White,10623,0184434447cf5d3bb7d3ca9e6703adeb,121263cff58b5956648393ad54721c46
極薄まつげ　黒,Ultra Thin Lashes: Black,10630,842adea7773d7afea93b3a429c6e222e,ed9d1183d123befda1f183e0b089dae9
極薄まつげ　紺,Ultra Thin Lashes: Navy,10631,37c5cf68ef64fb49439777319dee3d61,63086718e3ab1814feff629025a1fb1b
極薄まつげ　茶,Ultra Thin Lashes: Brown,10632,02fb1cf41f03432b83181b1b1a026ff7,a17b356719900c4a08fa7a016e4186f4
極薄まつげ　白,Ultra Thin Lashes: White,10633,ea34bc8d0460e7420cd20d6ae1c11778,607409836d51bef97d093958d7a196cf
下くっきりまつげ　黒,Lower Distinct Lashes: Black,10640,1bd465fa8bf6d6bb2595a16c91aa1128,3460e978dff0708efcf34de58b9ea4a7
下くっきりまつげ　紺,Lower Distinct Lashes: Navy,10641,070c86f03431c63bfa410e60417597d4,8e7fc282e659dcad7dfa304338c0bcba
下くっきりまつげ　茶,Lower Distinct Lashes: Brown,10642,bef9374688acada3364000efe517404c,f086acf7d69f513d79938e430a3b29f8
下くっきりまつげ　白,Lower Distinct Lashes: White,10643,64ca75684c3b1262f9ea04c9b26090f0,7b17a2f529e18c39b4ce8fbd9c1f80f6
先割れまつげ　黒,Forked Eyelashes: Black,10650,09ee2298d0322ea0fe5f27e9c6b98d73,1ab91bd2d884d458d2f8999cff1eaa97
先割れまつげ　紺,Forked Eyelashes: Navy,10651,787fe087a99e7f4f7a6d006a3ae1ec82,05ee944e9d4acacb6302da87183c1e17
先割れまつげ　茶,Forked Eyelashes: Brown,10652,d26d0d529bb4ae0b7bce9fe1ef3563b8,4bd560a4732660185a15acd0c47c225c
先割れまつげ　白,Forked Eyelashes: White,10653,f90fe7f607236308c5082c1699e8d152,080310e2321e9cc54fbb8623dcb6e214
くっきりはねまつげ　黒,Distinct Curled Lashes: Black,10660,82106adbad23da59aa76f18d1e3c91f4,97f53e430791f20e24a6e9dd1f9042d8
くっきりはねまつげ　紺,Distinct Curled Lashes: Navy,10661,742004f24b1fa35403f35aad57320d7a,5aff2a3ae1f4972c5abe529545f61afb
くっきりはねまつげ　茶,Distinct Curled Lashes: Brown,10662,ac309c016e0a75f4e1322ccf40dd8fbf,080ac045251027c89a1a642ef554d89a
くっきりはねまつげ　白,Distinct Curled Lashes: White,10663,4b87d1b3c8e1c7bff9d58091eaa30a84,313f30f67d939eb71b689401693e17a0
三角下まつげ　黒,Triangular Lashes: Black,10670,c5eb3fddbfb3116e52ade0ec261d2f80,bffb7864fa0ba7aeb7c96476fa414789
三角下まつげ　紺,Triangular Lashes: Navy,10671,9f38188c4ac2e0b5ae5bb85b86f6f1e8,e110ec1ad5939dc1ebf3c5d7c11e1207
三角下まつげ　茶,Triangular Lashes: Brown,10672,52e65ebfec7600ef21fcebeddbce7234,f1cdc5535ca2fbc9a74915108e868b63
三角下まつげ　白,Triangular Lashes: White,10673,dbd76b6b58a606446ca6a8109aadf104,33db404727cc79e3dfa906f76634a782
派手くっきりまつげＣ　黒,Flashy Distinct Lashes C: Black,10680,1b566b4d478b12a790f7e68064c7b4ea,51eff1551b6541ff15427956a4df05c7
派手くっきりまつげＣ　紺,Flashy Distinct Lashes C: Navy,10681,c2d2cfcae38089372d2cdf83ef9d493b,e4ed6eb9f7020262c7cab726898e43f5
派手くっきりまつげＣ　茶,Flashy Distinct Lashes C: Brwn,10682,0b36a2547ff7442186ff0fe04378b0c0,7e54f5a2908994bb9371206c049cfb2c
派手くっきりまつげＣ　白,Flashy Distinct Lashes C: White,10683,6ceabbb2e5204f17131f756345c8440b,d70c0df95f0a23f54254e3343ea65355
横のび上まつげ　黒,Extended Upper Lashes: Black,10690,bb4dfd2d13f36870f949aefc909f3f3f,b88dd86df2c06a88a5f46018cface136
横のび上まつげ　紺,Extended Upper Lashes: Navy,10691,8e4b7ee0797fff28c27c17c044b42365,0490ef2e6a2c01432da6cf2f19568961
横のび上まつげ　茶,Extended Upper Lashes: Brown,10692,c38712ff77ae3141deca4c80f0ca2516,7e91a291c0c05f936516502e51e29c9e
横のび上まつげ　白,Extended Upper Lashes: White,10693,301a3d98e68ddb38fa190d45f626dd50,ea91c6c19bed3a1837214ad2c9f1e4b1
奥二重風まつげ　黒,Double-lined Eyelashes: Black,10700,354c7d5c6ba147ca686b2405e7459001,dab3390df4b030b6b4e679026497b4c0
奥二重風まつげ　紺,Double-lined Eyelashes: Navy,10701,9686159b567a091ad9193a706ed55e58,d95bc9cb8ce5fc0291af477b3773cc3c
奥二重風まつげ　茶,Double-lined Eyelashes: Brown,10702,76c22764049eadebdf492401a1a58405,b445e6a9d271fb506843240caf3c2da5
奥二重風まつげ　白,Double-lined Eyelashes: White,10703,1b36c1a631bc08783582dcab8e9639a7,fad68936247c5ff8028244b22994d979
先割れまつげＢ　黒,Forked Eyelashes B: Black,10710,4c9862be3676d6ad6302e5df9faf6189,6173c3521e20d993c0754390739d5bf6
先割れまつげＢ　紺,Forked Eyelashes B: Navy,10711,e394ddba7c83e02a33715ba16efe5f0d,82800119a360401dc50948796b3b110d
先割れまつげＢ　茶,Forked Eyelashes B: Brown,10712,e9df555c29f60e455a18890be16de6a7,ed39d46dca55a419d9826b5ed0730149
先割れまつげＢ　白,Forked Eyelashes B: White,10713,940f26a0b2db6cf8f5dcf740ffec7e52,da1ebf44319680923346b9cfd6a40ef1
キャットライン　黒,Cat Line: Black,10720,466d7c907a1e4ab966a10d06331e4c2e,cb2d73bbb912f174833af6cbf8034405
キャットライン　紺,Cat Line: Navy,10721,8c6e4acf30a402b119d46650f7e134f5,97d81f4a28bca0187219392234af7b6e
キャットライン　茶,Cat Line: Brown,10722,d4f1b980db2a2be5c10bc1b6c0be0b5c,c10f2b5165370c525e7ab146c91b0f97
キャットライン　白,Cat Line: White,10723,98468c983fd9d04b863fae0b6bfdb017,50e46f36b6aba22dbee255410aa3d403
下くっきりまつげＢ　黒,Distinct Lower Lashes B: Black,10730,b18255735f20eace1428c4cb71786c48,220fa3e16cf62add8571dfcef6b04f1b
下くっきりまつげＢ　紺,Distinct Lower Lashes B: Navy,10731,10e857b95fc71606cdc4a93798d24e5a,215dcaa4c9d213ea84d4533c18352b69
下くっきりまつげＢ　茶,Distinct Lower Lashes B: Brown,10732,cc3ce67cd6bde90fe05eee20e1369fb5,457fae337db02a92458ee355c8ee63cd
下くっきりまつげＢ　白,Distinct Lower Lashes B: White,10733,7d9dd36241ad7013cb3cc91634db0948,d52c168f5329ff069d3de382608435e9
強調まつげＢ　黒,Accentuated Lashes B: Black,10740,f2d59aaddbac183bb110aff303f37925,4e4bd9a51bffa70de3b56e01964dad94
強調まつげＢ　紺,Accentuated Lashes B: Navy,10741,df16da1d2b6d3755056482ecfbf57fe3,61929c2197580ffbc0bd23ff346b6031
強調まつげＢ　茶,Accentuated Lashes B: Brown,10742,3dd8b2a0ea4775d876e4a4f3fa4d22be,b002047d5e5dae7770298a07351cbfcb
強調まつげＢ　白,Accentuated Lashes B: White,10743,6dd82090af6c46d169da2e221cf3315a,91bb3df91858a7e367babb92da5ac4a0
細下まつげ　黒,Thin Lower Eyelashes: Black,10750,3da1579a1224cc2f5ebc00e1e8208d04,9a741b6158bf13a6145793613b29bd08
細下まつげ　紺,Thin Lower Eyelashes: Navy,10751,037b1eab902dc35a0ea8131fe26a0794,4f2abd27d97987997376525d2efbb722
細下まつげ　茶,Thin Lower Eyelashes: Brown,10752,fed18be06bbce28b04faa9ce589f51da,4e07b3caecae4824cf950b2a6ecfe4d3
細下まつげ　白,Thin Lower Eyelashes: White,10753,6359bd5e77757deaa54e1d66d462d821,350d56708f1d0c4ac6f346ad64126e55
目尻くっきりまつげ　黒,Distinct Outer Lashes: Black,10760,cc6bd2bc42982b2eb22cb304fc024975,7c1e6960cbd6d4a77167123deee49a8e
目尻くっきりまつげ　紺,Distinct Outer Lashes: Navy,10761,3f0fc05f36d1c8013c6ea2ec00e77cd5,668e2d07766c68b2a7d2a2b1fd52169c
目尻くっきりまつげ　茶,Distinct Outer Lashes: Brown,10762,b4c6f8a2039dde1dde145d71ab08e01b,053e91bd4004a615c1d3f75f60609919
目尻くっきりまつげ　白,Distinct Outer Lashes: White,10763,2e1dd49209df41c5edbd286e1227fedb,4359b177772a100a263a6bf871ba2737
イラストまつげＧ　黒,Illustration Eyelashes G: Blk,10770,47e3e79b0eaca795732c118dd17ed2b5,f86dfabe737154ffaa4ddfdd8b414cfb
イラストまつげＧ　紺,Illustration Eyelashes G: Navy,10771,4a4b774c20c15ba83c1e2d4ccd735872,abecde8014c6d2f127b8558177809307
イラストまつげＧ　茶,Illustration Eyelashes G: Brown,10772,6f7770428eeba68b0fe1896312795adc,ed527a3533cfb7c9a0769cf04f245ae1
イラストまつげＧ　白,Illustration Eyelashes G: White,10773,e707c0485c843e19006cd71b1563ea48,4cbb08b08155df3ff7316b5a528c7906
イラストまつげＨ　黒,Illustration Eyelashes H: Black,10780,832f5186b55a014dd4276c72f0e3ba54,b5dc51d8350c72dcbb640b1d94dd8106
イラストまつげＨ　紺,Illustration Eyelashes H: Navy,10781,ce5c8aabd5ce7c1ee6fc5a78ab5e3898,595c7e56ba56a140065c997d6ed1892c
イラストまつげＨ　茶,Illustration Eyelashes H: Brown,10782,8ffd5a70ee93299e186f736c5ec7fbbf,bc3b316e87cf943a1034e664ae0efaca
イラストまつげＨ　白,Illustration Eyelashes H: White,10783,a1a8e4a1e10963c834df6b6e8fb968b1,7b6ea647e973c77c477f244e0071dad1
イラストまつげＩ　黒,Illustration Eyelashes I: Black,10790,18e07f4839bdd8f588e12af59e6f2b50,0126f51557489c6f16bc9b8e095bd219
イラストまつげＩ　紺,Illustration Eyelashes I: Navy,10791,5a3de9a22e125edb97322fe219eaa650,532b10bb1b30d78d5492ed8694baf276
イラストまつげＩ　茶,Illustration Eyelashes I: Brown,10792,724847a8693c89072de68dabebb26738,d7fe3f01d76304f508e1568e827bc676
イラストまつげＩ　白,Illustration Eyelashes I: White,10793,b24af6bfe9e457ee39866ccff78171d1,701a16e5a1e45afd62ceb6ec365355cd
赤目頭付まつげ　黒,Red Eyes Round Lashes: Black,10810,a2c43febd5a4cb8a8bc3d31149763cc7,66e931241adcff17308e1b3134193336
赤目頭付まつげ　紺,Red Eyes Round Lashes: Navy,10811,9987b5f6919a0f0a9f23a8a3026cf2bf,ed242617daff55237c1b56ef5e56f87f
赤目頭付まつげ　茶,Red Eyes Round Lashes: Brown,10812,b9a3b3f67386f2ca2617cea483ff9f9c,5cdc005dad13ac75e691005ed122c0b0
赤目頭付まつげ　白,Red Eyes Round Lashes: White,10813,d9105424c75666d74876df6f02a86010,bd46247e83f155b08e2429d4e1a3ffd3
三角上まつげ　黒,Triangle Upper Lashes: Black,10820,f268d4af4e3ec46953b82ba56c33335f,d834236b22fac7508504c823a02dada7
三角上まつげ　紺,Triangle Upper Lashes: Navy,10821,76a6aaf15bab0a0719b286315d88bcb4,b236b29516319c9850f7081dd8fb494b
三角上まつげ　茶,Triangle Upper Lashes: Brown,10822,9b815df8a61927b337ef97c01d9ff393,2a07a6164477293f73362987feacf828
三角上まつげ　白,Triangle Upper Lashes: White,10823,d87e513321631a6d96b978ef77a09851,1c4c1a52a154cfe9b7de966ba840ce46
強調まつげＣ　黒,Accentuated Lashes C: Black,10830,222f2671f7796a7d76bc58f17ffd0168,42a6a97b45800a3e8d2e33ee235aa8e1
強調まつげＣ　紺,Accentuated Lashes C: Navy,10831,4cb2459cfc32dd7ea07478e0ca7ab5f3,386dfa5fb7a34b9d84732eed5caacb6e
強調まつげＣ　茶,Accentuated Lashes C: Brown,10832,6b9ef88bb5ee0811430e1169be9ffa31,7f1b0e6a717c1e529f187414b8e255aa
強調まつげＣ　白,Accentuated Lashes C: White,10833,a5434207191c4e6eb3d2073d4554caa3,200510a12814ff6d30affedfc2d5c957
濃いまつげ　黒,Dark Eyelashes: Black,10840,4fa91e53a25a871f008096231fe579c2,1035c60ad7c91c37ae1b38ff6fa4c265
濃いまつげ　紺,Dark Eyelashes: Navy,10841,118c11f1942e0026f5bde2046a39d81e,7356fbb4539d09b67b90cb3de2c522e3
濃いまつげ　茶,Dark Eyelashes: Brown,10842,c07701b2e536556a768ba8be9cb95c42,89ccb686e96990efb897933b9d08eb1f
濃いまつげ　白,Dark Eyelashes: White,10843,9a98ef6e22c78bc8074ea07ac8c42a94,47edd11169078203e0d794670aba507d
丸まつげＢ　黒,Round Eyelashes B: Black,10850,bda805c5e6e1068168cdc553c3f93774,a84e40cb736790dd0dbb239c701875ee
丸まつげＢ　紺,Round Eyelashes B: Navy,10851,d436b4bbd2b7bc7ac3ad565316d53221,c25291da409033db3049ba0f0cb37a9d
丸まつげＢ　茶,Round Eyelashes B: Brown,10852,aff5972924ded7edb0eb7f9799cb62ae,5b36cd280f32d4e350798181705fc8a1
丸まつげＢ　白,Round Eyelashes B: White,10853,6d7fde16ff0030cfb0a3845b349e6fd9,03c1cc44500a6df0c7a71e4e6be4c7a1
下強調まつげ　黒,Accentuated Lwr Lashes: Black,10860,84de1b95e720c52442a0c65a01b62a37,ed16f6b4daa2e8a7940f805cb18f120f
下強調まつげ　紺,Accentuated Lwr Lashes: Navy,10861,31f886f6eb63efd23d9ed14e6cbf2aae,0472e91c920264c7a65c4b7511623e23
下強調まつげ　茶,Accentuated Lwr Lashes: Brwn,10862,27224dddc4ea3b696d62941e1abe874d,42626d7e406a9aa6d0a2aabd023ff354
下強調まつげ　白,Accentuated Lwr Lashes: White,10863,75b54b1dbf35d225bd68a07681420f01,4fa34098baef07e51f6d9b0f52c91a18
ＰＳＯ２アニメまつげＤ　黒,PSO2 Anime Lashes D: Black,10870,e0ae3420763db9c583037032b925c09b,5344ca235bff2718689b1286ed679478
ＰＳＯ２アニメまつげＥ　黒,PSO2 Anime Lashes E: Black,10880,c86fd020d9b4f916b8f5a4111f196074,9cba2b2a0c09719388605a60b8a5082c
イラストまつげＪ　黒,Illustration Eyelashes J: Black,10890,391fa57699ed4caa03176860d82f4300,127608045cc2639153896855011dc7d5
イラストまつげＪ　紺,Illustration Eyelashes J: Navy,10891,0cebe36624ec724ab6be618106e30279,29573fe8e1661ad0a081aa8f4178d0b8
イラストまつげＪ　茶,Illustration Eyelashes J: Brown,10892,62aeacb0170a62fc4c15bd38a46eeefe,2e24e9033f608df2009994a7b8e56d69
イラストまつげＪ　白,Illustration Eyelashes J: White,10893,9aa5e4f8ae8d8cfeaa3bdf783faf9740,2925feb17c9c33c734dccee0e47941e0
イラストまつげＫ　黒,Illustration Eyelashes K: Black,10900,07d1d7e4b43836bc2fd4669579ade62a,0630223c5ed1b9ec3b7af0957d1ca684
イラストまつげＫ　紺,Illustration Eyelashes K: Navy,10901,41d062eaf4f1efe9f64e809d3831d638,be8280470cc6cf6f4ef86855cfc96ecd
イラストまつげＫ　茶,Illustration Eyelashes K: Brown,10902,abbc91a0eda8d34f76a965a5b810375b,7d5e01c96ec51e78798c8907d5d5a940
イラストまつげＫ　白,Illustration Eyelashes K: White,10903,0857d3e80ace35b64be3f481cc93ad36,7da4ed33ea5e6326521cd6e12bfb8db6
ホルシードまつげ　黒,Holcid Lashes: Black,10910,53b299802e6b12717547ed05821be8ca,abcf1274413d25fa0538d3e445d55732
ホルシードまつげ　紺,Holcid Lashes: Navy,10911,b2902fa25d3d05ad91ef56a4ae8030be,080f2c22f8612a225c75c31ab5aae0fc
ホルシードまつげ　茶,Holcid Lashes: Brown,10912,f324f84b5614b114d83872b9677b5912,e9537f4a348b1449645aa23bfbd5ee2e
ホルシードまつげ　白,Holcid Lashes: White,10913,3a8e5cbddc8e4449b4da6300889efb42,2f51a062f05fcf88662272c35544cfee
二色カラーまつげ　黒,Two-tone Eyelashes: Black,10920,7ac8c9facd812e1acd7d51f2d70ff0d5,d7f9b84ab9e8daa3fa5c12faded34ca0
二色カラーまつげ　紺,Two-tone Eyelashes: Navy,10921,11e046e44957dfd6b76c21f0fba243e2,110f6d094ae671c8bcb0403509fe2888
二色カラーまつげ　茶,Two-tone Eyelashes: Brown,10922,4a76e7460fffdc315dd872126393cddd,7be190318b80a61060f649eb4fdcdc58
二色カラーまつげ　白,Two-tone Eyelashes: White,10923,01d9b0e166599e6317d91bd09eb065d3,8997e8676f0a6b53fc1ad1bc27efc759
くっきり太まつげ　黒,Thick Distinct Lashes: Black,10930,1885591b2c4b0a056db6dba00ad21b90,93f1f6741725377b1fe9ac4126dc2d40
くっきり太まつげ　紺,Thick Distinct Lashes: Navy,10931,10e4a65250801a9fb26005324784f445,4a7a81a1d728f682c62552537f2f072a
くっきり太まつげ　茶,Thick Distinct Lashes: Brown,10932,dc2973465495a122e2acc70006d8dc0c,432ea66b6e86ca8c2841e25dcc7c4bbb
くっきり太まつげ　白,Thick Distinct Lashes: White,10933,f5dbe27739c0b1ecdaf5ac394d41c6fb,e18ce544f0ba024dae7b757b2e4b0e60
グラデーションまつげ　黒,Gradient Eyelashes: Black,10940,4a12bffdf4a6d5451e12178f7fe470b7,a705dbb2cd124dbef5f0899b4d3c9a3f
グラデーションまつげ　紺,Gradient Eyelashes: Navy,10941,100e2f83a9b7248b8c47d65c05932755,8da0fddf7a6960ee427c97ac5ddc1612
グラデーションまつげ　茶,Gradient Eyelashes: Brown,10942,983c9e85b2126d3bbb5330b42527b3d5,75d33236f289923f38ac9617f9b869e1
グラデーションまつげ　白,Gradient Eyelashes: White,10943,558c0d414f1216d33c0434b8d0c97084,5141a79f42c25fcdfaa733e340ba0b75
フサフサまつげＣ　黒,Full Eyelashes C: Black,10950,9645c31a02590bf468dee2bd9d233d65,a51ac2fe9030984bcb1fb397f6e8dbc0
フサフサまつげＣ　紺,Full Eyelashes C: Navy,10951,675215a8f1c39d5e1f710143d581e083,4143f779f7180e175bb877de995227bc
フサフサまつげＣ　茶,Full Eyelashes C: Brown,10952,ca950297ec8e00ff1fe64555e7c7893c,cbe981d36c8cf2ba764aac2f46389233
フサフサまつげＣ　白,Full Eyelashes C: White,10953,113b5241e2ad7266bff1bfd6d8d5fbd8,51da3a4afd203e1d99cca0d62591aa45
派手くっきりまつげＤ　黒,Flashy Distinct Lashes D: Black,10960,5becde7957d835b2aa94f50fa5abe261,fe5471150c6aacd4cc0c231ade4dde25
派手くっきりまつげＤ　紺,Flashy Distinct Lashes D: Navy,10961,2a9d431712c6627ec1596aad10ffc43d,16f76bdcaa769234e06f3a198416dcb6
派手くっきりまつげＤ　茶,Flashy Distinct Lashes D: Brwn,10962,fe036c24d40c2a4bbc3d25e90e3aad9a,f5750f03cfcb7eb26d829d1f73b0dc47
派手くっきりまつげＤ　白,Flashy Distinct Lashes D: White,10963,46f0c094458931beaec3dc960ea050cd,a48563f11dae84acc4a1bedcdc10ec44
ボリュームまつげ　黒,Voluminous Lashes: Black,10970,ccd889d76014f017916557d212a444a5,381688fc57619577c668efaaf0b8d6eb
ボリュームまつげ　紺,Voluminous Lashes: Navy,10971,c343997a4692c5c30194e0a813ebe89d,7fb4aeef95281c449370081fb808facd
ボリュームまつげ　茶,Voluminous Lashes: Brown,10972,67e45b19821f2d3e62c5104cca50ff9d,c0663b65a3b668aa5c93e73fd4cc3879
ボリュームまつげ　白,Voluminous Lashes: White,10973,3b2f7c632ea1ea2d45b7489348fc46e6,cd2b85c95e15e6767b08d26f73b060a4
イラストまつげＬ　黒,Illustration Eyelashes L: Black,10980,8d21875a9428537eace5919dc11cec75,db675e054c7452c68b50235480ca8376
イラストまつげＬ　紺,Illustration Eyelashes L: Navy,10981,551f7ebff624292517c7e9022a923154,649e8684b4bb4d93153b444ed6e4a796
イラストまつげＬ　茶,Illustration Eyelashes L: Brown,10982,035dd3685f42029c705eade2b77e9490,f48523c0d5209873afe4d670e3fa57d5
イラストまつげＬ　白,Illustration Eyelashes L: White,10983,46b1f45b5612e63791e9096e4f31bece,5444eb030ac24db3101425bc16af8cbf
グラデーションまつげＢ　黒,Gradient Eyelashes B: Black,10990,812b71e9eaa267225c44561ae161193b,ae0a0643434258a54fd4c2114978e94b
グラデーションまつげＢ　紺,Gradient Eyelashes B: Navy,10991,0fbe1a42ffa3b6548898fc5de5aaadd6,db46e6122b0bc073b17b1739711aea3b
グラデーションまつげＢ　茶,Gradient Eyelashes B: Brown,10992,43f8cec3f8110d9c00ab5f3ac72f5729,1500afdca7744cfef54310a0902f71a7
グラデーションまつげＢ　白,Gradient Eyelashes B: White,10993,6a0775cb58aac8b576dc431809620462,71b12325bf1e20ba37f0b2c62271557d
オプトレイオンまつげ　黒,Opt Leon Eyelashes: Black,11000,53811e73b50826210f6283473a1a588e,0306fafdb74b4067ecf6424dd4cc9e7e
オプトレイオンまつげ　紺,Opt Leon Eyelashes: Navy,11001,386e9d860499f5395bf47206f9480118,1802317beddf77d896ab4486fd9935bf
オプトレイオンまつげ　茶,Opt Leon Eyelashes: Brown,11002,adda74a6a2219d9b1ba36c5dd26a50a7,c3898bbff3080be1cbbef14426591662
オプトレイオンまつげ　白,Opt Leon Eyelashes: White,11003,e7ddbf46ef542f6e3a722185bfd9ae62,72bf3ba74d6db2a72fa0a0fd973c440c
パッチリ二重まつげＢ　黒,Defined Lashes B: Black,11010,51e35eff44acb2ee1fd3fd6a13cc312a,39639dea642f27c1bf1db6e8e3e8231d
パッチリ二重まつげＢ　紺,Defined Lashes B: Navy,11011,30d0635b08847fd0de439b084fe7819d,caa56c3138434b18544804429ea6a2e3
パッチリ二重まつげＢ　茶,Defined Lashes B: Brown,11012,10d46e3759113439740cfc2b17cf4b26,466ea8ffd6b9641099e752d6579d61b1
パッチリ二重まつげＢ　白,Defined Lashes B: White,11013,140bff165a89fa3639b1145d08d29847,ded681636ab56c63181c3f17cc651214
短くっきりまつげ　黒,Shrt Dstnct Eyelashes: Blck,11020,26dbb37a2a9982fe09bd208ac42ed73c,a34ef49e15ee889c21b954d514dc7e83
短くっきりまつげ　紺,Shrt Dstnct Eyelashes: Navy,11021,f8903ac0eaee6375ed90802a6dad1ba4,5de95feb7e497035a340544a0192a1dc
短くっきりまつげ　茶,Shrt Dstnct Eyelashes: Brown,11022,8b44f99712d0b04b81f7eca345d15ca2,f43b849635a52f02ad892bf8ec595c05
短くっきりまつげ　白,Shrt Dstnct Eyelashes: White,11023,a32897d482926b785d5f7eb397100ef2,fdcf289bfae719fef06ca031c7fb8ae2
薄まつげＣ　黒,Thin Eyelashes C: Black,11030,a495c3403ce6651c5d74956b75c7d050,0161757d623c2505ac6270c6c3565400
薄まつげＣ　紺,Thin Eyelashes C: Navy,11031,10bae942c08a530441e0c9d5a5172d01,6544321fab535b876377f95f0b5c7c0d
薄まつげＣ　茶,Thin Eyelashes C: Brown,11032,8672ba16fe9bdb9fb22e283e4b8e4e0d,3159fd353bb1296edf90912540afcd7b
薄まつげＣ　白,Thin Eyelashes C: White,11033,bd80d5791bf6021309c6329d6de663dc,ae415b5bd59fd937d70f983d6f79f90f
二色カラーまつげＢ　黒,Two-tone Eyelashes B: Black,11040,4082f4b98b16abd551871b9dc3aeaac8,8e2800770bfc7335b3425726e56e94af
二色カラーまつげＢ　紺,Two-tone Eyelashes B: Navy,11041,f43fc25ae00b79b1b0f2574b9859d6cc,e4a8a758c8d0f61599b80db1ee3ac822
二色カラーまつげＢ　茶,Two-tone Eyelashes B: Brown,11042,81b06ccd4eda9822d1ed4f302608d25d,c834540ebc3aa153b3758a7b2c2c1af2
二色カラーまつげＢ　白,Two-tone Eyelashes B: White,11043,4395eb750df9896495190ad7ca5fd060,7c6bd71298d968468e1422d94ae8d350
ふんわり太まつげ　黒,Full Thick Lashes: Black,11050,b9c0b109c4e1b3c335af32c748c78aab,02a26db724f3ed068d08ccbbb4846720
ふんわり太まつげ　紺,Full Thick Lashes: Navy,11051,6005c98308a426ff2eae922cd1fca64e,04c9910105417760dbf351a9d78ea864
ふんわり太まつげ　茶,Full Thick Lashes: Brown,11052,960deac1e076ede8a643d543548d2515,27103b5fe8245cd11c75fe4cd2d49e79
ふんわり太まつげ　白,Full Thick Lashes: White,11053,28e42f4dafc89314de35d8c6cd109487,54a6a7e6de5c243bc443cbd8a3ab4051
三角まつげ　黒,Triangle Eyelashes: Black,11060,9e723c37bc386c02b29c8d108c2b798d,8ae4d973083d7e57a83df0dfa1f64b39
三角まつげ　紺,Triangle Eyelashes: Navy,11061,5acb71d444f7289acf860cadf9e58114,b7f92cceefa210d65fc6a15d5e7f1f9d
三角まつげ　茶,Triangle Eyelashes: Brown,11062,e4013ce14dfd6d306f3a3408d9879eb7,f7e9151b3ae99c321c79a52d96f67c5c
三角まつげ　白,Triangle Eyelashes: White,11063,0ac753b2cd8e1a3169ce6cc1c78753a9,8f036e31851589255544c4a97bcd736f
トゲトゲ上まつげ　黒,Spiky Upper Lashes: Black,11070,4c1c2d87c9c5026f9877a2e1deb13b10,b136117062876771cc9ad8d4cf46b972
トゲトゲ上まつげ　紺,Spiky Upper Lashes: Navy,11071,39aaa0aa56bfa3024e9420e91a8b7249,778688672a9080e1f740202321292105
トゲトゲ上まつげ　茶,Spiky Upper Lashes: Brown,11072,0257660f6babece7f1c1ed2b2cb89ed4,36ca11534a78dadce40e0a370c408964
トゲトゲ上まつげ　白,Spiky Upper Lashes: White,11073,5df00a36f660a7138acb4d0bd2c5f7c5,93f05874137098f551d1313c9361bb19
強調まつげＤ　黒,Accentuated Lashes D: Black,11080,ff4b5aa7f90e43cb83c41b7ad87c2b78,3241d06a7fe9c2b34ab3a9058a218b67
強調まつげＤ　紺,Accentuated Lashes D: Navy,11081,4535f16674ecf251a0e4ce4adbd9a6f3,a52eef43751637319b29f160bc27ca66
強調まつげＤ　茶,Accentuated Lashes D: Brown,11082,f1ec37cad2ac2a27a186f076abb4e4c1,e5e4a4d23b90c3002e0f7021472c71b5
強調まつげＤ　白,Accentuated Lashes D: White,11083,d72b13eab8010d2799359563e6fe57c0,3854ce428fc951c204e0dc9d8f5be798
太束まつげ　茶,Cluster Eyelashes: Brown,11090,bea3486c680a046688454bd101a0eec8,7feb9055e2ad048b43852c65d7ee9d97
太束まつげ　紺,Cluster Eyelashes: Navy,11091,1b0cd5510beb51b8a0aba0bd52b75cd9,cea9857426857b9fc72765228be4b222
太束まつげ　橙,Cluster Eyelashes: Orange,11092,8f576685cfa7265b0f7a8197fdd5870e,64174af5f9ca8234250a60dd9d1fbba2
太束まつげ　黄,Cluster Eyelashes: Yellow,11093,bc7f683d0405a85e5a651c74414356d3,82d60a61a58346dee6d578f2c0e715b0
二本束まつげ,Two-Cluster Eyelashes,11100,fb1f1e7c25ca363cfd98ead919a80be5,e690cad74e07d609eeaa778b8ff1e55e
￥強調まつげ２　黒,,11120,3e1b6877ed734ae9c21a02321b0f2ded, (Not found),ec92741fed885561fafff416b15c74db, (Not found)
￥強調まつげ２　紺,,11130,a3e27044c1ece57814908922adfe965c, (Not found),5fd743397a26bdf44fbcc0c870098a39, (Not found)
タイプA,Base Eyelashes A,55000,ec995aab96bdd0924d09e6c756bb003e,fe2b929c1a5acab36abc7d3913f97115
タイプB,Base Eyelashes B,55010,0847e2a39c0c07e284d9a54d1be9baa3,c49f06762708be80fc79c9221c9049a8
タイプC,Base Eyelashes C,55020,0cacdc30724187eb46fd6457c8fd5a36,e44c17a6989bb80a3a5495e238e5c7b7
タイプD,Base Eyelashes D,55030,e1195341482135e7e09c74c03f78082f,45023d663717c30ee48099db98eea1c9
タイプE,Base Eyelashes E,55040,ada7fe0c898c17335fd92da94d329a8c,f55838b82ed40658d0f2f17434f91cee
