タイプA,Shape A,0,820a3077647b02c082f8beba2f8f6ad4,f08574f857d4796e7d99c6f9921c3fd3
タイプB,Shape B,10,be252b28314ed0135b5386e86134399b,034615f2dd3e59c57f0c0e4ed45e9ef8
タイプC,Shape C,20,a81528d6edf8454841f9f18fe687837f,5d56d7c2e0bf713677c984a2f52a78c3
[Unnamed 21],,21,5c52ab8a10751bdea807410be3c78032, (Not found),8d63243229854c3b97d6ced9e137bc74, (Not found)
[Unnamed 22],,22,ecb4d1b11743cc536f9823307b5fb975, (Not found),4a3e8f2b411170766adecffedfb3fe2c, (Not found)
[Unnamed 30],,30,2d9317aec0373e7aa3546bfbe143ce33, (Not found),a2521f79a5c992ad5f01ed5be21f0307, (Not found)
[Unnamed 40],,40,fb57fa88364f2efea11b3ced0aecfa38,71059e70c1667765fee3dfca70726bfb
[Unnamed 50],,50,11fc37119ba3c27721c7c2f317df8b46,771b1bdae72e48776b4352920e525435
[Unnamed 60],,60,08dd8895566d1e66d7c128e3740ca220,ee7e1ca4a1cd75038a60e44ad2fdd700
[Unnamed 70],,70,c7079c4acc70324838deb03b7d9be63d, (Not found),d7a184c9794b0e7e57f8b3a3feaa4571, (Not found)
[Unnamed 80],,80,6be6726be02ce8ae88ab96248043df54, (Not found),3a45a25debff76570d0099425db9652b, (Not found)
[Unnamed 81],,81,8e2467b356997f4cfafa141e5dffd9a0, (Not found),55059342b7a987e06c5a3bc90f5db071, (Not found)
[Unnamed 82],,82,41551e0f656432e8acc740dbfb6dd0de, (Not found),9cb833a24e18881d29c74394ad1ee764, (Not found)
[Unnamed 90],,90,6c8fec75f1b0ea1f5fd6eb33d61448c9, (Not found),a2af45e411220bf0c9a5a946a4ab3909, (Not found)
[Unnamed 100],,100,26b1713ed1d736473414f0867b22403a, (Not found),78c2b829573cfcd7fb25180e2901d877, (Not found)
[Unnamed 101],,101,714a86c58a770347c83e06c3d2f1c967, (Not found),bfb30f827f28fdbe241f9abe4a0f72b3, (Not found)
[Unnamed 102],,102,41380f8336d25d161f4b34d3c61bc5fe, (Not found),1939f9b4b6adcd71ecf48366eed38983, (Not found)
[Unnamed 103],,103,6c1e4f4bf897615d081c6e22ba668de8, (Not found),a04a01fb1dd0ce9d6581e938c16b3117, (Not found)
[Unnamed 104],,104,5b60dc79db2fbeac7eb097e8c065f5ad, (Not found),55571c13479518f6fa74c75a7310c098, (Not found)
[Unnamed 105],,105,32766acf03f8803dfe64a3f9dba24d30, (Not found),b9325725a9b2bacfec96509690eda4db, (Not found)
[Unnamed 110],,110,b68d76dbe7c89eda2dc07d79317551eb, (Not found),28b5a92389ff15200c3963ec5d569409, (Not found)
[Unnamed 120],,120,b793f391639836bebb1106dadd7d4e21, (Not found),c5d6c8756a487f877868e6b7f4332ad9, (Not found)
[Unnamed 130],,130,f4091ab450a4376493491293a86bc32b, (Not found),dcbc60e791b5c2025b6903533fee0231, (Not found)
[Unnamed 131],,131,1e97eb99ca0acaa1771b8236ee01194c, (Not found),839f1db43ed1f79af2bd432fa4cf2eeb, (Not found)
[Unnamed 132],,132,40359fbbf44ba461cf560217ad3485b6, (Not found),5cb5596e3277ccf4be1fad4bae2a7210, (Not found)
[Unnamed 133],,133,47b18d73df22363d987ef1e5ca0de102, (Not found),d2f0733a014969ee8c4d0ece36ef220d, (Not found)
[Unnamed 134],,134,bcad58fd8719abfca510c30a688a745b, (Not found),97376abd1985db674d9f949ba3422131, (Not found)
[Unnamed 140],,140,2a8788dc553505e24c5fe8bde5af4e84, (Not found),7b17c8561daf0402da1ce9809d712c37, (Not found)
[Unnamed 150],,150,900e8e6ba24c20fe4bd1b4b3fc8d2863, (Not found),3ce7782dfec31e2a92bf7ed1ac00faff, (Not found)
[Unnamed 160],,160,df5b05935799b9f530dcff0fbd47272a, (Not found),87224c81fdeda1978b21f079af6e730d, (Not found)
[Unnamed 170],,170,301628bc30240734f3cdada8a6083809, (Not found),043abb67bfa9b355b18dfa7962a818ff, (Not found)
[Unnamed 171],,171,bdd5f515a89cc5f39eb8d02e690367fb, (Not found),18d04e5b0cb45a74f39664ff12e095dc, (Not found)
[Unnamed 190],,190,6b80cd65d0cec8513c7d2b60b3c89515, (Not found),ee6cc726bbb6c96b59fae1bfbae590f2, (Not found)
[Unnamed 191],,191,33f3fc9e816adeb79c4493d44ba636ac, (Not found),03c19d4add2a421a503ac26a8fbc65bd, (Not found)
[Unnamed 200],,200,a2d333322ab728c41e8f448517a5ee45, (Not found),349440492f75146f1d1fe535820cb9a5, (Not found)
[Unnamed 201],,201,51e3a954015c66ce4c0494aae716044e, (Not found),729b9ada69317dd158acebd0bd25eff4, (Not found)
[Unnamed 210],,210,84d6362c4a4af1bd57cf3bebef9c21b7, (Not found),1b81c7ae579d0707ea5cd38422e8d4c4, (Not found)
[Unnamed 211],,211,ffbd940ff4435689c1b5aa860c12b008, (Not found),51e534a879ac2aa3a4f15d081f6eb5cb, (Not found)
[Unnamed 212],,212,e965f8ffd6bb30f05ae7f8bd6d809244, (Not found),0a1d10570f5056883ea270df1466328c, (Not found)
[Unnamed 220],,220,13bdd22cf712d4c392db069f18d18eae, (Not found),81a90fc58c20c2ad3d08741139515cca, (Not found)
[Unnamed 221],,221,758d14671186da26de6e0bf0ed392ce6, (Not found),78a7e7a08fbcf68fd838d146b0ded88d, (Not found)
[Unnamed 222],,222,b1b6c7af10a816991c09e1e200ae6916, (Not found),6f0d941c9f6465096df4815053561b82, (Not found)
[Unnamed 230],,230,7675372fd9d42914f6fdf77c43542d08, (Not found),09b1e1b42aca23539a01a2e54d34faf6, (Not found)
[Unnamed 231],,231,311aeee4627db042adb1860e566cc87a, (Not found),d4f6e5052ce9cb13e28ae66b7eb0b9ed, (Not found)
[Unnamed 232],,232,9121077e851af8d4528845081e9a3bb2, (Not found),c1fb4f0d94e8a52a10a68eb1469bab3d, (Not found)
[Unnamed 240],,240,5bfce4c820f4bacd4c68f057b49f8f12, (Not found),a8dd22ee6e90409041cd35c7828fbbf3, (Not found)
[Unnamed 241],,241,dda57a3da7b7d73d4f4d20988a709802, (Not found),2d2af5cccb4810bac311dbd6cc0ba6f1, (Not found)
[Unnamed 242],,242,8d0d5bf6a2841a270df10d1e64e81bd1, (Not found),976206acc431dca1caeea81a772b8599, (Not found)
[Unnamed 250],,250,d5e8ec9021817d3143d36d51b42db3b3, (Not found),6ec0622ba99cf2b307467ae67eea55b5, (Not found)
[Unnamed 251],,251,3e3bc9d7ceb9811801f252636a52d465, (Not found),37ca21fdf0532c19543fd386da78997c, (Not found)
[Unnamed 260],,260,8bec7e14f8f5fab414daf51ce23cae62, (Not found),7a42451df4c338c586fd8cf95ffde753, (Not found)
[Unnamed 261],,261,6b49642ce830ec9a8ca18982d4433407, (Not found),6d235c7166717101e6942d68c5c9446f, (Not found)
[Unnamed 270],,270,77404943139ec0a5b451ec8b083ef673, (Not found),d93ce39ddac4e0b2d12ceb5226d77eb7, (Not found)
[Unnamed 280],,280,fc38635864e6e4b576b34b1dc3733f25, (Not found),8bc56010dc7035aef1a10fa7445c1102, (Not found)
[Unnamed 281],,281,b6f51c20d3d8470e79d75e4a299203f3, (Not found),1312715c6d47f03b5dc653651d724cd3, (Not found)
[Unnamed 290],,290,a79afaac2a2f157350aeb681ef06070d, (Not found),2e95b547d2f711e99d50ff41bbf7da59, (Not found)
[Unnamed 291],,291,874ff8717ea0aa41ccb018e4635a977b, (Not found),b700a1af6200e3d9b038fe81682cbe18, (Not found)
[Unnamed 300],,300,733501a02001aa690a61b32310be3f1b, (Not found),9dc978b463326116aee5c5616447d3eb, (Not found)
[Unnamed 301],,301,319d59a945256a3086a5c6c991aa9d98, (Not found),25e3fdcab0e288198e32b09b036bdc68, (Not found)
[Unnamed 302],,302,3121248fdab0e5f1ca59e701a6c5b8df, (Not found),4952443b79c551184d030458645cc50b, (Not found)
[Unnamed 310],,310,ebf05d4f93341038b9fe8bd93075c762, (Not found),632c021291c5c027aa853a1e12c04522, (Not found)
[Unnamed 320],,320,79943fd588c0d21d79ecd0905e8920fa, (Not found),bf780fe9ccd7f10b6c42217f049e5cda, (Not found)
[Unnamed 330],,330,3ef5c5d9bcce92bbaa8cddfa33b35603, (Not found),21b031d3d397af95542e00122b454b14, (Not found)
[Unnamed 340],,340,b7b01ef9867077998e59a59adc152b47, (Not found),51e70376209ac3453945b4f68234c962, (Not found)
[Unnamed 350],,350,39e37b688b786b817635eb279e6735ed, (Not found),9fa16aa56ff4f0427ad30f8599ee4596, (Not found)
[Unnamed 360],,360,ade2b475aaa4621409495d5b0a3d42dd, (Not found),5493296bc96e98a65a2ebf8a9fd9d77f, (Not found)
[Unnamed 370],,370,e495af2f3060fa2ec4c493fb0e808949, (Not found),1e8f14d5af746847b03bdbf0ce5d4157, (Not found)
[Unnamed 380],,380,15320aeaac1afd8f3a2abd49401437b3, (Not found),d81d3242ea3b8da133ab71731dd4716b, (Not found)
[Unnamed 390],,390,5bc2774668958b2ea8d0d7ef6f378161, (Not found),97accd8a69035f9985fbaf896d6b4c25, (Not found)
[Unnamed 400],,400,1b08649f9ec138abefd14aa6a4d50ba5, (Not found),8342f1198f27199aba7ab34705083745, (Not found)
[Unnamed 410],,410,53ecb596c11f2cb6fbd12604d77487bc, (Not found),f11ca3ec5e66a79753d678e8cda88ba6, (Not found)
[Unnamed 420],,420,84556151c2e8bdd1b1e2212a253161f9, (Not found),d01eda48049de77dfcf2cd6748b3d37d, (Not found)
[Unnamed 430],,430,89f0795d0723b6cb96fad125a2ea4cfb, (Not found),5b9b5b95aab19b16ea0108c00215cc7e, (Not found)
[Unnamed 440],,440,94dcb10f4c673df784f9d3e26c5b3075, (Not found),f95249b5d8f7b444ade3dc7ff6dcf1a8, (Not found)
[Unnamed 450],,450,44babb6f49cc1b5ee5bf1bff01edd876, (Not found),be6911f3f1715978e2f1c8af9873f54c, (Not found)
[Unnamed 451],,451,c8ca023050ab8d961311e1726d1e2981, (Not found),9fef4d1dc98705ddf5a1bcf9be562b69, (Not found)
[Unnamed 460],,460,1389c5038841f44a7e554d59af32ddae, (Not found),761d1ece3684cae76f682ed283e778f7, (Not found)
[Unnamed 461],,461,9e9f3d18f31cc54d103a6216c86a3d6c, (Not found),be6ef3e9fcb524e29b07be16fe82153a, (Not found)
[Unnamed 470],,470,919b0d79c6f12e121e1b230585185c45, (Not found),ac8e383cc149eec1e2b616d7ac45bc4e, (Not found)
[Unnamed 471],,471,4f82accb14e4b1e7358e35065450034b, (Not found),339dccf13f823278070baa07b3cffd51, (Not found)
[Unnamed 480],,480,13d6d2f7d6fe62147e31ce9837ae8917, (Not found),5402e27d5533cfe0de1d9b26db7b676f, (Not found)
[Unnamed 481],,481,1f1c9e6ef9a21911ab789cf2f3bfbc86, (Not found),8046795ea45d1695dd00f988f8fe55cc, (Not found)
[Unnamed 490],,490,3be81f3f78c5ebd1a237948d0eaeab8e, (Not found),1b966d73b1a8643286a1bb24ddcd41d4, (Not found)
[Unnamed 500],,500,829636c4bd628f07020b121de03875f6, (Not found),f48dfb2fbe0743c2678d22189185c522, (Not found)
[Unnamed 501],,501,c5f50b758cda48f715aa8d4fe1f64139, (Not found),1ee394aa43b153835d036fd8a46ea802, (Not found)
[Unnamed 510],,510,3f469692261a935be8d48f6fc5c5502a, (Not found),f9772bd80f44d329648bc58c2151dbb8, (Not found)
[Unnamed 520],,520,850e982b138c98ad3bd46a0da34e05b8, (Not found),985e41ed5c5020c41d07f4f2e80c0694, (Not found)
[Unnamed 521],,521,f876642d53bfd9df515851f22dc23a92, (Not found),65a65243e5a0de151578fc0d99424e99, (Not found)
[Unnamed 530],,530,ae5d92652ae18ad78a43cb802d510620, (Not found),5784746d81fbe5115505f19d181dd445, (Not found)
[Unnamed 540],,540,ea0815ff0ca291c419b5d53bbd79f0a2, (Not found),b1a3461749da5d2be9078415f47dc953, (Not found)
[Unnamed 550],,550,efed131f9dee8ab7c894ccea48c39c4b, (Not found),e1c63c927e1f560d64d88e520a7faebb, (Not found)
[Unnamed 560],,560,0eaa740116ce872b82d7a20a3f86d0c8, (Not found),1a2e03fd9f5f2711b0b4cc43bd1c3bbe, (Not found)
[Unnamed 561],,561,0fe3b1394c777d2cf3d42807e63fcdc1, (Not found),0e6608e6dd4431e46f0a900258ecfb92, (Not found)
[Unnamed 570],,570,ec0e976bc238be3f1cd04a2f2db1ac28, (Not found),6a91163fbad4c254e5bac309ee42a296, (Not found)
[Unnamed 580],,580,b90579bbe5cdeaa03431ac498d7ccc4c, (Not found),0ac54aa280a9d6f426f934d89618d81f, (Not found)
[Unnamed 590],,590,5d6797c98a2cd78c0b9ffc8be6c5f301, (Not found),ae927c719f7ae31ffe54bab884a50900, (Not found)
[Unnamed 600],,600,d1bad8308fe3661f4275e8d3975ad6c5, (Not found),2c7da4d3a9ce3d61b95c30a04eabf993, (Not found)
[Unnamed 610],,610,c878d3c4492d7808a805b5d0de0f101a, (Not found),beff8c02aa646160a7c6973359d4b44f, (Not found)
[Unnamed 611],,611,5a7ef9594fae11524e6ed4adf113be2b, (Not found),a7f70880fb3b381f33f5cd39b8285387, (Not found)
[Unnamed 620],,620,dab79c005bc6632018a4b31afe003e72, (Not found),f4b30a588b70fdc79de6fa41985a4ab6, (Not found)
[Unnamed 630],,630,5b2bfd6b1abfbf45341a21504296eebe, (Not found),7f56666742e2211e6deb933501e755c3, (Not found)
[Unnamed 640],,640,ce84af5dabc0720b4afe91e594305d7a, (Not found),a5fefb07f809108cc391f2180f7311b6, (Not found)
[Unnamed 650],,650,bcf15707cc3e9ddc0b895ee782a4ed6e, (Not found),1a0d96c8e4cc6717fd0886a123aac2df, (Not found)
[Unnamed 660],,660,74f8ae73db32c5073be40f5d8965b4c6, (Not found),f2820165e0affb30aa8deb6ddcec6775, (Not found)
[Unnamed 670],,670,943f656a0ca393c1d65c6baaad4cd553, (Not found),35622363f2df61dd74ba586f10c45199, (Not found)
[Unnamed 671],,671,21260f6dcdd6399f28403ed687c700ad, (Not found),08e702fd18677725953d6e8f4fa4a4b8, (Not found)
[Unnamed 680],,680,4b38793c115119507c1e65b4b8d9e37f, (Not found),eb8c7697a5ebd928032b8ac99c2b85da, (Not found)
[Unnamed 690],,690,f280ebb70fd18f086d32c6261f919aea, (Not found),ac4717969006158cb5134c1b06d81493, (Not found)
[Unnamed 700],,700,4a52f323aefd9bf5491e9ca3ebf6feb1, (Not found),ba5a90f9f18af5e7d059a33c8e60f9ad, (Not found)
[Unnamed 710],,710,5d66163e3dd15ea968bac72395e36f91, (Not found),1f9caca8c083d8e9911631e729672f04, (Not found)
[Unnamed 720],,720,2dea8a20a2e6adabb95c6794f754e3f2, (Not found),8facbed27fbdb1e20a3a235609c21bfd, (Not found)
[Unnamed 730],,730,2b72512ae126859e3bf5fc9aa85e409a, (Not found),e9dcdd0a8bf7ee631cb7014364709710, (Not found)
[Unnamed 740],,740,f3b3ea352dc5f6b3ee242dbdd98922e4, (Not found),3c5be69816d5a87e2f3a2291708b3797, (Not found)
[Unnamed 750],,750,c9efd753198445d7a99cf13e4b1214d8, (Not found),6526f820176b681d8047b18658f9d932, (Not found)
[Unnamed 760],,760,7bc474762754bb10cb5db37ead534375, (Not found),0423fa79eef7a3679eb9221a8ba7a94b, (Not found)
[Unnamed 770],,770,08b5d48b8520ac945eb596e68d873924, (Not found),fef1bfe8bd56aa471265a65ee9406e15, (Not found)
[Unnamed 780],,780,c885444b385e0764e16d2534c40a0a6f, (Not found),756cfc8073d2e514b5786542f53f8229, (Not found)
[Unnamed 790],,790,e620a5fa6e376c3d9dcdef8feb8b2f15, (Not found),a9768e4ee1e3b2b78a38f3462ea7722a, (Not found)
[Unnamed 800],,800,e145cb911381a4a61d86d1519b7cf858, (Not found),bb4b1919fa6a6c0f157fc19228f3ae55, (Not found)
[Unnamed 810],,810,6821996c15b7a8ebf1cafc66ae91163a, (Not found),6ea759cdd834a5d32647763a272cdb7f, (Not found)
[Unnamed 820],,820,a5d5cd28481bd05fb7ad3588d6fc5cb2, (Not found),314c27d571ed1929fb1c3608cdda44b0, (Not found)
[Unnamed 830],,830,e391919dbe8a83a302ef67f949dc64e6, (Not found),2e645da3d66a40fa782a6c91b3e4d2b8, (Not found)
[Unnamed 840],,840,a8b4aa18cabc4e70773d8a14147313fa, (Not found),338335fa492b76e191953ab569d893fa, (Not found)
[Unnamed 850],,850,ae5960c8a916a4d4f41720c3a8908a1c, (Not found),35caca325599d2fa9f72ce1af7d199b5, (Not found)
[Unnamed 851],,851,b5efd632d12de734daa05e1c9e559c34, (Not found),e9aff245ff2b7ce1e6c74e774af94033, (Not found)
[Unnamed 852],,852,b7b2fc30759a1899aa2cdcdd6ebae83f, (Not found),cdcdd32439a0804be72420bb0adc62be, (Not found)
[Unnamed 853],,853,5b8c979cfab6482247019aec89b48261, (Not found),a25a8da127c434dc7e105fac9c6b67eb, (Not found)
[Unnamed 854],,854,6a2c84ed19bb15a396e93bb8ce7277e1, (Not found),ab63bd5ef59159c50f3c909bd51b103a, (Not found)
[Unnamed 855],,855,9a622a39d4357b2fbe963d8a1a296070, (Not found),402afdfe8b99758fa0d83bf05a9f7d4b, (Not found)
[Unnamed 860],,860,a3e640a7128be05e8be1ad23c2b31d0f, (Not found),d843e4ff91ef626cd8d690404aaadc2a, (Not found)
[Unnamed 870],,870,e0334bc613f65ee7fb9dc2d01e276b2d, (Not found),a9e65dd4171fd78ca784029c85f4603b, (Not found)
[Unnamed 880],,880,571327d7bb196a91a51f84a4419b118c, (Not found),cd78db2dd2d333e33eb405873f845076, (Not found)
[Unnamed 890],,890,774f66db34de9ca884f6b8a7c630ca63, (Not found),b9f08690f0e1e0a7522dc4f154b422b5, (Not found)
[Unnamed 900],,900,8372144efa6d341abf6bd045d6c5418d, (Not found),af7a6885f7b19c3da26761054a4c5a5a, (Not found)
[Unnamed 910],,910,ea5dde380621cf220200fc413c322d0c, (Not found),81e2ee8ea12b102682d56f64d9a7edea, (Not found)
[Unnamed 920],,920,1a8a9d7b7939a2f4c5ba1e4deb3d607e, (Not found),831fb77883e140cd661a3edeb7eab45a, (Not found)
[Unnamed 930],,930,0a1b69ceb6b6c0b5b8c7df223f200597, (Not found),34223e5e9cae04e969442271d1900216, (Not found)
[Unnamed 940],,940,66e9d0a4373684353b21816f0570fa81, (Not found),0c3bcfb2f00bfe8256bedb3154b89cf5, (Not found)
[Unnamed 950],,950,bd9edbaacf9c4a9f26f45492faaba77f, (Not found),0974ea4a74e291296c08b20139a259ab, (Not found)
[Unnamed 960],,960,ea9a0d3da284540ba49dcbb4f3b67ac0, (Not found),52742abc17434fe5051c91979d89bf13, (Not found)
[Unnamed 970],,970,d18d74d3685c7cbfc9c14d5433466cb9, (Not found),d3e1d98a6b4d1d3f125bd9aeca3c0cac, (Not found)
[Unnamed 980],,980,f96d70a029069409f2ddae75dc247be8, (Not found),e9c0a3f5acbd23a33cbfb61df800916b, (Not found)
[Unnamed 989],,989,a97696ec6471891585f02aae55e0fb3a, (Not found),35f32f3b968715b767bc062e5a200c82, (Not found)
[Unnamed 990],,990,d0db9752a474b2efb06c81ffa47b7691, (Not found),0b54bbbdcd19ea5175590d88bf0336ae, (Not found)
[Unnamed 1000],,1000,2f5397d21abe7b81280e5dae02219d0c, (Not found),b5af9d49f3aa2270f8d86e07167026a1, (Not found)
[Unnamed 1010],,1010,c119f229d7aa7bb784b3156f4dc8f836, (Not found),6ff1cc63702f5b36cec56675fc1fcf8c, (Not found)
[Unnamed 1020],,1020,311695cf6deb15ca98e488186f064cfc, (Not found),fbb7944008a36e9575e0893b71aa031a, (Not found)
[Unnamed 1030],,1030,5bd9756df9f7cccf2f1bafd0c33940a7, (Not found),767666135def4309ec3aa56c682b9510, (Not found)
[Unnamed 1040],,1040,8f2d5f73259c374959aac30da91f659b, (Not found),c89f02511a86c793ffa750e97bbdb8ae, (Not found)
[Unnamed 1050],,1050,ea80ea1e1085f158c53ba9b47afd7f72, (Not found),dfc21141d4bd7c46fb461e9418a2dec9, (Not found)
[Unnamed 1060],,1060,7d5f14e3d1805030cf2da0e9273b8c2e, (Not found),2dfba8e71a9396235df866072e318390, (Not found)
[Unnamed 1061],,1061,0498968a7145b111535c4f3ecf7628d3, (Not found),74471913b9fa6dac11142c5b4b053e03, (Not found)
[Unnamed 1070],,1070,f5405d8dab54ea868e89a412ae0d5949, (Not found),3b5a84c64f67cf92b677958f604a1144, (Not found)
[Unnamed 1080],,1080,3bdc86bae8e015536bbf8d5d62fa2841, (Not found),e216024c6412ac49c143a67a4e01e79f, (Not found)
[Unnamed 1090],,1090,89ecbb7b252ecbee2aee7fe789870dea, (Not found),97b17cde3edd9725f80b78c7d43bfdb4, (Not found)
[Unnamed 1100],,1100,9b2b2b4a12588ac90ca4dabb582b76e2, (Not found),60a8f0c81f82511b0132e248abc2f613, (Not found)
[Unnamed 1110],,1110,64e0a2710a7a6f6c5a18ca1e34a9fa87, (Not found),59caee65a2116ef5195042cb457076be, (Not found)
[Unnamed 1119],,1119,8867b775c68848912aa3edd3f480ae30, (Not found),42114bf071f14a93515e85f5a620c28e, (Not found)
[Unnamed 1120],,1120,9250bccb408675a22ef58c11e4205687, (Not found),2b8b3e63d289f740f972c7f93d535c33, (Not found)
[Unnamed 1129],,1129,219c7b567855a743a1ff440d131a2eed, (Not found),0836686db77fc6069c14b29f7051b0b2, (Not found)
[Unnamed 1130],,1130,ecba7faed66ebd96b49423cccc7eaf06, (Not found),e1594f53a8c6f540e5740f1acd5d51f0, (Not found)
[Unnamed 1140],,1140,f9efedfdf07b6cc96c43d4b2b039d9e2, (Not found),725fe6133ab797681f24a626428b154d, (Not found)
[Unnamed 1150],,1150,9dc8809b540d91c2168a82d96efece96, (Not found),a02e935c6815ce9ceb2aaa0f7882708d, (Not found)
[Unnamed 1160],,1160,b5e98b9fb745e5adf5b8ee3dd45c4937, (Not found),99306a0c4309a39a00103fe872042f22, (Not found)
[Unnamed 1170],,1170,d5f06d5275c68918d2af7341bb3e40c4, (Not found),3259a75cd718794ab3d9873148cd49e1, (Not found)
[Unnamed 1180],,1180,ebb813b036bb02d891d0d6923a7f2233, (Not found),aa4dbabc499ae5d368bfdd93aea1a982, (Not found)
[Unnamed 1181],,1181,ec823168e12a5c5de5bda120d67eaa97, (Not found),7eca78870c026da8c13791266ca51de8, (Not found)
[Unnamed 1182],,1182,314980697e0c4c8811dfb6727ab10c57, (Not found),d3056764d699eef7baa5f9f5c63074c3, (Not found)
[Unnamed 1183],,1183,141e5f096119b533462230d39db48f20, (Not found),c15b2790a4fbd38abd72fd0687e108ac, (Not found)
[Unnamed 1190],,1190,50c056e7cbcbb3a89d73bfb0799bc4a2, (Not found),339e2a78ecee9d5c42d980c5e61cab0b, (Not found)
[Unnamed 1200],,1200,e877b8a16c60e24aea6d59fdec191dce, (Not found),9f622b4d0c0ce7034b5ca60fb20b11d2, (Not found)
[Unnamed 1209],,1209,c853f55e66e4294d2fae35cd35f39f72, (Not found),32c3c349c40ecb93303320e2e3563fe9, (Not found)
[Unnamed 1210],,1210,80622284f7bb17c58149aa3004ee1761, (Not found),4fcff4ae346ae629cf713a1532a1965a, (Not found)
[Unnamed 1211],,1211,bd6ad0ef3b5780115e166eff77def9b2, (Not found),38f944c774839b87d7eeb9e195ffc6af, (Not found)
[Unnamed 1212],,1212,ce65572206295d663efaa8c46b2f8cd8, (Not found),999990f2435a37f04f818c2ab4018be8, (Not found)
[Unnamed 1220],,1220,a3a43a0b7b1e308badea4452d7904a24, (Not found),71c2ee28639efffc2d875d00424d2a5a, (Not found)
[Unnamed 1230],,1230,70178050d2c714ef8410294e7784619e, (Not found),4398fbd71fcb58239c0ec0361752dbb2, (Not found)
[Unnamed 1240],,1240,8f945b9d4d86a6947bde3a3a67d3bc90, (Not found),a0f0d53dbe221755aba9e441549d8cdd, (Not found)
[Unnamed 1241],,1241,ab82fce4095c474debdc62a4e4dc55c7, (Not found),bb582cb803ec072ae7257d36eb31ab61, (Not found)
[Unnamed 1242],,1242,f33f0bd10bf57f12d31050c722d0bfb1, (Not found),0bdf69b1cb975db64867556359dd9221, (Not found)
[Unnamed 1243],,1243,117d6eba3c14241cd866980cc5696480, (Not found),834c852717d77b0b3d994efe060821cc, (Not found)
[Unnamed 1250],,1250,acd6cb60fb4e0f37f5b01c7cf3e4a61f, (Not found),5d03c2146af26aec5c4dd7c81d2cf8f6, (Not found)
[Unnamed 1260],,1260,2e610cbfbe160af4c708d0d0ad72aa92, (Not found),25ed4f4fb473c950125cfbc5b0137bb3, (Not found)
[Unnamed 1261],,1261,d54228ca661e78f301318a6f482950a8, (Not found),f4b50b5316f58c1139ea27cba2ae48f5, (Not found)
[Unnamed 1262],,1262,017ad5d4ff5b918dc779306104c23489, (Not found),09911b4810768bfcbb873964f9a14c0a, (Not found)
[Unnamed 1263],,1263,212a9503d4932a61f63b076757cd5a9e, (Not found),6c3007c4fc4313d2a19517e7acfdec04, (Not found)
[Unnamed 1270],,1270,58cda655774229d80e0acfe4d237268b, (Not found),b47eed4eee3e80d82bc72319883d000e, (Not found)
[Unnamed 1279],,1279,6a60e32f9c6ee3520f295997e95ec767, (Not found),b78e9476239ea04493bfdb9f134173d5, (Not found)
[Unnamed 1280],,1280,2586ce7b8b49f77f97c415192dcba200, (Not found),1fd3a49cb9bbcdb3c0e92ee499d0335e, (Not found)
[Unnamed 1289],,1289,8a1d4b61c406afd3d2315b215208f618, (Not found),e291e8d2c09b7f70741e1ce4a7b189c0, (Not found)
[Unnamed 1299],,1299,621cd456439f3ad4a8937c8f7b7377dc, (Not found),37997f4e0c241c46c843599df98e918f, (Not found)
[Unnamed 1300],,1300,1ca2f9764bc7dd7b2d2999ff3a3b5c84, (Not found),dab6de2f5fb0fc09832653a0b2104c85, (Not found)
[Unnamed 1309],,1309,0d21ed7e0e96057cdc5412ef710861f4, (Not found),7a518bb0c20dd3d017b9251ee18b9058, (Not found)
[Unnamed 1310],,1310,519c12847962365bf432b93ed7e1aae0, (Not found),ee1ed6cc4b3bfd6a2497229238002518, (Not found)
[Unnamed 1320],,1320,1ad0f9a4417e6df8eadd77b37523b9e2, (Not found),e5d5acc7392a577417d9611741a2ed8b, (Not found)
[Unnamed 1329],,1329,dd0ce077ecf59fae995829313b3dcac5, (Not found),5daa825bcbf9d839ad8818ab65f042f2, (Not found)
[Unnamed 1330],,1330,92955202074a46f504fdedf040fa9f76, (Not found),326b8d805c1f290cdcf01c1bf8e54596, (Not found)
[Unnamed 1340],,1340,067080871b459d7f510235548df217a2, (Not found),c7a289230bbb5aee0a4d51ba976fb8e1, (Not found)
[Unnamed 1350],,1350,befc652ce5436d0fef1cd95900607943, (Not found),383a2b1288d6e9db44dc432141b9e963, (Not found)
[Unnamed 1359],,1359,4ee4a955be92f47e5795fd07aca58e26, (Not found),c58f0dd51a50dcd8447e3b31b0b0e94f, (Not found)
[Unnamed 1369],,1369,c6de7ab7b09fb069b3aed1876454a5ef, (Not found),3ab80e612ad640b41cd60cefc3710402, (Not found)
[Unnamed 1370],,1370,91f2acd7897a20963bceea82f6862ce5, (Not found),b7354b2e25452d29785ab4f5b61966a4, (Not found)
[Unnamed 1380],,1380,53f69e5b24f12e90bce4d9a297b2dec5, (Not found),3e90236e19a2b7a098f7fcd3147bd560, (Not found)
[Unnamed 1390],,1390,6136f3c1aa3cf9fd9acd33bd4b1d42ec, (Not found),1a3e4783af583d581d79ab2cf89c5f79, (Not found)
[Unnamed 1400],,1400,3f18d6b67a16fc8a433481f22a28ecaf, (Not found),d2ac9437b87dc1381180270f61f6ccbd, (Not found)
[Unnamed 1410],,1410,925e338d37c4bfe59f5b039f517a6373, (Not found),8aacf9c81c301ad906b09e5aa8409d22, (Not found)
[Unnamed 1420],,1420,1a221559cdf7c3cc41b29d7f0e70ce47, (Not found),e73a20a34874f45b18d1babafa139f21, (Not found)
[Unnamed 1430],,1430,93d60b033dd94db34b4d35ec5fe35eef, (Not found),a475bd860517c4edbd395455372ba023, (Not found)
[Unnamed 1440],,1440,f02344fd07d71f7fe00fe8d371c4f9fa, (Not found),b51d6dbe76ebb1cfe658f348bce43442, (Not found)
[Unnamed 1450],,1450,6353f3182a6678915cf2be2b40caaa21, (Not found),06df7783a1c10190cc0dd50e80c52283, (Not found)
[Unnamed 1460],,1460,ccf84859c89324344d34766d8ef407b9, (Not found),8a18d30d9424996e8386e5cc851d37c4, (Not found)
[Unnamed 1470],,1470,dde366fa3dede0355713ad4a5ea18223, (Not found),f5721038e2fd8332dff7f8868f821853, (Not found)
[Unnamed 1471],,1471,c698c91b903a9a7ca310b1e4ca21c77c, (Not found),bf92572514c2b2e36e76c582e08eebc2, (Not found)
[Unnamed 1472],,1472,3c1fd23c5ceb170f1560a701080b4034, (Not found),981fa8de6bf2e0ac5f0954f326f37e80, (Not found)
[Unnamed 1480],,1480,9ab77357f75d5f210262859a21ecc80a, (Not found),49a217dc98f82790d1cbe520c9e200e8, (Not found)
[Unnamed 1490],,1490,1f654358068102d61a61ce6ae21f62c8, (Not found),392b4a43af5a8931d1c1d618c25c7bc9, (Not found)
[Unnamed 1491],,1491,940987291e2f839be09c017b2959d03f, (Not found),e41cd9ef51df9cce41365f27769a22f8, (Not found)
[Unnamed 1492],,1492,b9745e289e76d883f0057aa36706f16b, (Not found),4dba1c3c88656af647aa2bdfb5ae31f7, (Not found)
[Unnamed 1500],,1500,5fc11a5f7ec71317b9a38336030f5853, (Not found),0d83358fe00014a7157d589031035aff, (Not found)
[Unnamed 1501],,1501,b731c7246bcf3691f2cb131f022bf4d8, (Not found),0db6680fd27f69f9b6fc5e6f8733901e, (Not found)
[Unnamed 1502],,1502,b0df2214fac8a3067643effdef28a709, (Not found),0eaf8d81c92a46e3af98baf0be699e19, (Not found)
[Unnamed 1510],,1510,488bf608731147d893ceab8b7196c2ea, (Not found),ba1b91b3866187338ca76283a23ff631, (Not found)
[Unnamed 1520],,1520,a51a69ac030a6f57a1f628519b49a8d1, (Not found),7792282f3bdfb95edbdd5d1b1798709f, (Not found)
[Unnamed 1530],,1530,bfeb74e406f177b14b847cc2b61a2a11, (Not found),050fe739e28cea913988cc01d83a7eb2, (Not found)
[Unnamed 1540],,1540,469af241f1a30f8e2aaf36e417c490f3, (Not found),861ce3b2954236b2955b8a0a023f2cd7, (Not found)
[Unnamed 1549],,1549,c35307348173c22c77203f5c8753f704, (Not found),7ab64697456e04b4272da482f45c21a0, (Not found)
[Unnamed 1550],,1550,cc7f3441ec0bcb7ff34667d1df7135f8, (Not found),566cc5c77f7b1ee7c1c4c96b87edbf45, (Not found)
[Unnamed 1560],,1560,6bc675c88d61d7627cbf31a492229cd7, (Not found),d42ea9e665c7f8b63cdcc01d3b735170, (Not found)
[Unnamed 1569],,1569,3bb2f03a3009df54daf8857809023256, (Not found),13a577d361a307397dda5fa3e2bb3c77, (Not found)
[Unnamed 1570],,1570,02ff4828fdb8a8b47adac86f1a7324f9, (Not found),bae275249779368623fec0d58ec0516f, (Not found)
[Unnamed 1579],,1579,896bca8927a701d79afffa0a825b9f75, (Not found),1bca1d984f7831e7aded4b25eca88b8a, (Not found)
[Unnamed 1580],,1580,f4560248c8a033250c265e4141065de6, (Not found),a64b5b6d174dd6b5c915e8ba1b18055c, (Not found)
[Unnamed 1590],,1590,4d94e26da2f8e165eb3a92c2f4bbfd1a, (Not found),a4e731e4672f561d3eafd357fa91219b, (Not found)
[Unnamed 1599],,1599,65286fe17593d011f4d09821fb621c33, (Not found),ee8506ab2edb6d9a198190020bc8cb1e, (Not found)
[Unnamed 1600],,1600,400f42539002fcec08ef17df953263a8, (Not found),bb4526c697c2f153fce2a58025a2889d, (Not found)
[Unnamed 1610],,1610,bd56b9398ed26a63f8d5f1143325f6ab, (Not found),5870eefcae5e503779103e42343a3771, (Not found)
[Unnamed 1620],,1620,baa1330dd283eb47dd31fb9e2b4e86ac, (Not found),a0446ded9b229ca96b648a82398f32b8, (Not found)
[Unnamed 1630],,1630,d23e377b89714ba18365cb19d2614a0d, (Not found),e3f13abcb9599878d5e183ba8e4c3340, (Not found)
[Unnamed 1640],,1640,670469c9b4f75afad80b597fac50368e, (Not found),a13fab237245a36f439ebc23359bea68, (Not found)
[Unnamed 1650],,1650,3ff1be64e741a4a56aacbae118dda983, (Not found),47203f07afd151326824eb84e6bd38e2, (Not found)
[Unnamed 1660],,1660,91d06d88471a6c2a595bd8f0d5141dc0, (Not found),4fc5b50e37dff6a6007db0352d61c86a, (Not found)
[Unnamed 1670],,1670,3274e016b2f120427bde7d6fcfce15dc, (Not found),ee194da280261d99fbf42e8cf3365366, (Not found)
[Unnamed 1680],,1680,e468341a813bae9e2370a9811ba5185b, (Not found),05bf35003ac403beccc074a3bc6f8175, (Not found)
[Unnamed 1690],,1690,4e1f282874d35f29d359f6d6abe60652, (Not found),e1008e4f38cf4ffead4415b46dc0c05f, (Not found)
[Unnamed 1700],,1700,5e081b0425f4b646bc1679e6c427bdf0, (Not found),9b218ed46968c0ad2c5ebc9d14011a30, (Not found)
[Unnamed 1710],,1710,80ddcf0fa221f90b5ae969fff87d1ea8, (Not found),f8e9e0961c892f54e57c6adb6f48842b, (Not found)
[Unnamed 1720],,1720,ec93f5ad40896016558580856e33b8c6, (Not found),4832376f9efa940a4649ce580f633701, (Not found)
[Unnamed 1729],,1729,0af87eef7c8e671f9e39bd4e168e749b, (Not found),40b5a81d5ed2446a2caffb4e2328ae89, (Not found)
[Unnamed 1730],,1730,7f68fa4d708e475e5bd347389050d9f8, (Not found),ef29cc1e281d4bc8e9c6007d4ed3704f, (Not found)
[Unnamed 1731],,1731,2b0014ff42883da59b4141b43844394b, (Not found),1c34a20ec3ef48d736db705fab9fdf43, (Not found)
[Unnamed 1732],,1732,f913811e37ad2fee4e12424b5182ad3f, (Not found),58edf7448bbb0f0682c094a2ea84e967, (Not found)
[Unnamed 1740],,1740,306975cf989e5d0d50eef52ba9b1a297, (Not found),d28babfdfdc81f068b6031c70931bfa5, (Not found)
[Unnamed 1750],,1750,e57c14d18cccbb3b8081ab8c5113c2d0, (Not found),d1f59e87096ffba2c06d84127d3e9efa, (Not found)
[Unnamed 1760],,1760,1ae6d26d48abf176936706e7cb9d19b1, (Not found),d9ab711dfeda7685533b993596cf6265, (Not found)
[Unnamed 1770],,1770,0c76abbf6d71b526b1d1a71f122a2ecf, (Not found),48ea41db0fc89532cbeb0ff5036ab2b3, (Not found)
[Unnamed 1780],,1780,ca110c5244bd53ab535c4c132b00954e, (Not found),dfac84a4251c352e3031ad78736bdf20, (Not found)
[Unnamed 1790],,1790,d23cf35745520f40254fd5f28980e412, (Not found),f3979f003158017ce91b19795777e9e4, (Not found)
[Unnamed 1800],,1800,da6a47be67d633b03d932b542b1aa975, (Not found),59011bec938d69213ddadfc86c57b6bc, (Not found)
[Unnamed 1810],,1810,585051dda6737d69a8dd1d85e1b2192b, (Not found),f2402ba8d566613a7ed20e294ff3aa83, (Not found)
[Unnamed 1811],,1811,c0e8834b09530e4d453583e20803ad7d, (Not found),3aa0b8b5df0aa7a36f6db81efe0b9db8, (Not found)
[Unnamed 1820],,1820,7c5aeeb7e16d0d0f772fe4204bff850b, (Not found),a970e52159ea34ebf779eb2377330e56, (Not found)
[Unnamed 1830],,1830,df7abda658979a3765a6f2bce0b4f1f4, (Not found),9b6893d01386a24db0971445cf66d175, (Not found)
[Unnamed 1840],,1840,f9768ab2c2f34e1a04981954d5a12494, (Not found),07a88c295820f7cfd3418b237227c5bd, (Not found)
[Unnamed 1850],,1850,d70f8d26ab4ad66a6edc572306b918c0, (Not found),21301334e7d383cf2eda5cd8581e8880, (Not found)
[Unnamed 1860],,1860,9d6a311b1ef820f4ea2fb32c8264cfc6, (Not found),803df8a32ce5d7dc8182a40eede9d853, (Not found)
[Unnamed 1870],,1870,4fcfe616817d7736a64c04ad51b2f0e0, (Not found),35aa552b8ba414bee45b218c61ffcf50, (Not found)
[Unnamed 1880],,1880,79887cc571134f4198dc95dde6b3ea58, (Not found),a79afad5f6836916ad7a0fc2ddd9584c, (Not found)
[Unnamed 1890],,1890,a15bbd9d1719f51254478ae5597d2261, (Not found),b36fa56369850303264eb0e16163cc15, (Not found)
[Unnamed 1899],,1899,dfe07468d65ab21ccc04854f5fa5b5eb, (Not found),bc6a88720e22f57907aa3f87c2b945d9, (Not found)
[Unnamed 1900],,1900,9c0df6323100df79c74003b8f162badc, (Not found),d40ed82e2c91fc7b2fa16bac2e3c38e7, (Not found)
[Unnamed 1910],,1910,857d68f0895553f2ebf835c6c1e232b2, (Not found),ceb93976cf41057b37e369203905446b, (Not found)
[Unnamed 1920],,1920,258fcdf697441ad3fb3f7e46599fe8d3, (Not found),ab9ef63de2393b07b014d3977c6b2260, (Not found)
[Unnamed 1930],,1930,d647cc3c1ac61f4eb1b409689dd482c0, (Not found),85b834b4b9ee113e8258fcc2253072f7, (Not found)
[Unnamed 1940],,1940,95fc57ec8f80995518f5496a68f296c2, (Not found),ebb213cbf745738a922da206b6631750, (Not found)
[Unnamed 1950],,1950,bb001e9667af1f5153c5c9c9595d05f5, (Not found),ddccae8b3efc45b46b0bf17f44ec6d44, (Not found)
[Unnamed 1960],,1960,c96a523fc4b410b30a48a947113760b5, (Not found),49e28a0c0053480bd480f263a49c0a4c, (Not found)
[Unnamed 1970],,1970,7ebd2a5b547d295f629e40426b98a3b9, (Not found),2ed3cc2f3d051127c7e91a8f97f35663, (Not found)
[Unnamed 1980],,1980,d59843c4ba40971a7b7ced35593f55cc, (Not found),8d83609a89dfbd2f5dc437dde87d1e5b, (Not found)
[Unnamed 1990],,1990,9512eca594e83ab8b3aac54461823b69, (Not found),8bc8463e75e831d92b5841033a364513, (Not found)
[Unnamed 2000],,2000,821df46681a4e12a8f66fcceafdd1073, (Not found),a11dba92d31cf9a5544634ca580e4712, (Not found)
[Unnamed 2010],,2010,b98a81efdee96ca544279cc0436ed969, (Not found),491d39e6e05781c7b49755400fc66008, (Not found)
[Unnamed 2020],,2020,0fb45f0b50d3b6be3767fbe96308ad9d, (Not found),073a4dd5da664208cc92248db71284b5, (Not found)
[Unnamed 2030],,2030,e885ff277cd386a895eb0d107345d816, (Not found),2abbe51e3d6aabd08e86307d82efd5ec, (Not found)
[Unnamed 2040],,2040,4dfc3cd13d50324d6c1fc8e3c8fe88d9, (Not found),c9b24202c6274c7a2d133000fa24dcd9, (Not found)
[Unnamed 2050],,2050,228dc6ff4ddcd1ab740709cb102a9e87, (Not found),2ac822106524e210b7a4d0c3225dc666, (Not found)
[Unnamed 2060],,2060,17038cb8c3498c4d6b0fa17d5c5791a7, (Not found),7aefa27bec288b47888b83a330d915cd, (Not found)
[Unnamed 2070],,2070,d3748833d6d5b376224c503d89e78fad, (Not found),3216a501bc3a634d5e4c00f250636306, (Not found)
[Unnamed 2080],,2080,bd5149ff10afd61391535f61f5fb0138, (Not found),8b2baa4a7f8a1c68291a4f534d969526, (Not found)
[Unnamed 2081],,2081,0922041e8dcfb8fe71c863bf0e74cb71, (Not found),89d73b2bf9e5b208de0b3bbe243fd662, (Not found)
[Unnamed 2090],,2090,d6ec867c2df4fafbdde087d39d5f26ec, (Not found),69ea1c89e9510e903b951591f8b09253, (Not found)
[Unnamed 2100],,2100,09890b80a23a24568bdde7ac9fb441b9, (Not found),4857a1a6c00f30ef4cb57f9a0416e268, (Not found)
[Unnamed 2101],,2101,b6a4207a7d7535ae6f8fc74a837bab91, (Not found),b563c52a21a6bb6a8eb7ca0be108c67f, (Not found)
[Unnamed 2102],,2102,f6f694eee4cdffa3d59573a801ae7af9, (Not found),bb86bb3670622fbf90f94ec65fec01ae, (Not found)
[Unnamed 2110],,2110,3ad0d5669b7001af512cd5710a36aa04, (Not found),a14cfd4d2c61f559203670e60fe0ef7e, (Not found)
[Unnamed 2120],,2120,9f847988b1f0435e1155130353739ef1, (Not found),103939e88fd855e59d8146f5b2fbb09c, (Not found)
[Unnamed 2121],,2121,40fd55fb6cbe3b4c4500d97e303ac691, (Not found),1a01362ad113087a3e2d6d4b2437e47b, (Not found)
[Unnamed 2130],,2130,b9ece013089dc1fe0dbceea0e39f142a, (Not found),d11a6657fb2127a33aec94a32325e518, (Not found)
[Unnamed 2140],,2140,3f0db88f6ed933a350f741019d9ad99f, (Not found),eb730297e410af13e0c95cf22dea7c10, (Not found)
[Unnamed 2150],,2150,a975f6f87dc6ac150f16c98b59a06e88, (Not found),c6f8463ba9c36510a4864fc18842e079, (Not found)
[Unnamed 2160],,2160,e66f801eefcabdc4cdbab08d58f60d94, (Not found),04905959338574aac70643612dd1a936, (Not found)
[Unnamed 2170],,2170,47304429fb0902e035904f71614ff476, (Not found),074db27ef7249f5663277d4e5826ffe9, (Not found)
タイプA,Shape D,5000,1b2516367890feb922711d937e3e203a,d2f33dfb9c754f7dde3d2eb9e2dce836, (Not found)
タイプB,Shape E,5010,f19a590424e0f955399d8c585106612e,9ee81c5ade512131f85eed0e2ef20da4, (Not found)
タイプC,Shape F,5020,a70d257a5dcd257f9f7e915b2d9c7acf,2259d44c21a46bb1a1d2e1cb4480d287, (Not found)
タイプA,Shape G,10000,0e7015e6ce3b6f199aca79b4271ca38d,18995fdc4dd0c344378e0cb81db7baf3
[Unnamed 10001],,10001,7ce9f5478334f621ee645c8be198517a, (Not found),eb8722b736e149241f363a3731eb990e
タイプB,Shape H,10010,b2809f27673c458a66e314c411f04e50,531036b69d08d404b0bd5d6d094db53c
[Unnamed 10020],,10020,34c68ee84895007f458141b422a7627d,6f257d5ef9fb0328f75daccc1a7ccc1c, (Not found)
[Unnamed 10030],,10030,c5617fadc4c3906ac23dd7e3f2258faf,12afa41648e4b952721dc53653c68035
[Unnamed 10040],,10040,d5b1d5466272545841da62a2a742ec86,fee5008aaa018d0d38736427250fbcfb
[Unnamed 10041],,10041,0181ab236ab56610edc106887ccfdf00, (Not found),0e6f485fa4e1c04dfdad66586dbcf057, (Not found)
[Unnamed 10042],,10042,55dc46283bc25b0305bbe0f4e138f7f7, (Not found),03db6610037e9ec414ade3e5154b91ef, (Not found)
[Unnamed 10043],,10043,296cf5a8e12f898f5a688638adc53026, (Not found),7b6ab9f2658bf5d36ff9fbcfc02db9e4, (Not found)
[Unnamed 10044],,10044,f410decd68a6dac245cd56fd737969db, (Not found),4e0ed1394133dbb1bf358bd6f047223f, (Not found)
[Unnamed 10045],,10045,37bdb478258678ec98bd87cefd913eb3, (Not found),aa8fa8b9966f17b347e13937e4c5a889, (Not found)
[Unnamed 10046],,10046,088ccddce7b60c9206f0c62d334cf8b0, (Not found),d50c232a315b8832ead2802d13f634cf, (Not found)
[Unnamed 10047],,10047,d57e9ec62f80529e4f992f80ae2838c7, (Not found),3f6e720a5a3fba10e7611f8b39f21f63, (Not found)
[Unnamed 10050],,10050,dd3d580d12dd32fcc4b11ccf9dafa61f,2ad3d442cc4e03250245ee3b36a9ea67
[Unnamed 10060],,10060,2dc96113cef9b5e75b4135914f77c72d,d3a78ef2192304bfb758fc3bcd3fec9d
[Unnamed 10061],,10061,419aff0e28b902a34b7e50b356ec0ce0, (Not found),20bef9c74d976b5f27ab0795fcee7e86, (Not found)
[Unnamed 10062],,10062,6592c32096719ae1784a1f0321df51c8, (Not found),3889fc8a461c562e6a977ec8a34e8792, (Not found)
[Unnamed 10063],,10063,c2c52904084171e3e607d542a28660cc, (Not found),9e7a5cad8d0c6dd1da6802e5e02fe7ff, (Not found)
[Unnamed 10070],,10070,8e68cecf2fd466f2b1655286d21bbd41, (Not found),ae3be4a0bc029cdfe8a033ca70f03b87, (Not found)
[Unnamed 10071],,10071,08cb2e0382022b68018ef9844db86a9a, (Not found),b11a2995beff15189a337721eaf99447, (Not found)
[Unnamed 10072],,10072,051c3b68a8f07ae53f84d72a167a3f6f, (Not found),4934edd33ccad2798493dd0a05192aa8, (Not found)
[Unnamed 10080],,10080,201f06914539972b0cfb73d9a90ebee2, (Not found),f3c012346f3c61a58053ccc1335d8912, (Not found)
[Unnamed 10081],,10081,dc389dac09c2e78e0795602cc063be6a, (Not found),33b5f086c0becb51fbb96bd11a0e5f2f, (Not found)
[Unnamed 10082],,10082,9858741e568a2303eb59f7dae15f82e4, (Not found),3ba9f03b4ba1f257a53e005ef9bbbadc, (Not found)
[Unnamed 10090],,10090,3f172084a1dbdbc85559d721c86014df, (Not found),5e6933507f6d815e45bd06c95509550c, (Not found)
[Unnamed 10091],,10091,36f27b6915fffa574ce97ba1192abaa5, (Not found),c198fe3f16d84d30c89fb30aa9f04e62, (Not found)
[Unnamed 10092],,10092,0cb562c67aa23e0e3a0249db6cfe606f, (Not found),0c3edf76c6ba0aacd7137b121d13c736, (Not found)
[Unnamed 10100],,10100,b03eeecc7469a999a9b95e708782ad21, (Not found),bd74038e8f2d63106e0692d24b2d4acd, (Not found)
[Unnamed 10101],,10101,74891189965bcb680b1c97aef564a43e, (Not found),cc2513229ebcc1c9ece119873b92ac68, (Not found)
[Unnamed 10102],,10102,94b29d0f44c9478dd6391a16a4e43887, (Not found),fff983c1d49644a1ef47fd4a6efbd6aa, (Not found)
[Unnamed 10110],,10110,5e5f1740433f5e6536926a49eab427ec, (Not found),f059ba4064416dbafb16166099cc4904, (Not found)
[Unnamed 10120],,10120,1699b18910c7fbab8d964708e4e8f027, (Not found),1ad85242351dafb2c14b3cac20daf076, (Not found)
[Unnamed 10130],,10130,e1321b234ae767d113ccd10a1e6beee2, (Not found),0ccb13de5cc4bebc6b6a4c62ddc1e51c, (Not found)
[Unnamed 10140],,10140,ca3c8151e204e422ab349f09fb9e0f6f, (Not found),a6c4c84b0aea9c51188df65ca99b951d, (Not found)
[Unnamed 10150],,10150,8e928bc94494d6b6300bdc7ddab2cd2a, (Not found),7f33b33841783bc0bb45e37148ffe90c, (Not found)
[Unnamed 10160],,10160,47f2ebd2de6d4a6ba8c176ea0f5d6f0c, (Not found),9ac991a1078e3a5a610e78361850d266, (Not found)
[Unnamed 10170],,10170,ae4f9ac002151dd72841a9cdd13a2597, (Not found),65035e398bb7e7113827070ade192139, (Not found)
[Unnamed 10171],,10171,5b97595cea0015b8a0d6f6e25683390f, (Not found),d5ccdedaec01e4ed0ead3873fd875217, (Not found)
[Unnamed 10180],,10180,d3989d1f3117e313b4541dd1dd68984c, (Not found),7e19c5fb2989d765be02fbd41f58046d, (Not found)
[Unnamed 10181],,10181,60ab348f09f425aa0deee1732c7badb4, (Not found),35edfbfab4691a2174bfd2e23db8fc25, (Not found)
[Unnamed 10190],,10190,7c0cc568bdaa69a85bace3ee7d087cae, (Not found),36bcb6cf3d94ec59aa9266a9295f0e68, (Not found)
[Unnamed 10200],,10200,532736ea723b2b21add8920b853343fa, (Not found),e3f083ce12f542ee1c6229fa18f952e1, (Not found)
[Unnamed 10201],,10201,6288dff0e24e21c631bfda8bb08df731, (Not found),bd44ec0357bddc911f602d96121e397a, (Not found)
[Unnamed 10202],,10202,c1c26bb4b735bc5c460a47be43180d23, (Not found),a1546cc39e50af6bdf69364af6a594ef, (Not found)
[Unnamed 10203],,10203,5c923c4c88fcdecd5eeb41cf28fc7207, (Not found),98812dd9e40815f8b420c7effd1d5909, (Not found)
[Unnamed 10204],,10204,8494d822887a119dcebbbc9cb8ae285a, (Not found),2629ecc990a613c37716a7fcc1572881, (Not found)
[Unnamed 10210],,10210,0da20b1c2a0bd7406999272b72fa8b25, (Not found),755f15bf5b3d6eea77351187267b587d, (Not found)
[Unnamed 10220],,10220,85714fc7ac40b2c04b6035a94d8d32f1, (Not found),727db0bfd1576bb96432a6e40496ef05, (Not found)
[Unnamed 10229],,10229,092f91908ffeca4f8931dee5c97b57c6, (Not found),ab74211e89dc1f4282a45a8bd05548c1, (Not found)
[Unnamed 10230],,10230,821f6736fc99639d3c0771e519c7306d, (Not found),41857a9f7e69e06660a0e1103f530a2e, (Not found)
[Unnamed 10240],,10240,2fa6385cb6d66b6068e8703c1f174cfc, (Not found),34e72bdf6ec6d9cf008724b7e74324d2, (Not found)
タイプA,Shape I,15000,f014683f11ecbd58cffc01a77f1b4e78,905f56879a689af69ac6a074d4ed83cf, (Not found)
タイプB,Shape J,15010,6876e8f7229c4e7e92fdacd4f9ae9d93,53f400a5c1d54a68ffeb5f131d6f15ee, (Not found)
[Unnamed 40000],,40000,5a68811a69ed750c34aa7f1305d39926,298fcf56961b0f028470f8eea54ef64d, (Not found)
[Unnamed 40001],,40001,31d6dc47d3277b42458c0daa23f4e7fb,ddcf1ea53f46ff0aa1907e20950dadb3
[Unnamed 40002],,40002,aa89ea1a9fb7886c6ea41f5baa71d420,61c3ec90108c39f6ea0ddd6dfabc89f5
