なし,None,0,1b305897f5c710a75704e24565bc5f42,bb38b823394883c798d07b1eed2be34c
胸毛,Chest Hair,1,19469fe0ed86026982a77de0e2e8e811,dfadc03dcb92b002f6d7244f9e24dd97
タトゥー,Tattoos,2,d3b0ec078eab4bb0e392d8e8fbc0f898,1f4ede0b3839b82835bf7dfa2bbd7f92
胸のキズ,Chest Scar,3,ffb19aa7347793c0385e82f31a39ff83,33db03686ce5f376f547e6c541ace3c7
アンダーアーマー,Under Armor,4,198b30f1c8fb3fdd6224f8668991ebbd,abb0185d6b7b8dcde7d5e4b5b70e4ce1
バンデージ,Bandages,5,bdbe7864cd5d7abdd475a833a43099ba,7ccfe2f566d1c69443fed408000baaad
[Unnamed 6],,6,7031db373d1648f8e2e74fc41ed6d1fc,1263caf3efbbf0ae6d9ba04eadbf0c7a, (Not found)
[Unnamed 10],,10,f3097593db85870c57114df84d5d80ca, (Not found),61d95c5cbc95b11fbbbf8d12a80d47ce, (Not found)
[Unnamed 11],,11,de65fecf219f89a8ddf456331cf8e883, (Not found),2c1e7bf76fd0c9eddae7fc97a43590fa, (Not found)
[Unnamed 12],,12,ebce02d633e2e11e8568b2362b74b2d8, (Not found),6a45a7e213e482ebad7e71a2a329f711, (Not found)
ショルダーウィングＭ,Shoulder Wings M,20,d3fc5e5713745c01f622139f293b3119,3484b64dc74d847529802cf99f1d1728
パイレーツＭタトゥーＡ,Pirate M Tattoo A,30,b9d4e4e05eb5508ab403f29ef3928293,bb734f61cea0e4ab75fd56f87fedd40b
パイレーツＭタトゥーＢ,Pirate M Tattoo B,31,3e376ca51fecf6d58447488274c79c96,1065c64ee5feef1ff30e289e93014c7e
パイレーツＭタトゥーＣ,Pirate M Tattoo C,40,559cf0f179e5f5a535c954c9b4a4adbc,aee23d6b00be81b49e78a9acf0619ac1
パイレーツＭタトゥーＤ,Pirate M Tattoo D,41,118aeebeb786c222793f7695c763e116,7dc46f1c36fcb775f6603756db2ab049
ヴォルドラタトゥーＭ,Vol Dragon Tattoo M,50,a6853b72c3b97276f41a876f18c68f63,00eae33a3922abafb99de0467e1241bc
アギニスタトゥーＭ,Agnis Tattoo M,60,d673fb93053e5ab3fa90637a6f953057,73a3f84bbd2e95ed00f6f0162ab62cb8
指ぬきグローブＭ　黒,Fingerless Gloves M: Black,70,aa391b1b3c0ccbb20ccf3728115c0b3f,18b4e67046fb166ff42ae2a50d5d4fcf
指ぬきグローブＭ　赤,Fingerless Gloves M: Red,71,4df1d3404cbedb2a1738d3fac9a06914,0a81f0cc6abc3c6a54c95328c813f338
指ぬきグローブＭ　白,Fingerless Gloves M: White,72,528029229bba45a7e697a632adfbc7de,1d1d465977c9de81bb061bb22efefcaf
バル・ロドスタトゥー,Bar Lodos Tattoo,80,1105ec898c6106c34c0e4a58efc1c342,8801956a0d03a98fc1835cec68785b1b
ショルダータトゥーＭ,Shoulder Tattoo M,90,d3d40f4be9c001e36c2b5246d118fa22,c96bd33afb84820a63e0eedd1180546a
ショルダータトゥーＭ　青,Shoulder Tattoo M: Blue,91,f5c3ce36559acfc1c2ece553603a8796,b264b08e496a94afbfa764ff3b0ce4e4
レントゲンペイントＭ,X-Ray Paint M,100,2d52f4fda999b8789a245d5bd27dd2cb,e5b2a0bf5a93e741a6babde9ac27c679
ブレイズペイントＭ　青,Blaze Paint M: Blue,110,2422af1ba5a41fda2bf9a48aceaedb84,5d9512d50fde20508fd16335889436c9
ブレイズペイントＭ　紫,Blaze Paint M: Purple,111,d860d8c2141fd24d651bec379677ff93,6c3b6d8807d2282f20a1d5a15d6ec4b8
ブレイズペイントＭ　赤,Blaze Paint M: Red,112,760495f40eb846129d6262ff08900ad1,93d5e8db123024c19ace51ae5191badf
全身タイツＭ　赤,Full-Body Tights M: Red,120,1b76be62ab536c17e75c3a4b4ec441ba,bbea2ad5ad073f79377db585454fa36c
全身タイツＭ　青,Full-Body Tights M: Blue,121,753d59d3b9487163c92f2451dd3ff79d,a2bfab3550bd8240a0576ac3167e3ed9
全身タイツＭ　緑,Full-Body Tights M: Green,122,00073a21bfd2f8b87e3e20972c5b794f,baa89ddcca20706ef40d099dc2c82907
全身タイツＭ　白,Bodystocking M: White,123,c4309c84f39f9a83005f9df527e9cb3c,d46ad268e2f490e71d891cf90870ae8e
全身タイツＭ　黒,Bodystocking M: Black,124,7c59808e4e9371dc13200b7e58a1c307,240198fef9dd1d253d230857af7b60aa
全身タイツＭ　メタル,Bodystocking M: Metal,125,52db3e39e1ee3f030d1ba5665f1b591d,d731c52ccc159e129f362e0f040f35a0
電撃ソックス,,130,bf3f9280f4a19c117364b52742ef8fc4,268d4b719bfbc9320ed9195c7d9f2eb8, (Not found)
オウガタトゥー,Ogre Tattoo,140,0d8119a9506f962c2b7f6876066c312f,bd04a1dcef964e8515b7d0358698f2bd
オウガタトゥー　赤,Ogre Tattoo: Red,141,f4edce607b1acf3f6347846b5b2beb1a,088e79c06c52abf7636a6fed76e64919
足袋＆手袋Ｍ　白,Socks & Gloves M: White,150,3ef97fb5362c14db7a924817a74b82fa,2ba45f80337e8a50d0b8836036ba1e40
足袋＆手袋Ｍ　黒,Socks & Gloves M: Black,151,e0c5241c09c8a248e8f4479fc5d04fb2,b8afac39e41eb4505c20c9801499302d
足袋Ｍ　白,Socks M: White,160,9d287edf3d670f6ca5ba6ce1ca093108,f9c154333b2d721bae3716793558f880
足袋Ｍ　黒,Socks M: Black,161,fef5356879685d5fb366912b51fed0d8,3e204421c41ada464741265a4aba2db6
パープルローズタトゥーＭ,Purple Rose Tattoo M,170,484b500a762f5b64ffe38b2346de7ea0,df0cbb44a1bbd0ea702dbe39406ac660
レッドローズタトゥーＭ,Red Rose Tattoo M,171,e7a588c4929af30222e7611712831da9,61a380bf6986eadf9818c8286ee9eb41
スクールソックスＭ　白,School Tights M: White,180,936c740b30fbfa4106871dcc1bd8202b,de6d0fc737921215ef6ae321c223e2c7
スクールソックスＭ　黒,School Tights M: Black,181,35cb6ce47c1ed8ad124e9f3770f59e64,57e06e2f850d9333812303ed96fa0134
[Unnamed 190],,190,c3cfb8cc237d54c7737603ff6d453571, (Not found),7a9aea9f37095080f9a809bec6539ada, (Not found)
[Unnamed 191],,191,55f6fd5f10e03970e3e4b4ab72ba1eef, (Not found),cef171951f4c4536a97574a86aea0318, (Not found)
アンカータトゥーＭ,Anchor Tattoo M,200,8ba01f8c151e66395f03371577eba8de,7aceb237cc5c6fc22d0edee3359f4749
腕包帯Ｍ,Arm Bandage M,210,d384c83a2407be3e9dbefad11c69cb7f,fac3d2c1ddcd4cf8513edf402eb04909
ラインペイントＭ,Line Paint M,220,27c28781203f52735ef71a585c60c63b,e3a70ca47fdbae820ecd8f3bbcfee77a
クロームタトゥーＭ,Chrome Tattoo M,230,9f61934aae367cfcd465f2c7b1b38a75,fbe670849c1a44d883f163b3ef2e6454
オガルタトゥーＭ,Ogal Tattoo M,240,4945dc765f32547a47b43cf670dd6cc4,4d7bedfa5ecdc5a39cd810059349d2cc
レッグバンテージＭ,Leg Bandage M,250,9e55f34bd9bc5f091412fb420966c053,f2954b506e233f8cc16d679c7cc62e54
アジャイルタトゥー,Agile Tattoo,260,3d33d0c4e72f297fb0193c716c208287,b2e117d7c3c19324a1bb9b8a722da393
ファスナーペイントＭ,Zipper Paint M,270,f46af664010959d3de140518e8a9cf31,39078f86fd3b4d39c58942d5a4ca1ce8
ムーンタトゥーＭ,Moon Tattoo M,280,f873183bbdd0b82084b55a03b684d1a1,2b5abbdae47520a589f1a63243ea6ef6
ハートタトゥーＭ,Heart Tattoo M,290,a912ffbfeb13596a86a3bbc2a1c6ad68,2b5916a6d7660367061d7476a573a8d3
サークルタトゥーＭ,Sun Tattoo M,300,87d0b10bcc26cfa211e40f9520252138,d9e713e68b171ac007592b4d109154e3
シーリスペイントＭ,Night Sea Paint M,310,f6bcd3fb09b8677d1ae4eeee618305bc,c7b1fcd8b229b7d86ee2b963b86ac8b1
喧嘩屋サラシＭ,Fighter's Cloth M,320,df9e8369e459bbb8c2dfa95e3378e24a,c44fc031f29f0ca2ac81eafe05a1e691
アイエフタイツＭ,,330,66c740b52dad2e4f2312ef0c6f475230,f22f73f224abdc45ddf73c4028204d2b, (Not found)
メカ関節風ペイントＭ,Mech Joint Paint M,340,8814f1e49699c732a134348ba8551301,5e225a19126a1ebec9c76f307ed8b15f
[Unnamed 350],,350,fe55b1ec8f4e922c8b37437a3939b004, (Not found),84cb7c02f8e0490f03845367803ee8df, (Not found)
[Unnamed 360],,360,25cbe953e9723eee2c5d0e43ac9a5174,ac6fae788201109679a110cb4a9e4fae, (Not found)
ストレイトグローブ,Biker Gloves,370,f8604e1794e4be949bcab51cacd64d1f,af56e6ff839c6b96d85edbec7d260498
[Unnamed 380],,380,6263f0182e65e8644e995986935ee307,97168607665cd28f51be4388ed1ce96f, (Not found)
,Spats M: Black,390,066c042f5000db4b8828a11fc8316a7a, (Not found),dff30765b5ed0be04b135864ca392172, (Not found)
,Spats M: White,391,72a81299b9eb84b89710f68f44598001, (Not found),3de57ece64c22f20b0317b2b511500e6, (Not found)
,Spats M: Navy,392,017caa73f467ba564378848d91ab91b6, (Not found),ae378a883c73f63a29d7a17810527bf8, (Not found)
,Spats M: Red,393,b8a0b4698b7c36d6ed93672dc4556ea9, (Not found),4f03bf2f2ad0a88145bdb6e30bb29cd4, (Not found)
アステリアグローブＭ,Asteria Gloves M,400,ab703845edf4837664689ec92eca92ab,cd0a12f7393ba113b73485ebea667ff4
ショートスパッツＭ　黒,Short Spats M: Black,410,bc1ee3a81892c1087e63ac997cdd40a2,a0745c6d8dbc2a0ce9323e4094c977d2
ショートスパッツＭ　白,Short Spats M: White,411,872bbcb4632182e40fdf0620c7ac4ce9,ee37805081d565f51b42e418260a7fc8
ショートスパッツＭ　紺,Short Spats M: Navy,412,febcd1638a0b05b1cf2027de0873fb3c,ee74ca01d4ca2c56219224c086ec28fa
ショートスパッツＭ　赤,Short Spats M: Red,413,b9419f81c54b012e7fd6c1443b02b743,0c9f79334368d39a59695867e71fe40a
スポーツリブソックスＭ,Sports Rib Socks M,420,ef4ff5c6c4f60e32e43150b35cf535c2,78d61d55077e95140cde0b3e8bed0394
カブキテッコウＭ,Kabuki Tekko Gloves M,430,0fa9ca70136171e8cbf80dc1fe154c70,68bc9857952cfc571d383475e6982e97
バックウィングＭ　黒,Back Wings M: Black,440,c6f523e34701fb11527075de30ff494b,9e6fad22936a3b277713cf6e456a7edb
バックウィングＭ　白,Back Wings M: White,441,3d17218fd0b8948fb45ca72e76b405d1,6be8119e182efed144209214528f0920
ソードタトゥーＭ,Sword Tattoo M,450,fde533dd6500ccf35dfada2a742963d3,bdbe9f58d43f2c4f9f481dad57ec8a89
[Unnamed 460],,460,823c739512f55805f9da345a1cfa3e76,5428194526f1295e14ace8c8b9191c4b, (Not found)
ディレクトグローブＭ,Director Gloves M,461,97978d663980a4029dd31c75d9cc5eb5,76b5e90bf3b4a90b0bf2a5d28c4e2c3b
ブレイブハンド,Brave Hand,470,17ee30bb4b80bc371bddbb283422f108,4a4944655a3a6fc82984180647314b41
[Unnamed 479],,479,2e02445cd4380f7eabe21445af77c7ba,a551043a5d0fb5a1cddc8baf689cffd7, (Not found)
フォリーグローブ,Folly Gloves,480,cced9e4c5e120086ba72114bb7697220,fd61f59fd427b083eb021b555d146951
ハウザースキン,Howzer Skin,490,cfdfdbaec7246f21e471756a661124ae,28c8375546634284f36965ae32aa9752
網タイツ＆手袋Ｍ,Fishnet Tights & Gloves M,500,f9c4c6abaad349da877f8a8cc8cd9fbe,7a86768df377088ba299d3d359975923
テオレマードグローブ,Teoremard Gloves,510,34491be3a788f9f16e1abeb6bf1a3ca7,223f40057851704568c0dad003c63399
イルミナスペイント,Illuminus Paint,520,ea1482b41120d04937d7916643a4564a,55660a1525c1ca21b6bac757bb9cafdf
レッグサポーターＭ黒,Leg Supporters M: Black,530,a1da7f3582e3391955b13c8da3c6ad77,68ded12ef87163a42138ed44dbf93006
レッグサポーターＭ白,Leg Supporters M: White,531,76dc95ed07211d7fb1531d76b301aeda,18b16b18d3165953a1adc0934d63791a
ボディサークルＭ　赤,Body Circle M: Red,540,9e35ce62106900058c47296f2cd1b203,588425c012d5c30934e1efe894a0222f
ボディサークルＭ　紫,Body Circle M: Purple,541,571b6a99fd2af77ebe53768730bc3aef,c2c8a3fcdd9350e939e22d91516ebe1a
天星初等部男子ソックス,Tensei Academy Boy Socks,550,f0a8e4223fe5c78a9674b5e5080bedd1,f22fa3fa6c07664dd3a4a80142b5d0e7
リデルグローブＭ,Lidel Gloves M,560,4775fe24bfd574b1eb48b043e86e9dc3,02d7a7d1fd22b1fbb0c3496abd114b3b
ナノブラストペイントＭ黒,Nano Blast Paint M: Black,570,4966e01d13e88aa19bfec4be543482f8,9ee61acb98551e816dacdaeae7dd94c3
ナノブラストペイントＭ灰,Nano Blast Paint M: Gray,571,e93f584aa89a4f397b4b55916ef58384,d6c3920d386e1afd04246ecd75d1ac04
ナノブラストペイントＭ白,Nano Blast Paint M: White,572,8c0ab960459f9da785f869804cc9d336,9849dc4215f99b44029c39c6278dbf77
ニーサポーターＭ,Knee Supporters M,580,7469147a33cbe61830df0838d49171bc,714bb025559f46a87ae810dc5d0b68bd
ボーダーニーハイＭ　白,Striped Thigh-Highs M: White,590,1d6d5741f2a894eb1a717df4b393e04e,6b1ab3e202d66347c58818be9832d493
ボーダーニーハイＭ　赤,Striped Thigh-Highs M: Red,591,1b9a8575f482ec97b8193cbec40048a1,b21c7222fc54a02885bd69d5b7ffabaa
ボーダーニーハイＭ　青,Striped Thigh-Highs M: Blue,592,9aeb05b3c8ddc08b79602bf3b0f3d9d4,a34c2119374c6d5a723270835d655a32
ブレイズペイントＭ　黒,Blaze Paint M: Black,600,c39506c82cf78ae780da9984ebb31746,28eaa6425e7c98dbff70578cd7227bec
スポーツウェアＭ,Sportswear M,610,40c01754e8ec66056ac0a9cea710aaa8,2df642619b0bf1a4ea0b6b85e58163f8
カテドラルタイツＭ　淡,Cathedral Tights M: Light,620,6b8e9e6889ee335c7aca8f05989bef1b,01e7ab627006b8de70bc3f62d1eda0b5
カテドラルタイツＭ,Cathedral Tights M,621,f0f4a60c0c9c47f88dff7b8067e01fd6,d519f57041aa80a2ca1e7e9744d1c09f
カテドラルタイツＭ　濃,Cathedral Tights M: Dark,622,f28b3d060d00d2dc4be6e523b2b933e7,4724f0c0207d3d2f949908e9dd0ce629
クロームタトゥーＭ　黒,Chrome Tattoo M: Black,630,60f55fa445143287dd4b480dc68a8b68,8f4e7fe06d2ec2459ca1200360b35391
使徒礼装の手甲,Disciple's Gauntlets,640,5345ffd5edf0d6aafeb29ebb4c348721,966e3fc6ca4f4f04b1174a368a67bfc9
ルーサーの手袋,Luther's Gloves,650,95fd42a551e99ab16f40d4cb891ec4da,00a7fdbf12daf2ccbc0b66de40c529b4
[Unnamed 659],,659,1da23cc27e9b3bdc63908e53336e0dd0,0e93882a8fdc19826281f84d4a15fb5f, (Not found)
クエンジットスリーブ,Cuendito Slip,660,3128231be24b49b146e67347ae9c6f71,cf3933b65eb3c41cc7a69c85e8159ef8
ルインペイントＭ,Ruin Paint M,670,21d91412d784c7242f22a5b97824a580,bb785bd888d0f574f94b0e65eb10dd53
[Unnamed 679],,679,58a53d4dee01d52bbb8efb1ac2710d42,0cd344d8e79d5829fdf4d8fc2e753521, (Not found)
ボーダーニーハイＭ　Ｂ白,Striped Thigh-Highs M B: White,680,2954be8c672d68bc7024c59284c2436f,f0c43b73c311af7039f4ebdaacac0e0a
ボーダーニーハイＭ　Ｂ赤,Striped Thigh-Highs M B: Red,681,eb2c4c4405e1378eda63d330f24df578,918d429b60ddfdcda1a441b2cd4cc0ae
ボーダーニーハイＭ　Ｂ青,Striped Thigh-Highs M B: Blue,682,df871ed7cb91cda76e70bddf6e157762,511e5f2043c7fc6b696568a14849be7a
翠玉の手袋,Jasper's Gauntlets,690,58e20c75a634cfcc60ce2db77b7fb2ec,f59b924f97e11adcf4b92454aa9f8867
レントゲンペイントＭ　Ｂ,X-Ray Paint M B,700,9c47b600a09deb0a54ccf130d8ee330f,83258cdd69e5d34978d0756780280c8d
シュタットバンド,Armwrap,710,9bf9609ee54794e80c5c50cfb40d805f,69a364325b785a215ad813da1ebe1126
[Unnamed 719],,719,3e859fcc2135a42ca360362cb135243c,de0755c20b7161f32ca65d815ea358c6, (Not found)
ハロウィンサイハイＭ,Halloween Thigh-Highs M,720,105999472cb100687edf02ece0e34219,a886275f720fdd0ba9ecc59253b7d5a5
軍手Ｍ,Army Gloves M,730,c5db541e5f0f68be17fd9a36719a4e6b,ab53dde250f5bc14fe3a22ac99117637
幻創種タトゥーＭ,Phantasm Tattoo M,740,799ac12096e1c00f5da51c7ffe921083,55542d70a016d5ec7f1413d22014838c
エナメル全身タイツＭ　黒,Enamel Body Tights M: Black,750,392b415abaac1db19321bd8c147972bf,8d2dac630ba770f6d5e2dd6fed19fd5a
エナメル全身タイツＭ　白,Enamel Body Tights M: White,751,3da9b65c74bd309d85318738b8f7595b,b63f8dbf91aa6d3b25456bf0386467a6
エナメル全身タイツＭ　赤,Enamel Body Tights M: Red,752,4dac2e741d563f8fc523694c9f9f01e2,421b3cb78a95da5c710fa530c89b71bb
エナメル全身タイツＭ　青,Enamel Body Tights M: Blue,753,0eae3d87339d7da6c4b6617ab7600666,d04fc9fd771538f41ea7373600d27553
ラバータイツＭ　白,Rubber Tights M: White,760,f5be5decac766301614ef15eeef2a1a2,c6e480ae721d4f01d288213bfffacd2d
ラバータイツＭ　黒,Rubber Tights M: Black,761,56b9738501cdc88edfed76172d363bed,8321e312c8c37f75751bf144fb7a61fa
ラバータイツＭ　灰,Rubber Tights M: Gray,762,51843d08a4c06d8b11815b59c289ae20,632420c0077a9f99d1df59bf9ab6ce32
ケインペイント,Rhys Paint,770,815044d37957cf9a4e37e750dc9b3185,e5daf102db2e23bf36dfbc3d63f13263
フローのソックスＭ,Florent Socks M,780,b83a9d444662d37214f7f8dfc5824cd4,97346ce4c02c7c44d912fa0c003b0313
[Unnamed 789],,789,6e00e151d8dd4a19a456e3fcf7853271,9cfacb34873a63d55fbce7808e585649, (Not found)
スミシータトゥー,Smithy Tattoo,790,b2f17493977f7a114b3bd3f9992de886,2b228f59cd96ec94e6a435b8b16fd5eb
イロドリグローブＭ,Imbued Gloves M,800,8e6086084cf0632ee5dd619bbbf36321,4fb30c508b8794ceaf4d80c37193d587
結月ゆかりのソックスＭ,,810,7434d2d1cdd0538f6f937d9cf00db09e,a042c0ad617a7d47961bbf41a2ebbcad, (Not found)
結月ゆかりアームカバーＭ,,820,c762e71722f944b7a58549224c863af6,6e77cd66c6f8e7663d78d216b2c6be45, (Not found)
リデルグローブＭ　Ｂ,Lidel Gloves M B,830,69026371852a40187599685cfffa0256,dba17462ac871b6b70a135cf455d64a4
バルバタトゥーＭ　茶,Barbarian Tattoo M: Brown,840,2f49a16a8ae050d9e212c991c7a77e03,afd391c33898bdcd1ecd52b1748bd3f1
バルバタトゥーＭ　白,Barbarian Tattoo M: White,841,a242a4b4b4fe7ae500c4ee3f3b664ddc,b5b061f0843d1a8730d0e4214db6a5bf
インナー風ペイントＭ　Ａ白,Innerwear Paint M A: White,850,b1864c3f52277dc2316fce5442522ce0,12523f2e8efaca81103b631344d0ac98
インナー風ペイントＭ　Ａ灰,Innerwear Paint M A: Gray,851,39dca66a49873e8e40ef95c66653e3de,99303c10d4897f2e2a916160548f03d1
インナー風ペイントＭ　Ａ黒,Innerwear Paint M A: Black,852,f658cae18a7cb18fcbc9317694c7c360,a807614ef2b81ef4e651c9aaa44da562
インナー風ペイントＭ　Ｂ白,Innerwear Paint M B: White,860,0e94a041e41e406da1c088b0b2773135,01800b7d1aba3f8cda6c5d930d9aac75
インナー風ペイントＭ　Ｂ灰,Innerwear Paint M B: Gray,861,f91a8c315aaf7d7f4e34f6ea6bb0063e,9eacdbab95a49cd30b34ad284e8a6e7b
インナー風ペイントＭ　Ｂ黒,Innerwear Paint M B: Black,862,d30c6a03993405f066a97c506ce3590f,c0fc94ca679eb021f69fe5f776fe76fc
しましまスーツＭ,Striped Suit M,870,a8706be93da30547e9b7d5eecef42082,42eb534df2315926e3b52ff0dd579063
シンプルチョーカーＭ　Ａ,Simple Choker M A,880,1d9d47e0d13108f7f1a7d7fe9e7492bb,f8935ba9ae294f88ec9d8ea4258eacaf
シンプルチョーカーＭ　Ｂ,Simple Choker M B,890,926fa3a93233579b04835d14b49d13df,a21b67fde350dd40276c62918ae1419d
シンプルチョーカーＭ　Ｃ,Simple Choker M C,900,298e19074a3e013db1517ed5f44aea3f,d88c10392a7ace29b94e8464cd863bf2
シンプルチョーカーＭ　Ｄ,Simple Choker M D,910,20831e2b1eea2572a3180100e5084b9f,7645cdfe3ecb5ce4a6e0908539ff35ba
エレメンタルボディ炎Ｍ,Elemental Body Flame M,920,9708089f023d13421fd41e56745fae76,88f3765d07025f88fb030abad7e46c4f
エレメンタルボディ水Ｍ,Elemental Body Water M,921,72865907dc617453c5dc14f54e48279a,68d029a1577c5c415f15c2379ca742c3
エレメンタルボディ風Ｍ,Elemental Body Wind M,922,e99184f93244b410eaae8b1dc8d9ef41,01dbffe0ae1ecfd5f8fc1ce0c9a4b0c1
レースチョーカーＭ　白,Laced Choker M: White,930,a09115e8f08e25379e64630a940d360a,4069427ec978bda6915985ad1fcbe6a3
レースチョーカーＭ　黒,Laced Choker M: Black,931,89de350051362d4fe97210d4a33ecc2f,93f8de80fd1e6ce9bbc62448c3795eed
レースチョーカーＭ　赤,Laced Choker M: Red,932,1dab76ca5329ceb2f2147fc4a3155e66,14e1e8342da88c1ca8d3e04998ab83c3
ハナヤギニーハイＭ,Brilliant Thigh-Highs M,940,ba8c7a63918820bb9baf1a4f41f4d87b,c7b63e98c9ce530462cff15688654936
ハナヤギグローブＭ,Brilliant Gloves M,950,b83a9ef5bb0476b128484a7fab1f6c08,26b71dc3258995c28ead674e0839bd79
ヒューイタトゥー,Huey Tattoo,960,e592d0b4770ceb6f241d1d29dc11519a,720df9a74e56faab507844c6e3e910d0
[Unnamed 969],,969,ac661d06ebbe8b4664728810e767a167,e17b533b52c94cc372df73b6b55e5e2d, (Not found)
クロームタトゥーＭ　紫,Chrome Tattoo M: Purple,970,8160da197a0fecc7339ff80eeab2e80d,7e49490b58f11118ba0d944b6099638a
スポーツウェアＭ　Ｂ,Sportswear M B,980,494fb87b548e15c166b1da83ef2d5379,899347039c7a818ba3dcb24c2636a712
イービルグローブ,Evil Gloves,990,813e42a24c434219fb4555c5442bc40a,847db941276fedf2f0b97da14c0b5e28
ノクスカディナグローブ,Nox Cadina Gloves,1000,322189906c2d35eb3b1dca506fa0e230,ab3b4513d80d8cfa367c696c280bb420
[Unnamed 1009],,1009,89dac8e1d5990a1f7fddce5d0bafb7d6,6b90061bf08ffa2eb0d617eb23fe25db, (Not found)
ノクスカディナペイント,Nox Cadina Paint,1010,46f93133c344e261cdf7ee46257e5896,61cc7cbd800e280a25d7cb97b2ed0ca0
[Unnamed 1019],,1019,050d4f175d0a8d98827a4736fcee98d7,adb9ee82e22720be5436cbb2e0efbc68, (Not found)
ニレンカムイサイハイＭ,Twin Kamuy Thigh-Highs M,1020,84903a559497adfd40ad88e550112a14,2fc28e812371c8227b8c688f10304b9a
シャルフペイント,Scharf Paint,1030,3b12114abb202cdd21a69758e56d518d,005b0ba0902d829bdc3aa00728aab1af
[Unnamed 1039],,1039,bb1c4dee49e1319e5bc70f7dc7389cdb,ca12a3a179986962f53fffbccd4bcc4b, (Not found)
妖異包帯,Occultic Bandages,1040,58a2459e24dd55c06c25468e8b32597b,7379fed18225842c7ee2d6dba4c9bb2c
ガンボーイタトゥー,Gunboy Tattoo,1050,ff40750935c1c4835d761843614fe818,e5bcee79acea499a02ebeb89cf95fd0d
ネイルカラーＭ　赤,Nail Color M: Red,1060,72cddc7f1de18068b71273e858977006,8cf76f6ad16d68b8df69927997181cac
ネイルカラーＭ　青,Nail Color M: Blue,1061,d99fe88ea63be7f2322d1642c58dfea4,77901437170f08547c42bdc9c4951a58
ネイルカラーＭ　桃,Nail Color M: Pink,1062,eb74b6db375264c00ff342e55d7fc515,c3aa0dee14209fec2aa4d5cd01e55608
ネイルカラーＭ　黒,Nail Color M: Black,1063,32fcfd38ef48ff24657784197d40de03,d017d1cc4884f7781cec6db9db08d11d
ディレクトグローブＭ　Ｂ,Director Gloves M B,1070,7e71432dad1d0928d049611a9316241e,5a1f12fd79719e1698c654ecb71d2224
草薙京のグローブ,,1080,77e6389295ce601fb150aa3e9c84ac16,5adf3b3d73dac5d8c7a6aa4e787d49c6, (Not found)
スミシータトゥーＢ,Smithy Tattoo B,1090,45d462dd69167b1966e72a67bb929a23,ad9f7d5afb6aecdc99574e99f8eae7f4
シンプルチョーカーＭ白Ａ,Simple Choker M: White A,1100,b189259c7308a21d3d5efb9a2aec691d,80e8311149e3b2f236ed7adfc1ae5c73
シンプルチョーカーＭ白Ｂ,Simple Choker M: White B,1110,e7f54736e9b0f91ec9c212d3dc50364f,a482b1864e3279b5403135aecdb47785
シンプルチョーカーＭ白Ｃ,Simple Choker M: White C,1120,b73d04b32e019e6b99ca1a24c22b812f,597523109e9decaad3cd3b996e1f47c0
シンプルチョーカーＭ白Ｄ,Simple Choker M: White D,1130,28931ad8d56c4735a609965e5ec81a16,776425b4257cc6d7248850c659294152
ムジンタトゥーＭ,Mujin Tattoo M,1140,f0b7406e8008359a95e7812bf9f34f49,868e1b892c86c1fbf027987ea4ac2a61
イロドリグローブＭ　Ｂ,Imbued Gloves M B,1150,4caffccd6fcc30b835f133c4b2658920,9106aaa08563e63ec8eb8de1520ffbc5
ハナヤギグローブＭ　Ｂ,Brilliant Gloves M B,1160,c1086e9387cbe052167fe5bb6f17e87e,bd9afa5f7eebf9f7c6ffe204269b8728
ハナヤギニーハイＭ　Ｂ,Brilliant Thigh-Highs M B,1170,827ab3c41a1f9fae74618513de9e59cf,02e454d042f4cc132fc95bd06d89486d
ハートタトゥーＭ　Ｂ,Heart Tattoo M B,1180,a316765d4b188e111e587c2b843681a8,51d23eb6e99bcf8147b73354565b1bd4
ブラックローズタトゥーＭ,Black Rose Tattoo M,1190,d966fb5b7f27e5efcaeb690dedbadad3,6bea50a302c433fab7a54f462b718534
アギニスタトゥーＭ　Ｂ,Agnis Tattoo M B,1200,7315f854f2933e80a4076ba7b38392ae,70598cf884b382cdce7889c4439e59eb
インユウ手袋,Inyuu Gloves,1210,516e85cf47eaecd98ca9be2b2b3dfe15,c0a2661f3a5479b6c870082fc8d7b416
フローのソックスＭ　Ｂ,Florent Socks M B,1220,a0bf4cfa3f6129d50124ba6d0ec2960a,eb942535937192f8f85cdad9315ca4dc
レースチョーカーＭ　紺,Laced Choker M: Navy,1230,7a9736fc5377dbc8d9b8089564acac3d,6683cdd81d199c9cd94dfbf8992fd609
ニレンカムイサイハイＭ　Ｂ,Twin Kamuy Thigh-Highs M B,1240,189ebcd779dc9ed2a364c549949047d7,cc821d09829442b493cbf021cfb17a04
レナートペイント,Renato Paint,1250,adc4b444ecd3f59076df64daecf022a2,93634a88180e6fe3c2306ee0e694a607
[Unnamed 1259],,1259,87d53cd9009498adaa1763c107495030,6959b40a0a5dad684271c880b6fb15fa, (Not found)
心の鍵穴Ｍ,Heart Keyhole M,1260,3888c5cfd11f1a2ec283c5750e4e1bf9,b28d5ce26becdd26cfecdd8b8228b292
シャルフペイントＢ,Scharf Paint B,1270,0af2e850f0582c9f2763c7f385e470bb,d218fe0bdbdc609c9064e7997fd35cb1
ハロウィンサイハイＭ　Ｂ,Halloween Thigh-Highs M B,1280,277637a70614c45b3140a618fa0dfe01,fcb712bb40e67a111a1d8fd2c5b0f0e6
￥GH440アニメ用　男性版　のタイツ,Élégante Tights M,1290,c6268083f75149a0cbd30e2e3c0bcf8a,fd6e3df9cf21d7ea8ff48bfa65e43729
￥チョコカラー衣装(バレンタイン男性)　の靴下,Praline Socks,1300,15ae5849fc0967a6af4b4d37abe6f872,4c18345fdd100cba5c6c310fce959ad5
クロームタトゥーＭ　水,Chrome Tattoo M: Water,1310,d71041c4316415dec266e177720a0421,e600d414b9551f8eeb895a4223f8e311
ネイルカラーＭ　白,Nail Color M: White,1320,774e601996fcfb20c4b19d54179a7aad,d92f6a6e52f68f46e5a387a2bbdf540d
ネイルカラーＭ　金,Nail Color M: Gold,1330,0039ed2b18b14c9e373aab6aebfb5aac,c7d951b863bdf25f9f9043f167cea007
妖異包帯Ｂ,Occultic Bandages B,1340,656c558c01af03c21bf9c6eac348dbb5,38865071a5f2ffe8103b1d3833b1f29c
￥チョコカラー衣装(バレンタイン男性)　の手袋,Praline Gloves,1350,50c1dde3ba3b038651ca3d94cdda1da1,65e3eee6ac44740603fea174628685cf
￥アニメ用　マトイ　普段着コスチューム　男性版　のニーハイ,Easy Thigh-Highs M,1360,d963e741c988b3c27b055d46ff17bc30,0fe0adbf2d0c74fd11aedf2171f83ad4
￥ガンボーイタトゥー　ＴＶ２,Gunboy Tattoo B,1370,d4cf90283c9a06740eea8aebbd68daae,f86ef957e95bfa91d9f15874b53c8654
ゲザングタトゥー,Gesang Tattoo,1380,a4def77eae8b12998273d972fcc550e6,5f514dd4fbc98bc7f9976c878209f6e8
ゲザングメッシュ,Gesang Mesh,1390,cbb95e5c921fc85115d506457edfaed7,6e17e3a1ddbd41422dc20c5505b69dcd
ムジンタトゥーＭ　Ｂ,Mujin Tattoo M B,1400,e3b7271797d309e58c103826fd99f324,370c944ca2feb7e30289ad4d9fe0b055
ムーンタトゥーＭ　Ｂ,Moon Tattoo M B,1410,e1a729c71ffdacf628c2b598f1b947a3,fd09a42f24c3e0b5419703d19ca08206
スポーツウェアＭ　Ｃ,Sportswear M C,1420,4cbf5fe8605c2517e97b0147e3966c36,69b4170a56075da9054033d8eb66e26a
レース風ヘナタトゥーＭ　白,Lace Henna Tattoo M: White,1430,2316796db7864e4015e026d5342d9aa5,07200f3463cc09e742f0210441260875
レース風ヘナタトゥーＭ　黒,Lace Henna Tattoo M: Black,1431,46056dda71567afddc1fbf033ed672d2,49d2f7439fffe0a9d2f57c5d182d6149
レース風ヘナタトゥーＭ　金,Lace Henna Tattoo M: Gold,1432,2c886bb3c676a2c7918ca446b379b1d7,e67221f4c2d1dffafa5ed76cfccc933a
ドラゴンタトゥー　白,Dragon Tattoo: White,1440,89a5f5088281ad58ec4cf063feaa3526,67b6823b9e15cc5b26753baf701c544c
ドラゴンタトゥー　黒,Dragon Tattoo: Black,1441,9168aa7e03632ea0f505f641c1849674,2a3378977ce96a5fa8becbcfff0e23bb
ドラゴンタトゥー　赤,Dragon Tattoo: Red,1442,5a88ed7bac9f81ef2024c2279a92cbea,a757060119518111f2c6ccbaf573a3cf
ドラゴンタトゥー　青,Dragon Tattoo: Blue,1443,536c427e3a091ba240325fd67b6e8baa,6056de667822adb64ab5a570583c68cc
アームラップリボンＭ　黒,Arm Wrap Ribbon M: Black,1450,c44138e5f083cab2d2c5ee60547000ad,7e4ab7186fbaf64900b4531b43b4f7d2
アームラップリボンＭ　白,Arm Wrap Ribbon M: White,1451,5b6fbf3695c39bc4b3722ab8c40f694e,5cc040b18cb585b835d075763182f6fa
アームラップリボンＭ　赤,Arm Wrap Ribbon M: Red,1452,6d1b15f67bff97d023b87401e1c99caf,44c7c7301e28d4d86095a216063172ed
アームラップリボンＭ　青,Arm Wrap Ribbon M: Blue,1453,d57711bac1e052cc15bdcf8d36fef671,99c25e5181be1793b5f314db2e073e0c
インユウ手袋Ｂ,Inyuu Gloves B,1460,7ad810b61b3038f98eb375d9a92c53bb,6568867630464a727e0a55ead9ed235e
ニレンカムイサイハイＭ　Ｃ,Twin Kamuy Thigh-Highs M C,1470,6bf32d4f1796b9bb5715b0d20c1d0fed,607f80973a93dcdc25fa6f14407fe15d
アーガイル風靴下Ｍ　赤,Argyle Socks M: Red,1480,5a6e2d209288b35e84c7ec64b0177286,3d20256d9e589ebf789276cdd32b3c57
アーガイル風靴下Ｍ　黒,Argyle Socks M: Black,1481,5a9d6258f1ba7512f61f7a2832122087,dbba7dafc21776f0494549a6d67f8f40
アーガイル風靴下Ｍ　水,Argyle Socks M: Water,1482,a3ef898fb922932b9e3fe654b504daa6,d96e3f2e4cba36038ebecc97625334b3
アーガイル風靴下Ｍ　桃,Argyle Socks M: Pink,1483,9086ce39c7c7a63b6cf5d32393e6b084,b05facc20e07aec6c2c2806ae1c4c43b
ワイドチョーカーＭ　黒,Wide Choker M: Black,1490,22d227579ce2dfc1aa8b4f41ffd7110f,f1d48af322a872cdc4b07518901fd414
ワイドチョーカーＭ　白,Wide Choker M: White,1491,161e970a019e6fb8e0654d08ec26695f,a3516523b8a5a971a95fa4325842f499
ワイドチョーカーＭ　赤,Wide Choker M: Red,1492,721f28f312f8e1f7596a9728ebf72c02,2ce3f553bbd22843e787fe704e7f0c91
紲星あかりのタイツＭ,,1500,b1779c30cf297b587f6a2f2010472802,822ae3feff56b9cd3b291f16ed97d23a
紲星あかりアームカバーＭ,,1510,1b75bfc361f6c9e7c9368273649412c4,2894b62c6ad6015e7c636bb4eb03a9e4
イージーサイハイＭ　Ｂ,Easy Thigh-Highs M B,1520,50e6fd48f1d5f6d3c15be06ab33ff1d1,82be6aa729606cd79d016a0e644e1b57
エレガンテタイツＭ　Ｂ,Élégante Tights M B,1530,d78a173553586068ec5b67f10f8424df,abd3b7f915ba0bb5e402cb0cac92608c
ルインペイントＭ　Ｂ,Ruin Paint M B,1540,e3134502a6c25b36afa762bc1e145140,6c3805b6a1c0ee9775a13d2f1b2caefc
[Unnamed 9990],,9990,02fc7e2e8289046325317f629d87efe1, (Not found),9c727096662aa64362844e043a7775bb, (Not found)
