[Unnamed 20000],,20000,d01deaf7a34d3f5a0a369d0cbb1cfc7a,518370f8aa5f708e3ff4a2b1daad5853, (Not found)
ヒューマンインナーＭ,Human Inner M,20001,2fa765a08df43d9d4c4bde2045621832,fdab83c07f29671ce45d3573d3ead2e7
ニューマンインナーＭ,Newman Inner M,20002,d6f3b0d7c197389460715f6ba21d8c11,6aeb459cdd43697dabcf03a183925d0c
デューマンインナーＭ,Deuman Inner M,20003,32aec9b3ee2ec23b58e621465c34e7a0,c9fc62c5df186d517425193313a09c51
キャストインナーＭ,CAST Inner M,20004,1999da2f59df1aeeaabd159915c77275,0e212e8387d9735178b1ef4a21212660
スマートインナーＭ,Smart Innerwear M,20005,6c5584f5b78460f9babdb738c93c8bfa,c10535b1db7f798f3d74fef7fbe14348
,Newman Innerwear M,20006,84ee22c9db49f86f7b07e4b430409045, (Not found),d90a514004230593dec4427d882bd935, (Not found)
,Deuman Innerwear M,20007,3bcef0063ac1e7c59182042a35cc2c4b, (Not found),7002b8844d8c6d7cb2972e8deef510e1, (Not found)
,CAST Innerwear M,20008,79e4302f66f785363d9bff4e4101756a, (Not found),2dca7cfd02652353e8ba9ca020628f32, (Not found)
[Unnamed 20009],,20009,122ecfac9d56a3b2698d6278cc77abac,fbd19fa56ffb2d447fa4848c031ae6f2, (Not found)
[Unnamed 20020],,20020,fc8f6dfad9b28c3505b0fa6483acd16c,a1354af366a9bc135f66df740520044f, (Not found)
リチュアルクロース[In],Ritual Clothes [In],20021,acab157246d1735b459f08dc15990ec4,74fbbe05791297acaa48eb8b71783e30
リチュアルクロース海[In],Ritual Clothes: Sea [In],20022,acab157246d1735b459f08dc15990ec4,fc08b14d28c2a3f3534f2e34b6f11e79
リチュアルクロース鋼[In],Ritual Clothes: Steel [In],20023,acab157246d1735b459f08dc15990ec4,99c2bd7b7e65930efb67aee238a36427
リチュアルクロース影[In],Ritual Clothes: Shadow [In],20024,acab157246d1735b459f08dc15990ec4,aadabad5f9e308dedad3717df469efad
[Unnamed 20030],,20030,688a46c789dd8c3bf095a7b43ee56b1f,c8471743ad173424f47489d90d326f72, (Not found)
フラグメントクラウン[In],Royal Remnants [In],20031,069faaa9b997c05e83a0fa2434563fab,df8c39e6794adf4a3eea65cfbe456bdf
フラグメントクラウン紅[In],Royal Remnants: Ruby [In],20032,069faaa9b997c05e83a0fa2434563fab,f16687ecaa3151dae4c99809a8e6d8eb
フラグメントクラウン雪[In],Royal Remnants: Snow [In],20033,069faaa9b997c05e83a0fa2434563fab,4a16dd737af65c2d421d1db56e42f6ee
フラグメントクラウン影[In],Royal Remnants: Shadow [In],20034,069faaa9b997c05e83a0fa2434563fab,a90c0f30190bcc3d3872c2c48ba31559
タンクトップ１[In],Tank Top 1 [In],20040,801268d951f6a679857b64acfa35369a,9331061f41d30c5b4c70a71dc289f933
タンクトップ１鋼[In],Tank Top 1: Steel [In],20041,801268d951f6a679857b64acfa35369a,1a86bfdc60da2ce0fe61cd04010e5be6
タンクトップ１雪[In],Tank Top 1: Snow [In],20042,801268d951f6a679857b64acfa35369a,34dea8b4f16f44c3e8b4e8947ea22617
タンクトップ１紅[In],Tank Top 1: Ruby [In],20043,801268d951f6a679857b64acfa35369a,8df77e6695388d2de8ee555470a21411
[Unnamed 20050],,20050,9f57c8b3ae3d085558675f381a401b1a,ea5dbf362f31e227a78dc39e1c514a25, (Not found)
フロンティアガイド[In],Frontier Guide [In],20051,cdd895f788a96e605bf1fa733f713062,13ea093fcb9b91f412436b9c46a52fe7
フロンティアガイド紅[In],Frontier Guide: Ruby [In],20052,cdd895f788a96e605bf1fa733f713062,d7d596d785db564b3c90d294f8726514
フロンティアガイド海[In],Frontier Guide: Sea [In],20053,cdd895f788a96e605bf1fa733f713062,1a8b3b2e66f59ce215e3858df2a8cf52
フロンティアガイド影[In],Frontier Guide: Shadow [In],20054,cdd895f788a96e605bf1fa733f713062,e4caababf607f949a2638d358e6c1732
[Unnamed 20060],,20060,66916431c07c06e9b8f3126dff7493c1,650b352ca9db4c9854b54ee9a0e78b67, (Not found)
ボクサーパンツ２[In],Boxers 2 [In],20061,02ef649d78e8a27c53984d8572a8aa2c,d06490cb1447654562aca252b1d61d52
ボクサーパンツ２海[In],Boxers 2: Sea [In],20062,02ef649d78e8a27c53984d8572a8aa2c,05a4e7cc13b8b3e38956ddfb89064b56
ボクサーパンツ２雪[In],Boxers 2: Snow [In],20063,02ef649d78e8a27c53984d8572a8aa2c,7035f23bcc6e2d4ab6409609468f4bfb
ボクサーパンツ２雅[In],Boxers 2: Grace [In],20064,02ef649d78e8a27c53984d8572a8aa2c,f5c18661a700e466f1d21eac6d5bcab8
[Unnamed 20080],,20080,d1f713196fd1ed25f107fbc4fc693c56,259921e09441b357b8ebe81ecd603798, (Not found)
ファンシー１[In],Fancy 1 [In],20081,6d3797d3c1e369df9fb6d7bfb5a3ff38,a8cb8a61b1975a3a587051d59dca6277
ファンシー１影[In],Fancy 1: Shadow [In],20082,6d3797d3c1e369df9fb6d7bfb5a3ff38,e192de3da4b532fd8b4c6fb95080b286
ファンシー１雅[In],Fancy 1: Grace [In],20083,6d3797d3c1e369df9fb6d7bfb5a3ff38,faf28d5a05b7369311a41f205d82bb0d
ファンシー１葉[In],Fancy 1: Leaf [In],20084,6d3797d3c1e369df9fb6d7bfb5a3ff38,5d39eb16a364ea87ce8e2945e3f7b73a
ストレイトライナー[In],Liner Jacket Ensemble [In],20100,61751fbb5a8d31e09908152f505fb97e,e6d3235cdd5e5004675c7982898b8631
ストレイトライナー鋼[In],Liner Jacket Ensemble: Steel [In],20101,61751fbb5a8d31e09908152f505fb97e,5d0e2dca99f1c32b7aaba5483534cb8e
ストレイトライナー夜[In],Liner Jacket Ensemble: Night [In],20102,61751fbb5a8d31e09908152f505fb97e,da5a06516ad8d15a73b0c4407226d000
ストレイトライナー雪[In],Liner Jacket Ensemble: Snow [In],20103,61751fbb5a8d31e09908152f505fb97e,5ece58cdc9708d5b79cb74247b372c40
[Unnamed 20110],,20110,4238f2f24863c99d0be31d12cef19424,60c51ff40475c85d000305901b0db7c6, (Not found)
ボクサーパンツ１[In],Boxers 1 [In],20111,1d977294215e30659cb6f4e0532043d6,58497786678615120151f9ab231f85cc
ボクサーパンツ１影[In],Boxers 1: Shadow [In],20112,1d977294215e30659cb6f4e0532043d6,b54ec4c920f1de7b995b742d424a2a48
ボクサーパンツ１鋼[In],Boxers 1: Steel [In],20113,1d977294215e30659cb6f4e0532043d6,cb405063f9ed048dd1e3742635f06b38
ボクサーパンツ１夜[In],Boxers 1: Night [In],20114,1d977294215e30659cb6f4e0532043d6,abfa3cde1289bd44a8ecfe8da0320a16
[Unnamed 20150],,20150,c285de238d33a8be70072e0d3be76928,f75d4b71473fad4ec1630c20d6a2b226, (Not found)
リグサバイバー[In],Survivalist's Rig [In],20160,96b16fa90453b450b21febee970f369b,bf57ca4926edb378832d3bc56667c677
リグサバイバー雪[In],Survivalist's Rig: Snow [In],20161,96b16fa90453b450b21febee970f369b,c9238b9e9ffbf5bd015d8571f45fbc3a
リグサバイバー夜[In],Survivalist's Rig: Night [In],20162,96b16fa90453b450b21febee970f369b,9bdf7d69877b54ae2cdfa634cf7bea8d
リグサバイバー紅[In],Survivalist's Rig: Ruby [In],20163,96b16fa90453b450b21febee970f369b,63af31bb61fc977631a82cc9e77531f7
[Unnamed 20170],,20170,8160a1bb900debb64360e86052432830,9aedf372e60dba07a5087c3a114a9e57, (Not found)
レーグルストレイト[In],Règle Jacket [In],20171,6489ba6e8ed2bbd6b3e265981869463e,d2ef5fe6c17768771582145281d835cf
レーグルストレイト雪[In],Règle Jacket: Snow [In],20172,6489ba6e8ed2bbd6b3e265981869463e,b04617b4096f183e0a05de1c3093c3e7
レーグルストレイト鋼[In],Règle Jacket: Steel [In],20173,6489ba6e8ed2bbd6b3e265981869463e,43c8745fc2e1b2081015e78e1b68b715
レーグルストレイト夜[In],Règle Jacket: Night [In],20174,6489ba6e8ed2bbd6b3e265981869463e,3dd570b8e28e07bff49d0b41640891f1
ロングトランクス１[In],Long Trunks 1 [In],20210,290af22f5c8aa82fe70fafe3b54b3d35,b6a27baa252a73f0badb9650c080a501
ロングトランクス１雪[In],Long Trunks 1: Snow [In],20211,290af22f5c8aa82fe70fafe3b54b3d35,4661c378b1b22a2d6b9e7fabf5918842
ロングトランクス１影[In],Long Trunks 1: Shadow [In],20212,290af22f5c8aa82fe70fafe3b54b3d35,6dd01cfb7f4d9d649c67427c5df3a75d
ロングトランクス１空[In],Long Trunks 1: Sky [In],20213,290af22f5c8aa82fe70fafe3b54b3d35,cf186ab2ed704fe5ab42b958edb3b75a
[Unnamed 20250],,20250,946c62be872a4eb749f8f5f5e3e11ebe,d66e6fd5908f9f1cc9c045cbbc864a66, (Not found)
マーシャルレオン[In],Martial Leon [In],20270,76363b09ec878db4697ab0e5962cacad,633cbd6f1c2128f7b0cd49866255dcab
マーシャルレオン紅[In],Martial Leon: Ruby [In],20271,76363b09ec878db4697ab0e5962cacad,6553de12f97faffdd0d7ab1f4401deb7
マーシャルレオン夜[In],Martial Leon: Night [In],20272,76363b09ec878db4697ab0e5962cacad,583e739f283e569c22a444fd35664fc1
マーシャルレオン雪[In],Martial Leon: Snow [In],20273,76363b09ec878db4697ab0e5962cacad,3b27ededdfc7fb9af0f29ce93b6ede52
ノーグライアー[In],Nogue Lyra [In],20280,740e662c644d82a4ebb92065433e650a,cbcec217e5326cff3ad2470fa915dc32
ノーグライアー鋼[In],Nogue Lyra: Steel [In],20281,740e662c644d82a4ebb92065433e650a,31f320938332211a2b240eddfe7172d3
ノーグライアー夜[In],Nogue Lyra: Night [In],20282,740e662c644d82a4ebb92065433e650a,5eedd39464a667ed3396b7700dc57c11
ノーグライアー紅[In],Nogue Lyra: Ruby [In],20283,740e662c644d82a4ebb92065433e650a,8e4a60f6b49077bf095268257fcadae9
ノーグライアー影[In],Nogue Lyra: Shadow [In],20284,740e662c644d82a4ebb92065433e650a,933ccd0dfaceb26fdbdb6cba49adb49a
カブキグフウ[In],Kabuki Cyclone [In],20300,c737724368e40a1896ac3c163d626914,a5b72831db8b422de4b7453051fe81ef
カブキグフウ紅[In],Kabuki Cyclone: Ruby [In],20301,c737724368e40a1896ac3c163d626914,9bddc9ab9eb4b3a2b672d6623b29dad8
カブキグフウ海[In],Kabuki Cyclone: Sea [In],20302,c737724368e40a1896ac3c163d626914,3e38cd1690e671a7ab2d8353e86a2ef8
カブキグフウ影[In],Kabuki Cyclone: Shadow [In],20303,c737724368e40a1896ac3c163d626914,2fc2633c688506cae3cf2eefcb8039e1
[Unnamed 20369],,20369,a0e8422635dbf37a9cf80bd032f8e0b9,ca6fe92f119acddd4552d97d5e3317ca, (Not found)
[Unnamed 20429],,20429,657cc0eb0746462f4d809a7f66f5776d,3fb164b9292b66c5afc74e9ef127b55f, (Not found)
レフィードアクトル[In],Lafitte Acteur [In],20520,d57dd2e56c67124705da2facffdf91f4,2c55c6ce8c6fa97405482d5a432afd99
レフィードアクトル影[In],Lafitte Acteur: Shadow [In],20521,d57dd2e56c67124705da2facffdf91f4,340650f0881239f5499493a25544516d
レフィードアクトル紅[In],Lafitte Acteur: Ruby [In],20522,d57dd2e56c67124705da2facffdf91f4,715c5ef033ef15107c6259f013be1eae
レフィードアクトル海[In],Lafitte Acteur: Sea [In],20523,d57dd2e56c67124705da2facffdf91f4,17b42738ed1a2c649e4bce247e12c1b5
レフィードアクトル鋼[In],Lafitte Acteur: Steel [In],20524,d57dd2e56c67124705da2facffdf91f4,671fb47a22de1ee2cf609fc8aecfccd8
フォリーテイラー[In],The Mad Tailor [In],20540,7f742ee15a9c38ce6ce549108faea5cd,52e6172a91ccb87328806b7ff497343f
フォリーテイラー海[In],The Mad Tailor: Sea [In],20541,7f742ee15a9c38ce6ce549108faea5cd,81c8f18cd5e6474a4e004fef00c3d371
フォリーテイラー紅[In],The Mad Tailor: Ruby [In],20542,7f742ee15a9c38ce6ce549108faea5cd,08311b4ebbbe015ada9f38436490a08e
フォリーテイラー雪[In],The Mad Tailor: Snow [In],20543,7f742ee15a9c38ce6ce549108faea5cd,32e35d88c11219ebd0c6231f1e530939
フォリーテイラー雅[In],The Mad Tailor: Grace [In],20544,7f742ee15a9c38ce6ce549108faea5cd,877fd289cb6360feaa79fc094c467ec5
フロワガロウズＭ[In],Froid Gallows M [In],20560,30144bd1366a60feb72e7a740b464504,0442b99e98183deb1a4d37298b391a2d
フロワガロウズＭ雪[In],Froid Gallows M: Snow [In],20561,30144bd1366a60feb72e7a740b464504,6cab8f2e1d21d6cde65ad5cd0542a05c
フロワガロウズＭ紅[In],Froid Gallows M: Ruby [In],20562,30144bd1366a60feb72e7a740b464504,d4e1cae3c608cd39b8092938714ae79f
フロワガロウズＭ夜[In],Froid Gallows M: Night [In],20563,30144bd1366a60feb72e7a740b464504,b3c7c813270c015ccfbfa85fa0b1bf29
フロワガロウズＭ雅[In],Froid Gallows M: Grace [In],20564,30144bd1366a60feb72e7a740b464504,31ba10ea639c1275862327e40bc9eb1b
テオレマードラッド[In],Teoremard Lad [In],20620,5ce5558a1e1a85c313615449a7e6eaa9,c26926203831eb98b95d90c88fa597a8
テオレマードラッド紅[In],Teoremard Lad: Ruby [In],20621,5ce5558a1e1a85c313615449a7e6eaa9,ebaa873974d91ed5b1911895b19dacda
テオレマードラッド海[In],Teoremard Lad: Sea [In],20622,5ce5558a1e1a85c313615449a7e6eaa9,097144d058f2948f879c4dfd2816ba6b
テオレマードラッド雅[In],Teoremard Lad: Grace [In],20623,5ce5558a1e1a85c313615449a7e6eaa9,049b62348e6cccb9f1168561e2c6c1ef
テオレマードラッド雪[In],Teoremard Lad: Snow [In],20624,5ce5558a1e1a85c313615449a7e6eaa9,a66e350177cd46af35e4337447c11e79
テオレマードラッド月[In],Teoremard Lad: Moon [In],20625,5ce5558a1e1a85c313615449a7e6eaa9,4c64081bad9768b8e4bf5750f825497e
ブライトプリンス[In],Lustrous Prince [In],20630,931fbf8dd636188acc26b11b5ac9d391,d0cc113fa93f506bf929da118659fc98
ブライトプリンス影[In],Lustrous Prince: Shadow [In],20631,931fbf8dd636188acc26b11b5ac9d391,00c0bcce596072c73350f28adc5efd9e
ブライトプリンス葉[In],Lustrous Prince: Leaf [In],20632,931fbf8dd636188acc26b11b5ac9d391,98ceab7f0652e012a2c31105626d7359
ブライトプリンス紅[In],Lustrous Prince: Ruby [In],20633,931fbf8dd636188acc26b11b5ac9d391,b241aaf1f53fc96f781bdb0d561fdd60
ブライトプリンス夜[In],Lustrous Prince: Night [In],20634,931fbf8dd636188acc26b11b5ac9d391,84c055824dcf0d2cadcf7db3af2d9d59
ブライトプリンス雪[In],Lustrous Prince: Snow [In],20635,931fbf8dd636188acc26b11b5ac9d391,b3fba63428b439cbd367c34bbcd5d61c
リグサバイバー影[In],Survivalist's Rig: Shadow [In],20650,3770faf6b97460980297f86a3040b533,33c72b7139faee02ed56be92bb481e2f
リグサバイバー雅[In],Survivalist's Rig: Grace [In],20651,3770faf6b97460980297f86a3040b533,d14874d65d338c69078c27611360767f
ストレイトライナー影[In],Liner Jacket Ensemble: Shadow [In],20660,4ae27a8970e460c9192cfba61324a821,c39e22e5ad2824e88c045e35fab52aeb
ストレイトライナー冬[In],Liner Jacket Ensemble: Winter [In],20661,4ae27a8970e460c9192cfba61324a821,859353e11bf8cdec591b0a1a6864f722
ディバインインナー[In],Divine Inner [In],20690,5b4a48789c187933dd6db3612379529f,f6a301a1e39e919dcba64c489f25fd4c
ディバインインナー影[In],Divine Inner: Shadow [In],20691,5b4a48789c187933dd6db3612379529f,9496286a4d60829f18238d246ba5fcfe
ディバインインナー空[In],Divine Inner: Sky [In],20692,5b4a48789c187933dd6db3612379529f,499dfe32f1f9cf2b864ecba942d2a519
ディバインインナー萌[In],Divine Inner: Sage [In],20693,5b4a48789c187933dd6db3612379529f,934258d06a79976dfd213efeccaa5063
ディバインインナー鋼[In],Divine Inner: Steel [In],20694,5b4a48789c187933dd6db3612379529f,d99ff3bdf61f12f83197f33b124cf4c0
ヴァルザライズ[In],Varza Rising [In],20730,d8bda4d64d5c959f63c94108bf65f177,c4aff1424107caf3984a53bc971dfa4d
ヴァルザライズ夜[In],Varza Rising: Night [In],20731,d8bda4d64d5c959f63c94108bf65f177,6971a782957b0a3608a2399f6e349f19
ヴァルザライズ雅[In],Varza Rising: Grace [In],20732,d8bda4d64d5c959f63c94108bf65f177,b251caf91322d02c7083b5a7cc27325c
ヴァルザライズ鋼[In],Varza Rising: Steel [In],20733,d8bda4d64d5c959f63c94108bf65f177,813fd74b0892e28550efaaf2643756aa
ヴァルザライズ雪[In],Varza Rising: Snow [In],20734,d8bda4d64d5c959f63c94108bf65f177,441892c9a206bbe04c43a9eea7ef8865
ヴァルザライズ影[In],Varza Rising: Shadow [In],20735,d8bda4d64d5c959f63c94108bf65f177,9d802f4d7cc6dc64c223d8ebfcd2b305
リングチャンプＭ[In],Ring Champ M [In],20750,8a0c5c4c5c67ce02ba97ae8cbd70618d,3c50888f2054c3b518310f827b970a9e
リングチャンプＭ紅[In],Ring Champ M: Ruby [In],20751,8a0c5c4c5c67ce02ba97ae8cbd70618d,3333952ec0b0d64c2d2e3eab60fcf227
リングチャンプＭ海[In],Ring Champ M: Sea [In],20752,8a0c5c4c5c67ce02ba97ae8cbd70618d,e95eff607db50484016264e0a1a948ce
リングチャンプＭ雅[In],Ring Champ M: Grace [In],20753,8a0c5c4c5c67ce02ba97ae8cbd70618d,e098d8a18b2b3d84db20a356ea7f54d6
リングチャンプＭ雪[In],Ring Champ M: Snow [In],20754,8a0c5c4c5c67ce02ba97ae8cbd70618d,8d4a719a7cbfe7b613de4a425a6800ad
リングチャンプＭ鋼[In],Ring Champ M: Steel [In],20755,8a0c5c4c5c67ce02ba97ae8cbd70618d,32caa6a0597a0f0565d986b47c403424
ブレイブグローリー[In],Brave Glory [In],20770,acba4673d371bd09ac0d17554f706c46,126504959abd55afe8cdb06d94f0fdae
ブレイブグローリー月[In],Brave Glory: Moon [In],20771,acba4673d371bd09ac0d17554f706c46,08e6a8260870eb0e0c9f92e15d809ca2
ブレイブグローリー海[In],Brave Glory: Sea [In],20772,acba4673d371bd09ac0d17554f706c46,4e0bf96190614a36480de8befd4adc95
ブレイブグローリー葉[In],Brave Glory: Leaf [In],20773,acba4673d371bd09ac0d17554f706c46,ea6a475c4a4954712d8eddae9c46008b
ブレイブグローリー雪[In],Brave Glory: Snow [In],20774,acba4673d371bd09ac0d17554f706c46,4945c627c95c65be8375a36acf6de551
ブレイブグローリー影[In],Brave Glory Shadow [In],20775,acba4673d371bd09ac0d17554f706c46,29cc872f39e05a125feddab4c4963569
ハードエモーション[In],Hardened Emotions [In],20800,3a29d3582503a98a4b65046bc9c9dfaa,2ba9b5e9eba1e644d1bf3db1cb8610fb
ハードエモーション紅[In],Hardened Emotions: Ruby [In],20801,3a29d3582503a98a4b65046bc9c9dfaa,080aecba161bc64301383d35236e4d1a
ハードエモーション海[In],Hardened Emotions: Sea [In],20802,3a29d3582503a98a4b65046bc9c9dfaa,daeae099c30cdfa4397fb8a7d4f20e04
ハードエモーション陽[In],Hardened Emotions: Sun [In],20803,3a29d3582503a98a4b65046bc9c9dfaa,01a929fab52e0d5fb4b600df904b7b26
ハードエモーション雪[In],Hardened Emotions: Snow [In],20804,3a29d3582503a98a4b65046bc9c9dfaa,7878fad8a92d73cdd0dfd3c28c8610fe
ハードエモーション影[In],Hardened Emotions: Shadow [In],20805,3a29d3582503a98a4b65046bc9c9dfaa,18868d90af961519a581891142aaa3f0
レーグルストレイト冬[In],Règle Jacket: Winter [In],20820,1e79be2c3641c245f1a45dc6dccc59bb,957d4d7b9a1da9193bafa326b18992d9
レーグルストレイト静[In],Règle Jacket: Calm [In],20821,1e79be2c3641c245f1a45dc6dccc59bb,d40c3e6a19d1904ad5663802afa8143e
マーシャルレオン冬[In],Martial Leon: Winter [In],20830,ddba3001c3b0b46e2e1d241e749c30cc,312680901131d487dd90ddd75aa905fc
マーシャルレオン影[In],Martial Leon: Shadow [In],20831,ddba3001c3b0b46e2e1d241e749c30cc,b3f405f21b69dd11fcbc3416b052fb2a
フラグメントクラウン冬[In],Royal Remnants: Winter [In],20870,cc1dec38c18c6337e8f12d917be6c454,e8c4d98accbc1976960484f2129494ba
フラグメントクラウン玄[In],Royal Remnants: Enigma [In],20871,cc1dec38c18c6337e8f12d917be6c454,8a5a6581ab98b6e349908f4093ec3904
ノーグライアー玄[In],Nogue Lyra: Enigma [In],20880,a03ad1d6964e586631773e4dbb71541d,96f151c1f2c1ac232fb64f794c378f4a
ノーグライアー雪[In],Nogue Lyra: Snow [In],20881,a03ad1d6964e586631773e4dbb71541d,595f0fde4f588655fec6e9ffa20b6e5e
リムニックヴァンス[In],Limnick Vance [In],20910,7952d069f31902f4c9d783e799f56d93,1edb4aa893618016b0eb408bf09467ec
リムニックヴァンス月[In],Limnick Vance: Moon [In],20911,7952d069f31902f4c9d783e799f56d93,76c88d7fa42a5f5b38d336292a95f762
リムニックヴァンス夜[In],Limnick Vance: Night [In],20912,7952d069f31902f4c9d783e799f56d93,b96dff795c0386ebd951e68e81040f48
リムニックヴァンス葉[In],Limnick Vance: Leaf [In],20913,7952d069f31902f4c9d783e799f56d93,4fba53cca5733204626900e720b43b96
リムニックヴァンス銀[In],Limnick Vance: Silver [In],20914,7952d069f31902f4c9d783e799f56d93,cbc8d1e0b78d624c559ae5a6d5656b03
リムニックヴァンス影[In],Limnick Vance: Shadow [In],20915,7952d069f31902f4c9d783e799f56d93,9ff32dc9545416d608eca70f9615f1dd
クランマラッド[In],Maraud Clan [In],20920,c81139525303d9b57a6cb0d32a5beb4d,7b1ff6c26e9387186d6fb2e517bc524f
クランマラッド夜[In],Maraud Clan: Night [In],20921,c81139525303d9b57a6cb0d32a5beb4d,72cee960e216dea8a7857a8d1d34336d
クランマラッド紅[In],Maraud Clan: Ruby [In],20922,c81139525303d9b57a6cb0d32a5beb4d,2c766c1c9cc7d4d7d12b396c83da5bc4
クランマラッド葉[In],Maraud Clan: Leaf [In],20923,c81139525303d9b57a6cb0d32a5beb4d,84e359203183ecd16a544459a8431734
クランマラッド雪[In],Maraud Clan: Snow [In],20924,c81139525303d9b57a6cb0d32a5beb4d,fede9e216da1deea2e08827320b8db2d
クランマラッド影[In],Maraud Clan: Shadow [In],20925,c81139525303d9b57a6cb0d32a5beb4d,011e6af82e87f0350b84818808535e94
タンクトップ１影[In],Tank Top 1: Shadow [In],20930,44ac35e1c2096b6c0a69d9c2d4e5fb93,89fe82038d2951cca7481db6e19bb637
タンクトップ１夜[In],Tank Top 1: Night [In],20931,44ac35e1c2096b6c0a69d9c2d4e5fb93,445fcbc6677f12102917afc0903e5d1d
[Unnamed 20969],,20969,2b3bba6316e156eb99f3664920b28218,5086702c1e9d6f430209206bb2903509, (Not found)
クラノスアレース[In],Kranos Ares [In],20970,1782b853da34976cd1c1759c8cf16cb5,70b32cf3656aa233e8021a57625a46ef
クラノスアレース雪[In],Kranos Ares: Snow [In],20971,1782b853da34976cd1c1759c8cf16cb5,03803c10266218266ab3df377d324e46
クラノスアレース銀[In],Kranos Ares: Silver [In],20972,1782b853da34976cd1c1759c8cf16cb5,9785e8db9b9c700baf1c5042db51e9bf
クラノスアレース紅[In],Kranos Ares: Ruby [In],20973,1782b853da34976cd1c1759c8cf16cb5,de1598524f27d7d9db135b63138c85d3
クラノスアレース夜[In],Kranos Ares: Night [In],20974,1782b853da34976cd1c1759c8cf16cb5,5f87c1f6e2ff4cc258fed7149567099b
クラノスアレース葉[In],Kranos Ares: Leaf [In],20975,1782b853da34976cd1c1759c8cf16cb5,bea92455d1958e079c8eda8dbc9f7de1
虎咆闘刃鎧[In],Tigerblade Armor [In],21010,244f14cc4119bc8c82be5a36585f179e,7b250127a4d60ff2496a0751db73038a
虎咆闘刃鎧　紅[In],Tigerblade Armor: Ruby [In],21011,244f14cc4119bc8c82be5a36585f179e,7babf51e355653ddaeaf0f5185eac0b1
虎咆闘刃鎧　海[In],Tigerblade Armor: Sea [In],21012,244f14cc4119bc8c82be5a36585f179e,789ea6da2179dbfb46e1eca26fc22e86
虎咆闘刃鎧　鋼[In],Tigerblade Armor: Steel [In],21013,244f14cc4119bc8c82be5a36585f179e,defe16e2239948faee56e0ebf4186877
虎咆闘刃鎧　雪[In],Tigerblade Armor: Snow [In],21014,244f14cc4119bc8c82be5a36585f179e,59c8db4b73c686e9a06a8d3a8469c47d
虎咆闘刃鎧　影[In],Tigerblade Armor: Shadow [In],21015,244f14cc4119bc8c82be5a36585f179e,54ce158b88b464d3553a0721f9d0032d
[Unnamed 21058],,21058,5b9eb5009807d3c4fbdecf142a89145a,ce3205e3be501b0862d1beb3b36c0e06, (Not found)
[Unnamed 21059],,21059,4d9324f0b28a3d1eda95b1b8066251cc,9bd6f3b619908818cf1b1e0f956d229f, (Not found)
ロード戦闘衣Ｍ[In],Lord Battlewear M [In],21100,4653ad717ce7c0fcb7749e8cd441f7e0,2b37cadcb10a925a1102b455ee97da07
ロード戦闘衣Ｍ月[In],Lord Battlewear M: Moon [In],21101,4653ad717ce7c0fcb7749e8cd441f7e0,17f1b873b6cfdd69209607908bef6b51
ロード戦闘衣Ｍ雪[In],Lord Battlewear M: Snow [In],21102,4653ad717ce7c0fcb7749e8cd441f7e0,88afd104443c9c91278103c5bfe9363b
ロード戦闘衣Ｍ鋼[In],Lord Battlewear M: Steel [In],21103,4653ad717ce7c0fcb7749e8cd441f7e0,0c3e46c542fc0b4d2598a89559155de8
ヴェルドアンダー[In],Wey Inner [In],21110,510208ef4a9edbf1d729efe17adef710,6c3b9b9c8b20e452a21444e5d28693be
ヴェルドアンダー雪[In],Wey Inner: Snow [In],21111,510208ef4a9edbf1d729efe17adef710,8da7949da1aafba5a0bae7bbbf3ff4b1
ヴェルドアンダー紅[In],Wey Inner: Ruby [In],21112,510208ef4a9edbf1d729efe17adef710,e2e72fd0b3e27f41b544e67d098e75cd
ヴェルドアンダー鋼[In],Wey Inner: Steel [In],21113,510208ef4a9edbf1d729efe17adef710,ecb9bcce1f0c779aed35caf215e02bab
[Unnamed 21119],,21119,aa6717037efdc8101b129dd3629d3d6d,2f7ecceab3da461890cfec5097d20842, (Not found)
ドンキ パンツ１[In],Donki Trunks 1 [In],21200,8166a2527c9b22bede48615984325366, (Not found),9295a5a89131d2f93185080c9303c5a8, (Not found)
ドンキ パンツ２[In],Donki Trunks 2 [In],21210,7cfaf256f8870d19b229c998845375df, (Not found),ccebb7e0683db0e71dd350f2b7b04b86, (Not found)
ゲッテムハルトの鎧[In],Gettemhult Armor [In],21260,36e8fdc981651f0a42f1061847d790d5,0744acd6fa26f6aabaa3ba576c96ee57
ゲッテムハルトの鎧　紅[In],Gettemhult Armor: Ruby [In],21261,36e8fdc981651f0a42f1061847d790d5,a7a386e35b528024e3698a7a6331a257
ゲッテムハルトの鎧　海[In],Gettemhult Armor: Sea [In],21262,36e8fdc981651f0a42f1061847d790d5,66d27bfc61299141c5959068a5fff2c0
ゲッテムハルトの鎧　影[In],Gettemhult Armor: Shadow [In],21263,36e8fdc981651f0a42f1061847d790d5,9dfad661211dd4cc293d3e9f548f5920
ゲッテムハルトの鎧　雅[In],Gettemhult Armor: Grace [In],21264,36e8fdc981651f0a42f1061847d790d5,39489959a3fa39e0ff18cbdfc0e78eed
ゲッテムハルトの鎧　雪[In],Gettemhult Armor: Snow [In],21265,36e8fdc981651f0a42f1061847d790d5,e4031858fda3ef6e67188c9829ff1ad4
[Unnamed 21269],,21269,5fd69c1302ba00a8fa6eb222ea115b47,c15250946ef9130609e5f9c9c75228c6, (Not found)
バルクスタータ[In],Monumental Agent [In],21410,627d1702daace6196a18ee6d6311951f,468df816bdab5da480cfa28319f07abc
バルクスタータ影[In],Monumental Agent: Shadow [In],21411,627d1702daace6196a18ee6d6311951f,bd56fcf0975d387332e41181da75cee6
バルクスタータ紅[In],Monumental Agent: Ruby [In],21412,627d1702daace6196a18ee6d6311951f,20404ac81b9b05904d7ce69ee0ce58e7
バルクスタータ雪[In],Monumental Agent: Snow [In],21413,627d1702daace6196a18ee6d6311951f,812702ae88868a068d7f1167fcca9d2c
バルクスタータ陽[In],Monumental Agent: Sun [In],21414,627d1702daace6196a18ee6d6311951f,01682ce2aede1ca80d45970df8da5147
バルクスタータ鋼[In],Monumental Agent: Steel [In],21415,627d1702daace6196a18ee6d6311951f,1d58e3241907c662af344802c9e4b9b8
レクイエムバインド[In],Restrained Requiem [In],21490,d13a7262a0396dadb0f87ff693007547,abcaab7091b93561a495a21c76b60a96
レクイエムバインド雪[In],Restrained Requiem: Snow [In],21491,d13a7262a0396dadb0f87ff693007547,4b870b94818d1ecae571483c442467db
レクイエムバインド月[In],Restrained Requiem: Moon [In],21492,d13a7262a0396dadb0f87ff693007547,ed4d9bd2f0d900b7a9c7a0eb75767ebe
レクイエムバインド海[In],Restrained Requiem: Sea [In],21493,d13a7262a0396dadb0f87ff693007547,73358f5ebf603c05c32afd32414cdef5
レクイエムバインド雅[In],Restrained Requiem: Grace [In],21494,d13a7262a0396dadb0f87ff693007547,da2f63899e8bb78a6fae779ffcc50cfe
レクイエムバインド陽[In],Restrained Requiem: Sun [In],21495,d13a7262a0396dadb0f87ff693007547,6fc8623e113df818bfb2baf9759ff035
ドラグニカクロス[In],Dragnica Cross [In],21510,3d7e3b11d1f7ee9bf2e95fac8a3c5bb2,86968ea95da4f975f300466c694196c8
ドラグニカクロス紅[In],Dragnica Cross: Ruby [In],21511,3d7e3b11d1f7ee9bf2e95fac8a3c5bb2,9717853f904d401a4787b099ac39e4d1
ドラグニカクロス銀[In],Dragnica Cross: Silver [In],21512,3d7e3b11d1f7ee9bf2e95fac8a3c5bb2,655979316c34addee6a34b927917bfc4
ドラグニカクロス夜[In],Dragnica Cross: Night [In],21513,3d7e3b11d1f7ee9bf2e95fac8a3c5bb2,a02d742faed00af676893ce3fd0f535b
ドラグニカクロス雪[In],Dragnica Cross: Snow [In],21514,3d7e3b11d1f7ee9bf2e95fac8a3c5bb2,e57090e4abf53ca56c831b5ded7da882
ドラグニカクロス影[In],Dragnica Cross: Shadow [In],21515,3d7e3b11d1f7ee9bf2e95fac8a3c5bb2,35ead3c66ecc59eb52010c78bb9601c4
クエントロパンツ[In],Cuentoro Pants [In],21520,ee8f3bd6ed9b36b17d0d4549153b3399,5f1fe3e63369f679c3435471c12f53f5
クエントロパンツ紅[In],Cuentoro Pants: Ruby [In],21521,ee8f3bd6ed9b36b17d0d4549153b3399,f6d2607f0edc6dd8bbfb3f7713828172
クエントロパンツ夜[In],Cuentoro Pants: Night [In],21522,ee8f3bd6ed9b36b17d0d4549153b3399,225652d7947291447bc48e7ebe861cd9
クエントロパンツ栗[In],Cuentoro Pants: Hazel [In],21523,ee8f3bd6ed9b36b17d0d4549153b3399,1397eb23fd6bcf1d5695da8c042f782e
クエントロパンツ葉[In],Cuentoro Pants: Leaf [In],21524,ee8f3bd6ed9b36b17d0d4549153b3399,6dd0e1fd9d65a73345735bf42078480d
クエントロパンツ影[In],Cuentoro Pants: Shadow [In],21525,ee8f3bd6ed9b36b17d0d4549153b3399,75c4d9e753054a86a23f522c1b478c28
ルーサーの正礼装[In],Luther Regalia [In],21530,e1b1aab59c5d717fa450bfc6fcdde095,9d436c8f44a0a3aac4f64c57d54b367a
ルーサーの正礼装　紅[In],Luther Regalia: Ruby [In],21531,e1b1aab59c5d717fa450bfc6fcdde095,0f769692eacd1926a679f16036708ad3
ルーサーの正礼装　月[In],Luther Regalia: Moon [In],21532,e1b1aab59c5d717fa450bfc6fcdde095,e6ef56fd82157334b5a0839d83549ef0
ルーサーの正礼装　葉[In],Luther Regalia: Leaf [In],21533,e1b1aab59c5d717fa450bfc6fcdde095,23d5e5b0e13ed8b17d958305f7207263
ルーサーの正礼装　雪[In],Luther Regalia: Snow [In],21534,e1b1aab59c5d717fa450bfc6fcdde095,f8443119c8edf3f628a0cb523400d1c8
ルーサーの正礼装　影[In],Luther Regalia: Shadow [In],21535,e1b1aab59c5d717fa450bfc6fcdde095,6a017ea67737edd06f3bb9678e6939dd
イービルテラー[In],Diabolic Terror [In],21610,b11aa28f8394e2da0b6c831a3eff5256,e652d4b99d5cc8f4461f463a906f44f2
イービルテラー紅[In],Diabolic Terror: Ruby [In],21611,b11aa28f8394e2da0b6c831a3eff5256,ed78c4f9ae138a44f7334813618c4122
イービルテラー夜[In],Diabolic Terror: Night [In],21612,b11aa28f8394e2da0b6c831a3eff5256,b3149cda70a389a7e043b79b64e7c193
イービルテラー葉[In],Diabolic Terror: Leaf [In],21613,b11aa28f8394e2da0b6c831a3eff5256,825a8159ff78675500cba4795069cb71
イービルテラー雪[In],Diabolic Terror: Snow [In],21614,b11aa28f8394e2da0b6c831a3eff5256,2049550ba548b3407b8dcf34545c4278
イービルテラー影[In],Diabolic Terror: Shadow [In],21615,b11aa28f8394e2da0b6c831a3eff5256,eaf1c5df814f304ccf4322aa4d9148f2
ツバサエクセレント[In],Winged Excellence [In],21620,3bec69c369d0e9e46f9cde003e996131,50aa273f998b7d46bf2f9f3a81a18b41
ツバサエクセレント影[In],Winged Excellence: Shadow [In],21621,3bec69c369d0e9e46f9cde003e996131,7118bd433039b2633e1bf55e8dfdb39a
ツバサエクセレント紅[In],Winged Excellence: Ruby [In],21622,3bec69c369d0e9e46f9cde003e996131,2b3390d929d0d5d19d7b29558dd77f8d
ツバサエクセレント夜[In],Winged Excellence: Night [In],21623,3bec69c369d0e9e46f9cde003e996131,32f3c32cea4eb826f515c639617f89c3
ツバサエクセレント空[In],Winged Excellence: Sky [In],21624,3bec69c369d0e9e46f9cde003e996131,06c0bdc5a489e7a0ee0374b2f5aa82dd
スミシークロース[In],Smithy Clothes [In],21720,0324658e9742c7e667670152e5e084a8,57746557c1be378f301435cd9482c1e7
スミシークロース雪[In],Smithy Clothes: Snow [In],21721,0324658e9742c7e667670152e5e084a8,4129f97fc866c31e4a28057587a9b3fe
スミシークロース影[In],Smithy Clothes: Shadow [In],21722,0324658e9742c7e667670152e5e084a8,80284e4d724dbbab0eb76f0fad17740e
スミシークロース海[In],Smithy Clothes: Sea [In],21723,0324658e9742c7e667670152e5e084a8,0ed57660000ce01edb1e613bdfbcf36e
スミシークロース紅[In],Smithy Clothes: Ruby [In],21724,0324658e9742c7e667670152e5e084a8,d04ceaea861e048d486b43c4bb327d56
スミシークロース葉[In],Smithy Clothes: Leaf [In],21725,0324658e9742c7e667670152e5e084a8,632cc09be731d367343c1d96a31e12ea
ペイントタンク[In],Painted Tank Top [In],21820,eedace018038e8db0f2af7122b628317,160db5f0aa9d387f4d39908d55b90747
ペイントタンク夜[In],Painted Tank Top: Night [In],21821,eedace018038e8db0f2af7122b628317,e148fc5abfd34a4141de5593696840d0
ペイントタンク雪[In],Painted Tank Top: Snow [In],21822,eedace018038e8db0f2af7122b628317,6ff771bfb4f75e486eed2c63b0bd8649
ペイントタンク月[In],Painted Tank Top: Moon [In],21823,eedace018038e8db0f2af7122b628317,117ed162127027403c9ed6fef9ed28a8
ペイントタンク影[In],Painted Tank Top: Shadow [In],21824,eedace018038e8db0f2af7122b628317,d39c02c865d08cf2418f835e31612f5f
ペイントタンク桜[In],Painted Tank Top: Sakura [In],21825,eedace018038e8db0f2af7122b628317,944273d5461c87e5ee5030f63de39e81
リーハジャウワール[In],Riha Jauwarl [In],21830,e825e946c6b55ddb5ea61cb0e07e7c54,069c79c8c65ef439e003d455115644fc
リーハジャウワール紅[In],Riha Jauwarl: Ruby [In],21831,e825e946c6b55ddb5ea61cb0e07e7c54,8b83cdd4f3fa7ea3b085806ae194ea8a
リーハジャウワール影[In],Riha Jauwarl: Shadow [In],21832,e825e946c6b55ddb5ea61cb0e07e7c54,8663a6605d70969239fd309b2fc7cfcb
リーハジャウワール雪[In],Riha Jauwarl: Snow [In],21833,e825e946c6b55ddb5ea61cb0e07e7c54,05dc67a57a41d52b6c1c4e47903b40ab
リーハジャウワール夜[In],Riha Jauwarl: Night [In],21834,e825e946c6b55ddb5ea61cb0e07e7c54,82e38b8133722442faed1d59f92fbe92
リーハジャウワール月[In],Riha Jauwarl: Moon [In],21835,e825e946c6b55ddb5ea61cb0e07e7c54,a3b4bc092d66a817a88f34d90fab7c68
東衣真君[In],Eastern Sorcerer [In],21840,87056124c6d382ddc2d7b3634f1fcba9,944030fa76823f4e8bcf579011353329
東衣真君　夜[In],Eastern Sorcerer: Night [In],21841,87056124c6d382ddc2d7b3634f1fcba9,aed5d5acc4640aa32e2a856367c4822f
東衣真君　陽[In],Eastern Sorcerer: Sun [In],21842,87056124c6d382ddc2d7b3634f1fcba9,48de090011a6f2396deb2e210ba59f33
東衣真君　紅[In],Eastern Sorcerer: Ruby [In],21843,87056124c6d382ddc2d7b3634f1fcba9,0e02174517a48948c4c52be9f44168f5
東衣真君　雪[In],Eastern Sorcerer: Snow [In],21844,87056124c6d382ddc2d7b3634f1fcba9,e6f870ffee9af4d10f7862458c80ee23
東衣真君　影[In],Eastern Sorcerer: Shadow [In],21845,87056124c6d382ddc2d7b3634f1fcba9,3e1ba4acf4831da08209189f4786e882
ビターシムーン[In],Bitter Simoon [In],22160,8aa7a33e74f7bba632fea1f6152a8be7,723800faf1cf189ff10a4b4d8d1c2895
ビターシムーン夜[In],Bitter Simoon: Night [In],22161,8aa7a33e74f7bba632fea1f6152a8be7,8d40ea3d6512a0ad066be444a9607f39
ビターシムーン雅[In],Bitter Simoon: Grace [In],22162,8aa7a33e74f7bba632fea1f6152a8be7,384150a70be4e5c262482b6afa4f71ae
ビターシムーン栗[In],Bitter Simoon: Hazel [In],22163,8aa7a33e74f7bba632fea1f6152a8be7,887ad68a6fd7360b54e70c6e4d098d9c
ビターシムーン雪[In],Bitter Simoon: Snow [In],22164,8aa7a33e74f7bba632fea1f6152a8be7,25de0a497ec0b7c88b57ec13379b3929
ビターシムーン紅[In],Bitter Simoon: Ruby [In],22165,8aa7a33e74f7bba632fea1f6152a8be7,c2603077bf47cf5b60adb92a1503863f
リスティボワーヌ[In],Risty Boynes [In],22170,25c7d057f375aa904353631b31337025,0b1eb2802671c7c200d66ab39fe2e0a8
リスティボワーヌ夜[In],Risty Boynes: Night [In],22171,25c7d057f375aa904353631b31337025,daf4dbcdd47226eed8a858a4a750bb32
リスティボワーヌ影[In],Risty Boynes: Shadow [In],22172,25c7d057f375aa904353631b31337025,34880e964a5c99a393a058c37139bb79
リスティボワーヌ紅[In],Risty Boynes: Ruby [In],22173,25c7d057f375aa904353631b31337025,752af74fdb2cdbadce5371f086bc25f8
リスティボワーヌ鋼[In],Risty Boynes: Steel [In],22174,25c7d057f375aa904353631b31337025,576d7454a4aaeab922f32a0bde28e1cb
リスティボワーヌ雅[In],Risty Boynes: Grace [In],22175,25c7d057f375aa904353631b31337025,560ad1b7ad2917ba196780ecb0373bb3
妖異奇聞禄[In],Occultic [In],22180,72d7ecc21baa8fa74af364be19df0903,c704798e2fe2faf35b2b3d017f287fca
妖異奇聞禄　紅[In],Occultic: Ruby [In],22181,72d7ecc21baa8fa74af364be19df0903,1309f55e2775207b2e1cb78301276682
妖異奇聞禄　雅[In],Occultic: Grace [In],22182,72d7ecc21baa8fa74af364be19df0903,6727d4fd9885dd12f1ed86d31eef8728
妖異奇聞禄　夜[In],Occultic: Night [In],22183,72d7ecc21baa8fa74af364be19df0903,eccbb580d7c1ea7d240da00d909ecd6d
妖異奇聞禄　栗[In],Occultic: Hazel [In],22184,72d7ecc21baa8fa74af364be19df0903,d90eeee75bdf965a1df37ca48d776b6c
妖異奇聞禄　雪[In],Occultic: Snow [In],22185,72d7ecc21baa8fa74af364be19df0903,45fc7c3dc359181ff4183ab9f685c043
アデインリュデル[In],Adhein Ludel [In],22360,a50baa38917bdbf501ff3efb6e7dc60c,f986721046fa054ed333fdf260e7633c
アデインリュデル紅[In],Adhein Ludel: Ruby [In],22361,a50baa38917bdbf501ff3efb6e7dc60c,ce0572c08e0e72b602daa8a2b98a6ced
アデインリュデル海[In],Adhein Ludel: Sea [In],22362,a50baa38917bdbf501ff3efb6e7dc60c,c241aff9de21f5658c116545634073ef
アデインリュデル葉[In],Adhein Ludel: Leaf [In],22363,a50baa38917bdbf501ff3efb6e7dc60c,6de77ae36e5be7b9b9dec36d6f8973cf
アデインリュデル雪[In],Adhein Ludel: Snow [In],22364,a50baa38917bdbf501ff3efb6e7dc60c,53dc9b74f9f334525e9a7556b9a77a64
アデインリュデル影[In],Adhein Ludel: Shadow [In],22365,a50baa38917bdbf501ff3efb6e7dc60c,196b4013ae1e55d1351a4fd2fa50ffe7
[Unnamed 22519],,22519,75206a11b2c783d92ba9561230a23f88,970bfb53c9d6a11ac675192bff001682, (Not found)
[Unnamed 22579],,22579,1c3555e32418e5d82cbd9cf2a0d2e7be,63fae445226a671846a981a36b5e435f, (Not found)
シャルフヴィント[In],Scharf Vinto [In],22630,34d0d1eaa5e9aa6266b12bbeccba73ca,6adf546e785be3981e70302cd0bbce15
シャルフヴィント紅[In],Scharf Vinto: Ruby [In],22631,34d0d1eaa5e9aa6266b12bbeccba73ca,499eec86cf76e3a5e31b0d889b654e31
シャルフヴィント雅[In],Scharf Vinto: Grace [In],22632,34d0d1eaa5e9aa6266b12bbeccba73ca,43a748711c3b2bf86f963142eaa86719
シャルフヴィント雪[In],Scharf Vinto: Snow [In],22633,34d0d1eaa5e9aa6266b12bbeccba73ca,c2d4a7ce208e05d75804ec3d8da93a42
シャルフヴィント影[In],Scharf Vinto: Shadow [In],22634,34d0d1eaa5e9aa6266b12bbeccba73ca,4fb460dfa37adb2a7f990e72b0f6a314
シャルフヴィント陽[In],Scharf Vinto: Sun [In],22635,34d0d1eaa5e9aa6266b12bbeccba73ca,359d405238d7e220b7d753d55acdc2cc
[Unnamed 22639],,22639,2125f1e36d428844af85c962432be998,1e4429e51d9e5db8da140ee577167fbb, (Not found)
エヴィルイクシーダ[In],Eville Exceeder [In],22640,5e6d6214d133ffa4a8e59d70b09aac59,7650c14f1a4bc1c3693a4a01be285d6b
エヴィルイクシーダ夜[In],Eville Exceeder: Night [In],22641,5e6d6214d133ffa4a8e59d70b09aac59,c4becdcaf9783cf2faebe11117a693e3
エヴィルイクシーダ雅[In],Eville Exceeder: Grace [In],22642,5e6d6214d133ffa4a8e59d70b09aac59,de97592b64f657ff0f2182e724586c37
エヴィルイクシーダ紅[In],Eville Exceeder: Ruby [In],22643,5e6d6214d133ffa4a8e59d70b09aac59,9951eb4b5c17a69878f8dfe3b6b3ea06
エヴィルイクシーダ雪[In],Eville Exceeder: Snow [In],22644,5e6d6214d133ffa4a8e59d70b09aac59,760a1df6f9c48d555715dfa08d489de4
エヴィルイクシーダ栗[In],Eville Exceeder: Hazel [In],22645,5e6d6214d133ffa4a8e59d70b09aac59,b550e0a8d989f0da68d2dec80e026f9e
タクティカルアンダー[In],Tactical Underwear [In],22730,e3ca48ea33e08172ef57a93d119aa3f2,a35b57556b80b8860726016e4cc41e94
タクティカルアンダー葉[In],Tactical Underwear: Leaf [In],22731,e3ca48ea33e08172ef57a93d119aa3f2,57004dd6c2c35a215d8ac96f3a9982a6
タクティカルアンダー紅[In],Tactical Underwear: Ruby [In],22732,e3ca48ea33e08172ef57a93d119aa3f2,7296e7e4e399fd93385394dd298ce76f
タクティカルアンダー栗[In],Tactical Underwear: Hazel [In],22733,e3ca48ea33e08172ef57a93d119aa3f2,b821801a3b94613b693fe441abf8be45
タクティカルアンダー雪[In],Tactical Underwear: Snow [In],22734,e3ca48ea33e08172ef57a93d119aa3f2,9971a8ca78555dfc1f2b9f82fea1b582
タクティカルアンダー影[In],Tactical Underwear: Shadow [In],22735,e3ca48ea33e08172ef57a93d119aa3f2,11ae4292dc31c6efb4fccb42664a1dd7
フルドレスデピュティ[In],Full-dress Deputy [In],22740,633312181834e7ce51a3df5f610012f3,df80b52b26367a59654a21fd65e12380
フルドレスデピュティ紅[In],Full-dress Deputy: Ruby [In],22741,633312181834e7ce51a3df5f610012f3,90e5e308af5523969e9c68b904dca299
フルドレスデピュティ夜[In],Full-dress Deputy: Night [In],22742,633312181834e7ce51a3df5f610012f3,093b99d302e93ccc687a047d85879b16
フルドレスデピュティ鋼[In],Full-dress Deputy: Steel [In],22743,633312181834e7ce51a3df5f610012f3,8b9f80c1a50ceba92135ef79f2654db7
フルドレスデピュティ雪[In],Full-dress Deputy: Snow [In],22744,633312181834e7ce51a3df5f610012f3,ab4079acf9fc6508c7d11056a75840ba
フルドレスデピュティ雅[In],Full-dress Deputy: Grace [In],22745,633312181834e7ce51a3df5f610012f3,d09638aac797a285c98320ee91ad4e4a
[Unnamed 22749],,22749,c7ef8712b6d77cf7f8032024ae6a33a3,2664f8b46fd7f48204cdc697c17cca36, (Not found)
シャープオーダー[In],Stylish Commission [In],22750,cd88ce0096379f538133b52cb858a642,c80e50c11e9ef2652a79208469f14583
シャープオーダー雪[In],Stylish Commission: Snow [In],22751,cd88ce0096379f538133b52cb858a642,9d5fac993d7b5ebe05fe16c28ca6ff7c
シャープオーダー紅[In],Stylish Commission: Ruby [In],22752,cd88ce0096379f538133b52cb858a642,f9f9a8bb3958120f1b38d0f32dcbed60
シャープオーダー陽[In],Stylish Commission: Sun [In],22760,112bea759688dfd3f50933a74ebb2c8e,d39d6f9774415a418796376e241d8d5b
シャープオーダー影[In],Stylish Commission: Shadow [In],22761,112bea759688dfd3f50933a74ebb2c8e,f3c338d5dd6089a99e2a1b02de5d0fbf
シャープオーダー夜[In],Stylish Commission: Night [In],22762,112bea759688dfd3f50933a74ebb2c8e,63321866ba0518a0a50a0d8a6b05417e
ジュウオームジン[In],Juoh Mujin [In],23040,dddca90e0b78eb37e6efc1a2861bff2c,0298d15ada2158317434d40e6446a6a1
ジュウオームジン空[In],Juoh Mujin: Sky [In],23041,dddca90e0b78eb37e6efc1a2861bff2c,fc5fb7d37e3a43cdc01f22891669424b
ジュウオームジン影[In],Juoh Mujin: Shadow [In],23042,dddca90e0b78eb37e6efc1a2861bff2c,b0d37cecd2251f06978e4fddb7af7e1a
ジュウオームジン鋼[In],Juoh Mujin: Steel [In],23043,dddca90e0b78eb37e6efc1a2861bff2c,beeaef544beb5ea8a49c6d043e10a9b6
ジュウオームジン月[In],Juoh Mujin: Moon [In],23044,dddca90e0b78eb37e6efc1a2861bff2c,cb3e2bf87921e74a22af7c7e0b057bfc
ジュウオームジン栗[In],Juoh Mujin: Hazel [In],23045,dddca90e0b78eb37e6efc1a2861bff2c,698ae7c52fd0174cb3040a242457a6d3
ブルートイロジオン[In],Brute Irogeon [In],23070,bfe686c44043eb724ebc2a3ba3c6a386,5255c5831fe1e022856658bbf30e2b9a
ブルートイロジオン紅[In],Brute Irogeon: Ruby [In],23071,bfe686c44043eb724ebc2a3ba3c6a386,9293ea65bb622fddd3a24bf767a3deee
ブルートイロジオン夜[In],Brute Irogeon: Night [In],23072,bfe686c44043eb724ebc2a3ba3c6a386,a7b12580c7ea3d219bbf9f7efcaca25f
ブルートイロジオン雪[In],Brute Irogeon: Snow [In],23073,bfe686c44043eb724ebc2a3ba3c6a386,873f0fcb701701e2b13c302ce008378d
ブルートイロジオン栗[In],Brute Irogeon: Hazel [In],23074,bfe686c44043eb724ebc2a3ba3c6a386,ef7635b75b376d42f79c2d85db7241d0
ブルートイロジオン陽[In],Brute Irogeon: Sun [In],23075,bfe686c44043eb724ebc2a3ba3c6a386,28f72fb5f4e85f58b1ce65da3aa4cd41
ロードゥファンガス[In],L'eau D' Fungus [In],23410,1883934f58014816f69283d59379a02c,fdae5fe2bbf5ab44127a4fa5950df9ae
ロードゥファンガス影[In],L'eau D' Fungus: Shadow [In],23411,1883934f58014816f69283d59379a02c,e8635e3de7af6c963b92cb4173517d1f
ロードゥファンガス紅[In],L'eau D' Fungus: Ruby [In],23412,1883934f58014816f69283d59379a02c,172089be265b6ad92b0730cb68d53c9a
ロードゥファンガス雅[In],L'eau D' Fungus: Grace [In],23413,1883934f58014816f69283d59379a02c,79dd4bdc716a63617829599d02dab7fe
ロードゥファンガス雪[In],L'eau D' Fungus: Snow [In],23414,1883934f58014816f69283d59379a02c,14603db06fb119b40e83f476214ba416
ロードゥファンガス栗[In],L'eau D' Fungus: Hazel [In],23415,1883934f58014816f69283d59379a02c,6f22332e510b6263ab8fa395386bf2d7
エスレフィクス[In],Es Refix [In],23430,08fe139cf32416681bb6322fc9a45e7c,374e5c55c39b1956b426d3b0a19c5755
エスレフィクス夜[In],Es Refix: Night [In],23431,08fe139cf32416681bb6322fc9a45e7c,acc9fa2b197623d130fe32cbde303176
エスレフィクス雪[In],Es Refix: Snow [In],23432,08fe139cf32416681bb6322fc9a45e7c,1ace4a0c3e8d0ee9c3bad31fbc145894
エスレフィクス葉[In],Es Refix: Leaf [In],23433,08fe139cf32416681bb6322fc9a45e7c,b986a4e59f5250d5d5aa4a7ba1bd6fc3
エスレフィクス雅[In],Es Refix: Grace [In],23434,08fe139cf32416681bb6322fc9a45e7c,0775a28b45d3b3ea370921465cb9bad0
エスレフィクス影[In],Es Refix: Shadow [In],23435,08fe139cf32416681bb6322fc9a45e7c,cf2a7b4dcd5a7a5d95dc1d4be03f0a5f
ジャスパーＣ・レプカ[In],Jasper C Replica [In],23470,299275e6198b6a0425167e33c8685246,5112c7242c2a8583a26c1eef6272428b
ジャスパーＣ・レプカ紅[In],Jasper C Replica: Ruby [In],23471,299275e6198b6a0425167e33c8685246,46168a23d86a88072a6789cde14c6573
ジャスパーＣ・レプカ海[In],Jasper C Replica: Sea [In],23472,299275e6198b6a0425167e33c8685246,aac746943fcd641977bf4deebbb76621
ジャスパーＣ・レプカ影[In],Jasper C Replica: Shadow [In],23473,299275e6198b6a0425167e33c8685246,810d890317b7ba92a2f757793752e056
ジャスパーＣ・レプカ雪[In],Jasper C Replica: Snow [In],23474,299275e6198b6a0425167e33c8685246,1b1e705c7a74743a339c3c9d58d7c7c8
ジャスパーＣ・レプカ栗[In],Jasper C Replica: Hazel [In],23475,299275e6198b6a0425167e33c8685246,0c5ade7407f780d074fbba029ebaa7c8
ゼルドナチェイサー[In],Zeldna Chaser [In],23650,dd999bf58bf858d0961098d2735cd2a4,704667affed5ce361ff8ea086f0f2439
ゼルドナチェイサー陽[In],Zeldna Chaser: Sun [In],23651,dd999bf58bf858d0961098d2735cd2a4,cd05a6b4935e4d74453c1c947a22863f
サードゥオゾレル[In],Sardhuo Zorel [In],23840,db469695399685a312b823b2562ed424,71d0bc44195ce6ed08a7f82ac411d0f3
サードゥオゾレル海[In],Sardhuo Zorel: Sea [In],23841,db469695399685a312b823b2562ed424,e328d554987d6d3f7ebb9ad620b10f10
サードゥオゾレル葉[In],Sardhuo Zorel: Leaf [In],23842,db469695399685a312b823b2562ed424,e7e33b21013c4b50e4a28a8cd17e97ed
サードゥオゾレル栗[In],Sardhuo Zorel: Hazel [In],23843,db469695399685a312b823b2562ed424,d8e84d2b16c1000732eb126482c60f3d
サードゥオゾレル雅[In],Sardhuo Zorel: Grace [In],23844,db469695399685a312b823b2562ed424,0f8bb5b7349597a3ae5051d1cd217bbb
サードゥオゾレル雪[In],Sardhuo Zorel: Snow [In],23845,db469695399685a312b823b2562ed424,72a04240886fe9e7c8a302ec7099c636
ブレイクゲザング[In],Broken Gesang [In],23900,a6396c13c12218c2c22b22908e747d1e,d5603811164213e0a0f2be24406efcdc
ブレイクゲザング紅[In],Broken Gesang: Ruby [In],23901,a6396c13c12218c2c22b22908e747d1e,43d89c194037bb863e5076ee967204bc
ブレイクゲザング夜[In],Broken Gesang: Night [In],23902,a6396c13c12218c2c22b22908e747d1e,9250e7ab7a0d37af71cc83d0870dd8d3
ブレイクゲザング雪[In],Broken Gesang: Snow [In],23903,a6396c13c12218c2c22b22908e747d1e,f050349f4219fe35cb57d07c726ecead
ブレイクゲザング雅[In],Broken Gesang: Grace [In],23904,a6396c13c12218c2c22b22908e747d1e,ffacd6d0e7f23446c802c78e9421f08d
ブレイクゲザング栗[In],Broken Gesang: Hazel [In],23905,a6396c13c12218c2c22b22908e747d1e,e5b29ed41451252a1a9d23b2dc7c02c0
ヴァルナ戦闘衣[In],Varuna's Attire [In],24100,86907fe7dfcb5b3acbd64bac054a65bc,8ea0099b81b69263953e11aec852e3c2
ヴァルナ戦闘衣　雪[In],Varuna's Attire: Snow [In],24101,86907fe7dfcb5b3acbd64bac054a65bc,fb7f072ded7b944230122d3cef41e461
ヴァルナ戦闘衣　陽[In],Varuna's Attire: Sun [In],24102,86907fe7dfcb5b3acbd64bac054a65bc,84537d4cd4609bbbc8789e9fc278fbbe
ヴァルナ戦闘衣　紅[In],Varuna's Attire: Ruby [In],24103,86907fe7dfcb5b3acbd64bac054a65bc,0f60c06f987dee63c531a3aee3ac1608
ヴァルナ戦闘衣　夜[In],Varuna's Attire: Night [In],24104,86907fe7dfcb5b3acbd64bac054a65bc,9fa3b19c1ba6702ce66b47448567ba5f
ヴァルナ戦闘衣　雅[In],Varuna's Attire: Grace [In],24105,86907fe7dfcb5b3acbd64bac054a65bc,4e48baadabc63a52f7a5a51ae98ee113
[Unnamed 29990],,29990,b68573dc963b85e9a69e057cbfd10981,0f6940d1a49243d3ea2ae1a4202cdd6a, (Not found)
